﻿<?xml version="1.0" encoding="UTF-8"?>
<manifest identifier="ID_edcd2993-66f8-4e32-9555-8b228aa07d09" xmlns="http://www.imsglobal.org/xsd/imscp_v1p1" xmlns:imsqti="http://www.imsglobal.org/xsd/imsqti_v2p1" xmlns:xsi="http://www.w3.org/2001/XMLSchema-instance" xsi:schemaLocation="http://ltsc.ieee.org/xsd/LOM http://www.imsglobal.org/xsd/imsmd_loose_v1p3p2.xsd http://www.imsglobal.org/xsd/imsqti_metadata_v2p1 http://www.imsglobal.org/xsd/qti/qtiv2p1/imsqti_metadata_v2p1p1.xsd http://www.imsglobal.org/xsd/imscp_v1p1 http://www.imsglobal.org/xsd/qti/qtiv2p1/qtiv2p1_imscpv1p2_v1p0.xsd http://www.imsglobal.org/xsd/imsqti_v2p1 http://www.imsglobal.org/xsd/qti/qtiv2p1/imsqti_v2p1p2.xsd">
  <metadata>
    <schema>QTIv2.1 Package</schema>
    <schemaversion>1.0.0</schemaversion>
    <lom xmlns="http://ltsc.ieee.org/xsd/LOM">
      <general>
        <title>
          <string>Chapter 10: Employee Satisfaction and Commitment</string>
        </title>
        <language>en</language>
      </general>
      <metaMetadata xmlns="http://ltsc.ieee.org/xsd/LOM">
        <metadataschema>LOMv1.0</metadataschema>
        <metadataschema>QTIv2.1</metadataschema>
        <language>en</language>
      </metaMetadata>
    </lom>
  </metadata>
  <organizations />
  <resources>
    <resource identifier="ID_QTIExport_Resource_0" type="imsqti_item_xmlv2p1" href="Q0_Multiple_Choice.xml">
      <metadata>
        <lom xmlns="http://ltsc.ieee.org/xsd/LOM">
          <general>
            <title>
              <string>______ is the attitude an employee has toward their job and ______ is the extent to which an employee identifies with and is involved with an organization.</string>
            </title>
          </general>
          <educational>
            <description>
              <string>The Future Physician Shortage</string>
            </description>
            <intendedEndUserRole>
              <value>teacher</value>
            </intendedEndUserRole>
            <context />
          </educational>
          <imsqti:qtiMetadata>
            <imsqti:interactionType>choiceInteraction</imsqti:interactionType>
            <imsqti:itemTemplate>false</imsqti:itemTemplate>
            <imsqti:timeDependent>false</imsqti:timeDependent>
            <imsqti:composite>false</imsqti:composite>
            <imsqti:solutionAvailable>true</imsqti:solutionAvailable>
            <imsqti:feedbackType>none</imsqti:feedbackType>
          </imsqti:qtiMetadata>
        </lom>
      </metadata>
      <file href="Q0_Multiple_Choice.xml" />
    </resource>
    <resource identifier="ID_QTIExport_Resource_1" type="imsqti_item_xmlv2p1" href="Q1_Multiple_Choice.xml">
      <metadata>
        <lom xmlns="http://ltsc.ieee.org/xsd/LOM">
          <general>
            <title>
              <string>Job satisfaction is most related to performance in:</string>
            </title>
          </general>
          <educational>
            <description>
              <string>The Future Physician Shortage</string>
            </description>
            <intendedEndUserRole>
              <value>teacher</value>
            </intendedEndUserRole>
            <context />
          </educational>
          <imsqti:qtiMetadata>
            <imsqti:interactionType>choiceInteraction</imsqti:interactionType>
            <imsqti:itemTemplate>false</imsqti:itemTemplate>
            <imsqti:timeDependent>false</imsqti:timeDependent>
            <imsqti:composite>false</imsqti:composite>
            <imsqti:solutionAvailable>true</imsqti:solutionAvailable>
            <imsqti:feedbackType>none</imsqti:feedbackType>
          </imsqti:qtiMetadata>
        </lom>
      </metadata>
      <file href="Q1_Multiple_Choice.xml" />
    </resource>
    <resource identifier="ID_QTIExport_Resource_2" type="imsqti_item_xmlv2p1" href="Q2_Multiple_Choice.xml">
      <metadata>
        <lom xmlns="http://ltsc.ieee.org/xsd/LOM">
          <general>
            <title>
              <string>Job satisfaction is most related to:</string>
            </title>
          </general>
          <educational>
            <description>
              <string>The Future Physician Shortage</string>
            </description>
            <intendedEndUserRole>
              <value>teacher</value>
            </intendedEndUserRole>
            <context />
          </educational>
          <imsqti:qtiMetadata>
            <imsqti:interactionType>choiceInteraction</imsqti:interactionType>
            <imsqti:itemTemplate>false</imsqti:itemTemplate>
            <imsqti:timeDependent>false</imsqti:timeDependent>
            <imsqti:composite>false</imsqti:composite>
            <imsqti:solutionAvailable>true</imsqti:solutionAvailable>
            <imsqti:feedbackType>none</imsqti:feedbackType>
          </imsqti:qtiMetadata>
        </lom>
      </metadata>
      <file href="Q2_Multiple_Choice.xml" />
    </resource>
    <resource identifier="ID_QTIExport_Resource_3" type="imsqti_item_xmlv2p1" href="Q3_Multiple_Choice.xml">
      <metadata>
        <lom xmlns="http://ltsc.ieee.org/xsd/LOM">
          <general>
            <title>
              <string>Russell was out of work for 9 months before being hired by Midwest Medical Supplies. Midwest has treated Russell well, gave him a raise during a time in which the company was losing money, and sent him to several expensive training programs to help his car</string>
            </title>
          </general>
          <educational>
            <description>
              <string>The Future Physician Shortage</string>
            </description>
            <intendedEndUserRole>
              <value>teacher</value>
            </intendedEndUserRole>
            <context />
          </educational>
          <imsqti:qtiMetadata>
            <imsqti:interactionType>choiceInteraction</imsqti:interactionType>
            <imsqti:itemTemplate>false</imsqti:itemTemplate>
            <imsqti:timeDependent>false</imsqti:timeDependent>
            <imsqti:composite>false</imsqti:composite>
            <imsqti:solutionAvailable>true</imsqti:solutionAvailable>
            <imsqti:feedbackType>none</imsqti:feedbackType>
          </imsqti:qtiMetadata>
        </lom>
      </metadata>
      <file href="Q3_Multiple_Choice.xml" />
    </resource>
    <resource identifier="ID_QTIExport_Resource_4" type="imsqti_item_xmlv2p1" href="Q4_Multiple_Choice.xml">
      <metadata>
        <lom xmlns="http://ltsc.ieee.org/xsd/LOM">
          <general>
            <title>
              <string>According to research, an employee's job satisfaction level is consistent:</string>
            </title>
          </general>
          <educational>
            <description>
              <string>The Future Physician Shortage</string>
            </description>
            <intendedEndUserRole>
              <value>teacher</value>
            </intendedEndUserRole>
            <context />
          </educational>
          <imsqti:qtiMetadata>
            <imsqti:interactionType>choiceInteraction</imsqti:interactionType>
            <imsqti:itemTemplate>false</imsqti:itemTemplate>
            <imsqti:timeDependent>false</imsqti:timeDependent>
            <imsqti:composite>false</imsqti:composite>
            <imsqti:solutionAvailable>true</imsqti:solutionAvailable>
            <imsqti:feedbackType>none</imsqti:feedbackType>
          </imsqti:qtiMetadata>
        </lom>
      </metadata>
      <file href="Q4_Multiple_Choice.xml" />
    </resource>
    <resource identifier="ID_QTIExport_Resource_5" type="imsqti_item_xmlv2p1" href="Q5_Multiple_Choice.xml">
      <metadata>
        <lom xmlns="http://ltsc.ieee.org/xsd/LOM">
          <general>
            <title>
              <string>Research indicates that about ___ percent of job satisfaction is genetically determined.</string>
            </title>
          </general>
          <educational>
            <description>
              <string>The Model of Input Pricing</string>
            </description>
            <intendedEndUserRole>
              <value>teacher</value>
            </intendedEndUserRole>
            <context />
          </educational>
          <imsqti:qtiMetadata>
            <imsqti:interactionType>choiceInteraction</imsqti:interactionType>
            <imsqti:itemTemplate>false</imsqti:itemTemplate>
            <imsqti:timeDependent>false</imsqti:timeDependent>
            <imsqti:composite>false</imsqti:composite>
            <imsqti:solutionAvailable>true</imsqti:solutionAvailable>
            <imsqti:feedbackType>none</imsqti:feedbackType>
          </imsqti:qtiMetadata>
        </lom>
      </metadata>
      <file href="Q5_Multiple_Choice.xml" />
    </resource>
    <resource identifier="ID_QTIExport_Resource_6" type="imsqti_item_xmlv2p1" href="Q6_Multiple_Choice.xml">
      <metadata>
        <lom xmlns="http://ltsc.ieee.org/xsd/LOM">
          <general>
            <title>
              <string>Which of the following is not a component of a core self-evaluation?</string>
            </title>
          </general>
          <educational>
            <description>
              <string>The Model of Input Pricing</string>
            </description>
            <intendedEndUserRole>
              <value>teacher</value>
            </intendedEndUserRole>
            <context />
          </educational>
          <imsqti:qtiMetadata>
            <imsqti:interactionType>choiceInteraction</imsqti:interactionType>
            <imsqti:itemTemplate>false</imsqti:itemTemplate>
            <imsqti:timeDependent>false</imsqti:timeDependent>
            <imsqti:composite>false</imsqti:composite>
            <imsqti:solutionAvailable>true</imsqti:solutionAvailable>
            <imsqti:feedbackType>none</imsqti:feedbackType>
          </imsqti:qtiMetadata>
        </lom>
      </metadata>
      <file href="Q6_Multiple_Choice.xml" />
    </resource>
    <resource identifier="ID_QTIExport_Resource_7" type="imsqti_item_xmlv2p1" href="Q7_Multiple_Choice.xml">
      <metadata>
        <lom xmlns="http://ltsc.ieee.org/xsd/LOM">
          <general>
            <title>
              <string>People prone to be satisfied with their jobs have:</string>
            </title>
          </general>
          <educational>
            <description>
              <string>The Model of Input Pricing</string>
            </description>
            <intendedEndUserRole>
              <value>teacher</value>
            </intendedEndUserRole>
            <context />
          </educational>
          <imsqti:qtiMetadata>
            <imsqti:interactionType>choiceInteraction</imsqti:interactionType>
            <imsqti:itemTemplate>false</imsqti:itemTemplate>
            <imsqti:timeDependent>false</imsqti:timeDependent>
            <imsqti:composite>false</imsqti:composite>
            <imsqti:solutionAvailable>true</imsqti:solutionAvailable>
            <imsqti:feedbackType>none</imsqti:feedbackType>
          </imsqti:qtiMetadata>
        </lom>
      </metadata>
      <file href="Q7_Multiple_Choice.xml" />
    </resource>
    <resource identifier="ID_QTIExport_Resource_8" type="imsqti_item_xmlv2p1" href="Q8_Multiple_Choice.xml">
      <metadata>
        <lom xmlns="http://ltsc.ieee.org/xsd/LOM">
          <general>
            <title>
              <string>According to Judge and Watanabe (1994), job satisfaction and life satisfaction are:</string>
            </title>
          </general>
          <educational>
            <description>
              <string>The Model of Input Pricing</string>
            </description>
            <intendedEndUserRole>
              <value>teacher</value>
            </intendedEndUserRole>
            <context />
          </educational>
          <imsqti:qtiMetadata>
            <imsqti:interactionType>choiceInteraction</imsqti:interactionType>
            <imsqti:itemTemplate>false</imsqti:itemTemplate>
            <imsqti:timeDependent>false</imsqti:timeDependent>
            <imsqti:composite>false</imsqti:composite>
            <imsqti:solutionAvailable>true</imsqti:solutionAvailable>
            <imsqti:feedbackType>none</imsqti:feedbackType>
          </imsqti:qtiMetadata>
        </lom>
      </metadata>
      <file href="Q8_Multiple_Choice.xml" />
    </resource>
    <resource identifier="ID_QTIExport_Resource_9" type="imsqti_item_xmlv2p1" href="Q9_Multiple_Choice.xml">
      <metadata>
        <lom xmlns="http://ltsc.ieee.org/xsd/LOM">
          <general>
            <title>
              <string>Juan has an internal locus of control and a high self-esteem. We would predict that he would be:</string>
            </title>
          </general>
          <educational>
            <description>
              <string>The Model of Input Pricing</string>
            </description>
            <intendedEndUserRole>
              <value>teacher</value>
            </intendedEndUserRole>
            <context />
          </educational>
          <imsqti:qtiMetadata>
            <imsqti:interactionType>choiceInteraction</imsqti:interactionType>
            <imsqti:itemTemplate>false</imsqti:itemTemplate>
            <imsqti:timeDependent>false</imsqti:timeDependent>
            <imsqti:composite>false</imsqti:composite>
            <imsqti:solutionAvailable>true</imsqti:solutionAvailable>
            <imsqti:feedbackType>none</imsqti:feedbackType>
          </imsqti:qtiMetadata>
        </lom>
      </metadata>
      <file href="Q9_Multiple_Choice.xml" />
    </resource>
    <resource identifier="ID_QTIExport_Resource_10" type="imsqti_item_xmlv2p1" href="Q10_Multiple_Choice.xml">
      <metadata>
        <lom xmlns="http://ltsc.ieee.org/xsd/LOM">
          <general>
            <title>
              <string>Clay is objectively very intelligent and Joshua is significantly less so. On the basis of the meta-analysis by Griffeth, Hom, and Gaertner (2000), we would expect Clay to be _________ with his job and Joshua to be ______ satisfied with his job.</string>
            </title>
          </general>
          <educational>
            <description>
              <string>The Model of Input Pricing</string>
            </description>
            <intendedEndUserRole>
              <value>teacher</value>
            </intendedEndUserRole>
            <context />
          </educational>
          <imsqti:qtiMetadata>
            <imsqti:interactionType>choiceInteraction</imsqti:interactionType>
            <imsqti:itemTemplate>false</imsqti:itemTemplate>
            <imsqti:timeDependent>false</imsqti:timeDependent>
            <imsqti:composite>false</imsqti:composite>
            <imsqti:solutionAvailable>true</imsqti:solutionAvailable>
            <imsqti:feedbackType>none</imsqti:feedbackType>
          </imsqti:qtiMetadata>
        </lom>
      </metadata>
      <file href="Q10_Multiple_Choice.xml" />
    </resource>
    <resource identifier="ID_QTIExport_Resource_11" type="imsqti_item_xmlv2p1" href="Q11_Multiple_Choice.xml">
      <metadata>
        <lom xmlns="http://ltsc.ieee.org/xsd/LOM">
          <general>
            <title>
              <string>Reuben had certain expectations about his new job and his new company. After three months on the job, Reuben realized that the reality of the job and the organization were different from his expectations. Reuben is likely to be:</string>
            </title>
          </general>
          <educational>
            <description>
              <string>Demand for Inputs</string>
            </description>
            <intendedEndUserRole>
              <value>teacher</value>
            </intendedEndUserRole>
            <context />
          </educational>
          <imsqti:qtiMetadata>
            <imsqti:interactionType>choiceInteraction</imsqti:interactionType>
            <imsqti:itemTemplate>false</imsqti:itemTemplate>
            <imsqti:timeDependent>false</imsqti:timeDependent>
            <imsqti:composite>false</imsqti:composite>
            <imsqti:solutionAvailable>true</imsqti:solutionAvailable>
            <imsqti:feedbackType>none</imsqti:feedbackType>
          </imsqti:qtiMetadata>
        </lom>
      </metadata>
      <file href="Q11_Multiple_Choice.xml" />
    </resource>
    <resource identifier="ID_QTIExport_Resource_12" type="imsqti_item_xmlv2p1" href="Q12_Multiple_Choice.xml">
      <metadata>
        <lom xmlns="http://ltsc.ieee.org/xsd/LOM">
          <general>
            <title>
              <string>The extent to which the rewards, salary, and benefits received by employees are perceived to be consistent with their efforts and performance is called _______ fit.</string>
            </title>
          </general>
          <educational>
            <description>
              <string>Demand for Inputs</string>
            </description>
            <intendedEndUserRole>
              <value>teacher</value>
            </intendedEndUserRole>
            <context />
          </educational>
          <imsqti:qtiMetadata>
            <imsqti:interactionType>choiceInteraction</imsqti:interactionType>
            <imsqti:itemTemplate>false</imsqti:itemTemplate>
            <imsqti:timeDependent>false</imsqti:timeDependent>
            <imsqti:composite>false</imsqti:composite>
            <imsqti:solutionAvailable>true</imsqti:solutionAvailable>
            <imsqti:feedbackType>none</imsqti:feedbackType>
          </imsqti:qtiMetadata>
        </lom>
      </metadata>
      <file href="Q12_Multiple_Choice.xml" />
    </resource>
    <resource identifier="ID_QTIExport_Resource_13" type="imsqti_item_xmlv2p1" href="Q13_Multiple_Choice.xml">
      <metadata>
        <lom xmlns="http://ltsc.ieee.org/xsd/LOM">
          <general>
            <title>
              <string>Which of the following types of “fit” is NOT related to increased job satisfaction?</string>
            </title>
          </general>
          <educational>
            <description>
              <string>Demand for Inputs</string>
            </description>
            <intendedEndUserRole>
              <value>teacher</value>
            </intendedEndUserRole>
            <context />
          </educational>
          <imsqti:qtiMetadata>
            <imsqti:interactionType>choiceInteraction</imsqti:interactionType>
            <imsqti:itemTemplate>false</imsqti:itemTemplate>
            <imsqti:timeDependent>false</imsqti:timeDependent>
            <imsqti:composite>false</imsqti:composite>
            <imsqti:solutionAvailable>true</imsqti:solutionAvailable>
            <imsqti:feedbackType>none</imsqti:feedbackType>
          </imsqti:qtiMetadata>
        </lom>
      </metadata>
      <file href="Q13_Multiple_Choice.xml" />
    </resource>
    <resource identifier="ID_QTIExport_Resource_14" type="imsqti_item_xmlv2p1" href="Q14_Multiple_Choice.xml">
      <metadata>
        <lom xmlns="http://ltsc.ieee.org/xsd/LOM">
          <general>
            <title>
              <string>Social information processing theory focuses on:</string>
            </title>
          </general>
          <educational>
            <description>
              <string>Demand for Inputs</string>
            </description>
            <intendedEndUserRole>
              <value>teacher</value>
            </intendedEndUserRole>
            <context />
          </educational>
          <imsqti:qtiMetadata>
            <imsqti:interactionType>choiceInteraction</imsqti:interactionType>
            <imsqti:itemTemplate>false</imsqti:itemTemplate>
            <imsqti:timeDependent>false</imsqti:timeDependent>
            <imsqti:composite>false</imsqti:composite>
            <imsqti:solutionAvailable>true</imsqti:solutionAvailable>
            <imsqti:feedbackType>none</imsqti:feedbackType>
          </imsqti:qtiMetadata>
        </lom>
      </metadata>
      <file href="Q14_Multiple_Choice.xml" />
    </resource>
    <resource identifier="ID_QTIExport_Resource_15" type="imsqti_item_xmlv2p1" href="Q15_Multiple_Choice.xml">
      <metadata>
        <lom xmlns="http://ltsc.ieee.org/xsd/LOM">
          <general>
            <title>
              <string>Woo-jin is normally a very satisfied employee. However, all the other employees at Surrette Manufacturing constantly complain. After a month, Woo-jin starts to complain. What theory would explain this change?</string>
            </title>
          </general>
          <educational>
            <description>
              <string>Demand for Inputs</string>
            </description>
            <intendedEndUserRole>
              <value>teacher</value>
            </intendedEndUserRole>
            <context />
          </educational>
          <imsqti:qtiMetadata>
            <imsqti:interactionType>choiceInteraction</imsqti:interactionType>
            <imsqti:itemTemplate>false</imsqti:itemTemplate>
            <imsqti:timeDependent>false</imsqti:timeDependent>
            <imsqti:composite>false</imsqti:composite>
            <imsqti:solutionAvailable>true</imsqti:solutionAvailable>
            <imsqti:feedbackType>none</imsqti:feedbackType>
          </imsqti:qtiMetadata>
        </lom>
      </metadata>
      <file href="Q15_Multiple_Choice.xml" />
    </resource>
    <resource identifier="ID_QTIExport_Resource_16" type="imsqti_item_xmlv2p1" href="Q16_Multiple_Choice.xml">
      <metadata>
        <lom xmlns="http://ltsc.ieee.org/xsd/LOM">
          <general>
            <title>
              <string>According to ____ "new" employees who work with highly satisfied "old" employees are more likely to be highly satisfied themselves.</string>
            </title>
          </general>
          <educational>
            <description>
              <string>Demand for Inputs</string>
            </description>
            <intendedEndUserRole>
              <value>teacher</value>
            </intendedEndUserRole>
            <context />
          </educational>
          <imsqti:qtiMetadata>
            <imsqti:interactionType>choiceInteraction</imsqti:interactionType>
            <imsqti:itemTemplate>false</imsqti:itemTemplate>
            <imsqti:timeDependent>false</imsqti:timeDependent>
            <imsqti:composite>false</imsqti:composite>
            <imsqti:solutionAvailable>true</imsqti:solutionAvailable>
            <imsqti:feedbackType>none</imsqti:feedbackType>
          </imsqti:qtiMetadata>
        </lom>
      </metadata>
      <file href="Q16_Multiple_Choice.xml" />
    </resource>
    <resource identifier="ID_QTIExport_Resource_17" type="imsqti_item_xmlv2p1" href="Q17_Multiple_Choice.xml">
      <metadata>
        <lom xmlns="http://ltsc.ieee.org/xsd/LOM">
          <general>
            <title>
              <string>Sally is angry about a promotion decision. Though she is not sure that she was the best candidate, she feels that she never really got the chance to demonstrate her skills. Sally's dissatisfaction is consistent with research on:</string>
            </title>
          </general>
          <educational>
            <description>
              <string>Demand for Inputs</string>
            </description>
            <intendedEndUserRole>
              <value>teacher</value>
            </intendedEndUserRole>
            <context />
          </educational>
          <imsqti:qtiMetadata>
            <imsqti:interactionType>choiceInteraction</imsqti:interactionType>
            <imsqti:itemTemplate>false</imsqti:itemTemplate>
            <imsqti:timeDependent>false</imsqti:timeDependent>
            <imsqti:composite>false</imsqti:composite>
            <imsqti:solutionAvailable>true</imsqti:solutionAvailable>
            <imsqti:feedbackType>none</imsqti:feedbackType>
          </imsqti:qtiMetadata>
        </lom>
      </metadata>
      <file href="Q17_Multiple_Choice.xml" />
    </resource>
    <resource identifier="ID_QTIExport_Resource_18" type="imsqti_item_xmlv2p1" href="Q18_Multiple_Choice.xml">
      <metadata>
        <lom xmlns="http://ltsc.ieee.org/xsd/LOM">
          <general>
            <title>
              <string>Shanice is angry about a promotion decision. She is convinced that she was the best candidate and can't believe she wasn't offered the job. Shanice’s dissatisfaction is consistent with research on:</string>
            </title>
          </general>
          <educational>
            <description>
              <string>Demand for Inputs</string>
            </description>
            <intendedEndUserRole>
              <value>teacher</value>
            </intendedEndUserRole>
            <context />
          </educational>
          <imsqti:qtiMetadata>
            <imsqti:interactionType>choiceInteraction</imsqti:interactionType>
            <imsqti:itemTemplate>false</imsqti:itemTemplate>
            <imsqti:timeDependent>false</imsqti:timeDependent>
            <imsqti:composite>false</imsqti:composite>
            <imsqti:solutionAvailable>true</imsqti:solutionAvailable>
            <imsqti:feedbackType>none</imsqti:feedbackType>
          </imsqti:qtiMetadata>
        </lom>
      </metadata>
      <file href="Q18_Multiple_Choice.xml" />
    </resource>
    <resource identifier="ID_QTIExport_Resource_19" type="imsqti_item_xmlv2p1" href="Q19_Multiple_Choice.xml">
      <metadata>
        <lom xmlns="http://ltsc.ieee.org/xsd/LOM">
          <general>
            <title>
              <string>Two employees are performing the same job and are required to meet the same standards; however, one employee makes $2 per hour more for the job. According to which theory will the lower paid employee be unsatisfied because they feel they are being treated</string>
            </title>
          </general>
          <educational>
            <description>
              <string>Demand for Inputs</string>
            </description>
            <intendedEndUserRole>
              <value>teacher</value>
            </intendedEndUserRole>
            <context />
          </educational>
          <imsqti:qtiMetadata>
            <imsqti:interactionType>choiceInteraction</imsqti:interactionType>
            <imsqti:itemTemplate>false</imsqti:itemTemplate>
            <imsqti:timeDependent>false</imsqti:timeDependent>
            <imsqti:composite>false</imsqti:composite>
            <imsqti:solutionAvailable>true</imsqti:solutionAvailable>
            <imsqti:feedbackType>none</imsqti:feedbackType>
          </imsqti:qtiMetadata>
        </lom>
      </metadata>
      <file href="Q19_Multiple_Choice.xml" />
    </resource>
    <resource identifier="ID_QTIExport_Resource_20" type="imsqti_item_xmlv2p1" href="Q20_Multiple_Choice.xml">
      <metadata>
        <lom xmlns="http://ltsc.ieee.org/xsd/LOM">
          <general>
            <title>
              <string>An employee determines if they are being treated equitably by ____ weighing the _____ inputs and outputs associated with themselves and other employees.</string>
            </title>
          </general>
          <educational>
            <description>
              <string>Demand for Inputs</string>
            </description>
            <intendedEndUserRole>
              <value>teacher</value>
            </intendedEndUserRole>
            <context />
          </educational>
          <imsqti:qtiMetadata>
            <imsqti:interactionType>choiceInteraction</imsqti:interactionType>
            <imsqti:itemTemplate>false</imsqti:itemTemplate>
            <imsqti:timeDependent>false</imsqti:timeDependent>
            <imsqti:composite>false</imsqti:composite>
            <imsqti:solutionAvailable>true</imsqti:solutionAvailable>
            <imsqti:feedbackType>none</imsqti:feedbackType>
          </imsqti:qtiMetadata>
        </lom>
      </metadata>
      <file href="Q20_Multiple_Choice.xml" />
    </resource>
    <resource identifier="ID_QTIExport_Resource_21" type="imsqti_item_xmlv2p1" href="Q21_Multiple_Choice.xml">
      <metadata>
        <lom xmlns="http://ltsc.ieee.org/xsd/LOM">
          <general>
            <title>
              <string>With _______ employees are given more tasks to do at one time, whereas _____ means that an employee performs the same number of tasks at one particular time and then moves on to other tasks for a specified time.</string>
            </title>
          </general>
          <educational>
            <description>
              <string>Demand for Inputs</string>
            </description>
            <intendedEndUserRole>
              <value>teacher</value>
            </intendedEndUserRole>
            <context />
          </educational>
          <imsqti:qtiMetadata>
            <imsqti:interactionType>choiceInteraction</imsqti:interactionType>
            <imsqti:itemTemplate>false</imsqti:itemTemplate>
            <imsqti:timeDependent>false</imsqti:timeDependent>
            <imsqti:composite>false</imsqti:composite>
            <imsqti:solutionAvailable>true</imsqti:solutionAvailable>
            <imsqti:feedbackType>none</imsqti:feedbackType>
          </imsqti:qtiMetadata>
        </lom>
      </metadata>
      <file href="Q21_Multiple_Choice.xml" />
    </resource>
    <resource identifier="ID_QTIExport_Resource_22" type="imsqti_item_xmlv2p1" href="Q22_Multiple_Choice.xml">
      <metadata>
        <lom xmlns="http://ltsc.ieee.org/xsd/LOM">
          <general>
            <title>
              <string>Job rotation, job enlargement, and job enrichment attempt to satisfy needs at which level?</string>
            </title>
          </general>
          <educational>
            <description>
              <string>Demand for Inputs</string>
            </description>
            <intendedEndUserRole>
              <value>teacher</value>
            </intendedEndUserRole>
            <context />
          </educational>
          <imsqti:qtiMetadata>
            <imsqti:interactionType>choiceInteraction</imsqti:interactionType>
            <imsqti:itemTemplate>false</imsqti:itemTemplate>
            <imsqti:timeDependent>false</imsqti:timeDependent>
            <imsqti:composite>false</imsqti:composite>
            <imsqti:solutionAvailable>true</imsqti:solutionAvailable>
            <imsqti:feedbackType>none</imsqti:feedbackType>
          </imsqti:qtiMetadata>
        </lom>
      </metadata>
      <file href="Q22_Multiple_Choice.xml" />
    </resource>
    <resource identifier="ID_QTIExport_Resource_23" type="imsqti_item_xmlv2p1" href="Q23_Multiple_Choice.xml">
      <metadata>
        <lom xmlns="http://ltsc.ieee.org/xsd/LOM">
          <general>
            <title>
              <string>Job ____ refers to giving an employee more tasks to do at one time; job _____ refers to giving an employee the same number of tasks to perform at any one time but different tasks from time to time; job _____ refers to giving employees more responsibility f</string>
            </title>
          </general>
          <educational>
            <description>
              <string>Demand for Inputs</string>
            </description>
            <intendedEndUserRole>
              <value>teacher</value>
            </intendedEndUserRole>
            <context />
          </educational>
          <imsqti:qtiMetadata>
            <imsqti:interactionType>choiceInteraction</imsqti:interactionType>
            <imsqti:itemTemplate>false</imsqti:itemTemplate>
            <imsqti:timeDependent>false</imsqti:timeDependent>
            <imsqti:composite>false</imsqti:composite>
            <imsqti:solutionAvailable>true</imsqti:solutionAvailable>
            <imsqti:feedbackType>none</imsqti:feedbackType>
          </imsqti:qtiMetadata>
        </lom>
      </metadata>
      <file href="Q23_Multiple_Choice.xml" />
    </resource>
    <resource identifier="ID_QTIExport_Resource_24" type="imsqti_item_xmlv2p1" href="Q24_Multiple_Choice.xml">
      <metadata>
        <lom xmlns="http://ltsc.ieee.org/xsd/LOM">
          <general>
            <title>
              <string>Which theory hypothesizes that enriched jobs are the most satisfying?</string>
            </title>
          </general>
          <educational>
            <description>
              <string>Demand for Inputs</string>
            </description>
            <intendedEndUserRole>
              <value>teacher</value>
            </intendedEndUserRole>
            <context />
          </educational>
          <imsqti:qtiMetadata>
            <imsqti:interactionType>choiceInteraction</imsqti:interactionType>
            <imsqti:itemTemplate>false</imsqti:itemTemplate>
            <imsqti:timeDependent>false</imsqti:timeDependent>
            <imsqti:composite>false</imsqti:composite>
            <imsqti:solutionAvailable>true</imsqti:solutionAvailable>
            <imsqti:feedbackType>none</imsqti:feedbackType>
          </imsqti:qtiMetadata>
        </lom>
      </metadata>
      <file href="Q24_Multiple_Choice.xml" />
    </resource>
    <resource identifier="ID_QTIExport_Resource_25" type="imsqti_item_xmlv2p1" href="Q25_Multiple_Choice.xml">
      <metadata>
        <lom xmlns="http://ltsc.ieee.org/xsd/LOM">
          <general>
            <title>
              <string>The job characteristics model focuses on:</string>
            </title>
          </general>
          <educational>
            <description>
              <string>Demand for Inputs</string>
            </description>
            <intendedEndUserRole>
              <value>teacher</value>
            </intendedEndUserRole>
            <context />
          </educational>
          <imsqti:qtiMetadata>
            <imsqti:interactionType>choiceInteraction</imsqti:interactionType>
            <imsqti:itemTemplate>false</imsqti:itemTemplate>
            <imsqti:timeDependent>false</imsqti:timeDependent>
            <imsqti:composite>false</imsqti:composite>
            <imsqti:solutionAvailable>true</imsqti:solutionAvailable>
            <imsqti:feedbackType>none</imsqti:feedbackType>
          </imsqti:qtiMetadata>
        </lom>
      </metadata>
      <file href="Q25_Multiple_Choice.xml" />
    </resource>
    <resource identifier="ID_QTIExport_Resource_26" type="imsqti_item_xmlv2p1" href="Q26_Multiple_Choice.xml">
      <metadata>
        <lom xmlns="http://ltsc.ieee.org/xsd/LOM">
          <general>
            <title>
              <string>The Job Diagnostic Survey measures:</string>
            </title>
          </general>
          <educational>
            <description>
              <string>Human Capital Investment</string>
            </description>
            <intendedEndUserRole>
              <value>teacher</value>
            </intendedEndUserRole>
            <context />
          </educational>
          <imsqti:qtiMetadata>
            <imsqti:interactionType>choiceInteraction</imsqti:interactionType>
            <imsqti:itemTemplate>false</imsqti:itemTemplate>
            <imsqti:timeDependent>false</imsqti:timeDependent>
            <imsqti:composite>false</imsqti:composite>
            <imsqti:solutionAvailable>true</imsqti:solutionAvailable>
            <imsqti:feedbackType>none</imsqti:feedbackType>
          </imsqti:qtiMetadata>
        </lom>
      </metadata>
      <file href="Q26_Multiple_Choice.xml" />
    </resource>
    <resource identifier="ID_QTIExport_Resource_27" type="imsqti_item_xmlv2p1" href="Q27_Multiple_Choice.xml">
      <metadata>
        <lom xmlns="http://ltsc.ieee.org/xsd/LOM">
          <general>
            <title>
              <string>Allowing employees to make decisions about their jobs:</string>
            </title>
          </general>
          <educational>
            <description>
              <string>Demand for Inputs</string>
            </description>
            <intendedEndUserRole>
              <value>teacher</value>
            </intendedEndUserRole>
            <context />
          </educational>
          <imsqti:qtiMetadata>
            <imsqti:interactionType>choiceInteraction</imsqti:interactionType>
            <imsqti:itemTemplate>false</imsqti:itemTemplate>
            <imsqti:timeDependent>false</imsqti:timeDependent>
            <imsqti:composite>false</imsqti:composite>
            <imsqti:solutionAvailable>true</imsqti:solutionAvailable>
            <imsqti:feedbackType>none</imsqti:feedbackType>
          </imsqti:qtiMetadata>
        </lom>
      </metadata>
      <file href="Q27_Multiple_Choice.xml" />
    </resource>
    <resource identifier="ID_QTIExport_Resource_28" type="imsqti_item_xmlv2p1" href="Q28_Multiple_Choice.xml">
      <metadata>
        <lom xmlns="http://ltsc.ieee.org/xsd/LOM">
          <general>
            <title>
              <string>Hamari’s organization brought in a consultant who suggested that her company increase the level of job enrichment for her position. On the basis of research, this change should result in Hamari:</string>
            </title>
          </general>
          <educational>
            <description>
              <string>Demand for Inputs</string>
            </description>
            <intendedEndUserRole>
              <value>teacher</value>
            </intendedEndUserRole>
            <context />
          </educational>
          <imsqti:qtiMetadata>
            <imsqti:interactionType>choiceInteraction</imsqti:interactionType>
            <imsqti:itemTemplate>false</imsqti:itemTemplate>
            <imsqti:timeDependent>false</imsqti:timeDependent>
            <imsqti:composite>false</imsqti:composite>
            <imsqti:solutionAvailable>true</imsqti:solutionAvailable>
            <imsqti:feedbackType>none</imsqti:feedbackType>
          </imsqti:qtiMetadata>
        </lom>
      </metadata>
      <file href="Q28_Multiple_Choice.xml" />
    </resource>
    <resource identifier="ID_QTIExport_Resource_29" type="imsqti_item_xmlv2p1" href="Q29_Multiple_Choice.xml">
      <metadata>
        <lom xmlns="http://ltsc.ieee.org/xsd/LOM">
          <general>
            <title>
              <string>If you were to develop a test to determine who would be most satisfied with their jobs, you would probably develop a test that would identify people with a high level of:</string>
            </title>
          </general>
          <educational>
            <description>
              <string>The Model of Input Pricing</string>
            </description>
            <intendedEndUserRole>
              <value>teacher</value>
            </intendedEndUserRole>
            <context />
          </educational>
          <imsqti:qtiMetadata>
            <imsqti:interactionType>choiceInteraction</imsqti:interactionType>
            <imsqti:itemTemplate>false</imsqti:itemTemplate>
            <imsqti:timeDependent>false</imsqti:timeDependent>
            <imsqti:composite>false</imsqti:composite>
            <imsqti:solutionAvailable>true</imsqti:solutionAvailable>
            <imsqti:feedbackType>none</imsqti:feedbackType>
          </imsqti:qtiMetadata>
        </lom>
      </metadata>
      <file href="Q29_Multiple_Choice.xml" />
    </resource>
    <resource identifier="ID_QTIExport_Resource_30" type="imsqti_item_xmlv2p1" href="Q30_Multiple_Choice.xml">
      <metadata>
        <lom xmlns="http://ltsc.ieee.org/xsd/LOM">
          <general>
            <title>
              <string>Which of the following is most likely to be satisfied with their jobs?</string>
            </title>
          </general>
          <educational>
            <description>
              <string>The Model of Input Pricing</string>
            </description>
            <intendedEndUserRole>
              <value>teacher</value>
            </intendedEndUserRole>
            <context />
          </educational>
          <imsqti:qtiMetadata>
            <imsqti:interactionType>choiceInteraction</imsqti:interactionType>
            <imsqti:itemTemplate>false</imsqti:itemTemplate>
            <imsqti:timeDependent>false</imsqti:timeDependent>
            <imsqti:composite>false</imsqti:composite>
            <imsqti:solutionAvailable>true</imsqti:solutionAvailable>
            <imsqti:feedbackType>none</imsqti:feedbackType>
          </imsqti:qtiMetadata>
        </lom>
      </metadata>
      <file href="Q30_Multiple_Choice.xml" />
    </resource>
    <resource identifier="ID_QTIExport_Resource_31" type="imsqti_item_xmlv2p1" href="Q31_Multiple_Choice.xml">
      <metadata>
        <lom xmlns="http://ltsc.ieee.org/xsd/LOM">
          <general>
            <title>
              <string>Which of the following is NOT a measurement for job satisfaction?</string>
            </title>
          </general>
          <educational>
            <description>
              <string>Human Capital Investment</string>
            </description>
            <intendedEndUserRole>
              <value>teacher</value>
            </intendedEndUserRole>
            <context />
          </educational>
          <imsqti:qtiMetadata>
            <imsqti:interactionType>choiceInteraction</imsqti:interactionType>
            <imsqti:itemTemplate>false</imsqti:itemTemplate>
            <imsqti:timeDependent>false</imsqti:timeDependent>
            <imsqti:composite>false</imsqti:composite>
            <imsqti:solutionAvailable>true</imsqti:solutionAvailable>
            <imsqti:feedbackType>none</imsqti:feedbackType>
          </imsqti:qtiMetadata>
        </lom>
      </metadata>
      <file href="Q31_Multiple_Choice.xml" />
    </resource>
    <resource identifier="ID_QTIExport_Resource_32" type="imsqti_item_xmlv2p1" href="Q32_Multiple_Choice.xml">
      <metadata>
        <lom xmlns="http://ltsc.ieee.org/xsd/LOM">
          <general>
            <title>
              <string>Which of the following measures of job satisfaction has the greatest number of factors?</string>
            </title>
          </general>
          <educational>
            <description>
              <string>Human Capital Investment</string>
            </description>
            <intendedEndUserRole>
              <value>teacher</value>
            </intendedEndUserRole>
            <context />
          </educational>
          <imsqti:qtiMetadata>
            <imsqti:interactionType>choiceInteraction</imsqti:interactionType>
            <imsqti:itemTemplate>false</imsqti:itemTemplate>
            <imsqti:timeDependent>false</imsqti:timeDependent>
            <imsqti:composite>false</imsqti:composite>
            <imsqti:solutionAvailable>true</imsqti:solutionAvailable>
            <imsqti:feedbackType>none</imsqti:feedbackType>
          </imsqti:qtiMetadata>
        </lom>
      </metadata>
      <file href="Q32_Multiple_Choice.xml" />
    </resource>
    <resource identifier="ID_QTIExport_Resource_33" type="imsqti_item_xmlv2p1" href="Q33_Multiple_Choice.xml">
      <metadata>
        <lom xmlns="http://ltsc.ieee.org/xsd/LOM">
          <general>
            <title>
              <string>An organization interested in measuring the overall satisfaction level of its employees rather than the employees’ satisfaction with several job facets would probably use the _____ to measure satisfaction.</string>
            </title>
          </general>
          <educational>
            <description>
              <string>Human Capital Investment</string>
            </description>
            <intendedEndUserRole>
              <value>teacher</value>
            </intendedEndUserRole>
            <context />
          </educational>
          <imsqti:qtiMetadata>
            <imsqti:interactionType>choiceInteraction</imsqti:interactionType>
            <imsqti:itemTemplate>false</imsqti:itemTemplate>
            <imsqti:timeDependent>false</imsqti:timeDependent>
            <imsqti:composite>false</imsqti:composite>
            <imsqti:solutionAvailable>true</imsqti:solutionAvailable>
            <imsqti:feedbackType>none</imsqti:feedbackType>
          </imsqti:qtiMetadata>
        </lom>
      </metadata>
      <file href="Q33_Multiple_Choice.xml" />
    </resource>
    <resource identifier="ID_QTIExport_Resource_34" type="imsqti_item_xmlv2p1" href="Q34_Multiple_Choice.xml">
      <metadata>
        <lom xmlns="http://ltsc.ieee.org/xsd/LOM">
          <general>
            <title>
              <string>Which job satisfaction scale asks employees to rate the importance of a facet as well as their level of satisfaction with the facet?</string>
            </title>
          </general>
          <educational>
            <description>
              <string>Human Capital Investment</string>
            </description>
            <intendedEndUserRole>
              <value>teacher</value>
            </intendedEndUserRole>
            <context />
          </educational>
          <imsqti:qtiMetadata>
            <imsqti:interactionType>choiceInteraction</imsqti:interactionType>
            <imsqti:itemTemplate>false</imsqti:itemTemplate>
            <imsqti:timeDependent>false</imsqti:timeDependent>
            <imsqti:composite>false</imsqti:composite>
            <imsqti:solutionAvailable>true</imsqti:solutionAvailable>
            <imsqti:feedbackType>none</imsqti:feedbackType>
          </imsqti:qtiMetadata>
        </lom>
      </metadata>
      <file href="Q34_Multiple_Choice.xml" />
    </resource>
    <resource identifier="ID_QTIExport_Resource_35" type="imsqti_item_xmlv2p1" href="Q35_Multiple_Choice.xml">
      <metadata>
        <lom xmlns="http://ltsc.ieee.org/xsd/LOM">
          <general>
            <title>
              <string>Approximately how many days of work does the average American miss each year?</string>
            </title>
          </general>
          <educational>
            <description>
              <string>The Market for Physicians’ Services</string>
            </description>
            <intendedEndUserRole>
              <value>teacher</value>
            </intendedEndUserRole>
            <context />
          </educational>
          <imsqti:qtiMetadata>
            <imsqti:interactionType>choiceInteraction</imsqti:interactionType>
            <imsqti:itemTemplate>false</imsqti:itemTemplate>
            <imsqti:timeDependent>false</imsqti:timeDependent>
            <imsqti:composite>false</imsqti:composite>
            <imsqti:solutionAvailable>true</imsqti:solutionAvailable>
            <imsqti:feedbackType>none</imsqti:feedbackType>
          </imsqti:qtiMetadata>
        </lom>
      </metadata>
      <file href="Q35_Multiple_Choice.xml" />
    </resource>
    <resource identifier="ID_QTIExport_Resource_36" type="imsqti_item_xmlv2p1" href="Q36_Multiple_Choice.xml">
      <metadata>
        <lom xmlns="http://ltsc.ieee.org/xsd/LOM">
          <general>
            <title>
              <string>Which of the following is true regarding international comparisons of employee absenteeism?</string>
            </title>
          </general>
          <educational>
            <description>
              <string>The Market for Physicians’ Services</string>
            </description>
            <intendedEndUserRole>
              <value>teacher</value>
            </intendedEndUserRole>
            <context />
          </educational>
          <imsqti:qtiMetadata>
            <imsqti:interactionType>choiceInteraction</imsqti:interactionType>
            <imsqti:itemTemplate>false</imsqti:itemTemplate>
            <imsqti:timeDependent>false</imsqti:timeDependent>
            <imsqti:composite>false</imsqti:composite>
            <imsqti:solutionAvailable>true</imsqti:solutionAvailable>
            <imsqti:feedbackType>none</imsqti:feedbackType>
          </imsqti:qtiMetadata>
        </lom>
      </metadata>
      <file href="Q36_Multiple_Choice.xml" />
    </resource>
    <resource identifier="ID_QTIExport_Resource_37" type="imsqti_item_xmlv2p1" href="Q37_Multiple_Choice.xml">
      <metadata>
        <lom xmlns="http://ltsc.ieee.org/xsd/LOM">
          <general>
            <title>
              <string>According to a meta-analysis by Griffeth and his colleagues (2000), absenteeism and turnover are:</string>
            </title>
          </general>
          <educational>
            <description>
              <string>The Market for Physicians’ Services</string>
            </description>
            <intendedEndUserRole>
              <value>teacher</value>
            </intendedEndUserRole>
            <context />
          </educational>
          <imsqti:qtiMetadata>
            <imsqti:interactionType>choiceInteraction</imsqti:interactionType>
            <imsqti:itemTemplate>false</imsqti:itemTemplate>
            <imsqti:timeDependent>false</imsqti:timeDependent>
            <imsqti:composite>false</imsqti:composite>
            <imsqti:solutionAvailable>true</imsqti:solutionAvailable>
            <imsqti:feedbackType>none</imsqti:feedbackType>
          </imsqti:qtiMetadata>
        </lom>
      </metadata>
      <file href="Q37_Multiple_Choice.xml" />
    </resource>
    <resource identifier="ID_QTIExport_Resource_38" type="imsqti_item_xmlv2p1" href="Q38_Multiple_Choice.xml">
      <metadata>
        <lom xmlns="http://ltsc.ieee.org/xsd/LOM">
          <general>
            <title>
              <string>Approximately what percent of employee absenteeism is due to illness?</string>
            </title>
          </general>
          <educational>
            <description>
              <string>The Market for Physicians’ Services</string>
            </description>
            <intendedEndUserRole>
              <value>teacher</value>
            </intendedEndUserRole>
            <context />
          </educational>
          <imsqti:qtiMetadata>
            <imsqti:interactionType>choiceInteraction</imsqti:interactionType>
            <imsqti:itemTemplate>false</imsqti:itemTemplate>
            <imsqti:timeDependent>false</imsqti:timeDependent>
            <imsqti:composite>false</imsqti:composite>
            <imsqti:solutionAvailable>true</imsqti:solutionAvailable>
            <imsqti:feedbackType>none</imsqti:feedbackType>
          </imsqti:qtiMetadata>
        </lom>
      </metadata>
      <file href="Q38_Multiple_Choice.xml" />
    </resource>
    <resource identifier="ID_QTIExport_Resource_39" type="imsqti_item_xmlv2p1" href="Q39_Multiple_Choice.xml">
      <metadata>
        <lom xmlns="http://ltsc.ieee.org/xsd/LOM">
          <general>
            <title>
              <string>Which of the following is the biggest reason that employees miss work?</string>
            </title>
          </general>
          <educational>
            <description>
              <string>The Market for Physicians’ Services</string>
            </description>
            <intendedEndUserRole>
              <value>teacher</value>
            </intendedEndUserRole>
            <context />
          </educational>
          <imsqti:qtiMetadata>
            <imsqti:interactionType>choiceInteraction</imsqti:interactionType>
            <imsqti:itemTemplate>false</imsqti:itemTemplate>
            <imsqti:timeDependent>false</imsqti:timeDependent>
            <imsqti:composite>false</imsqti:composite>
            <imsqti:solutionAvailable>true</imsqti:solutionAvailable>
            <imsqti:feedbackType>none</imsqti:feedbackType>
          </imsqti:qtiMetadata>
        </lom>
      </metadata>
      <file href="Q39_Multiple_Choice.xml" />
    </resource>
    <resource identifier="ID_QTIExport_Resource_40" type="imsqti_item_xmlv2p1" href="Q40_Multiple_Choice.xml">
      <metadata>
        <lom xmlns="http://ltsc.ieee.org/xsd/LOM">
          <general>
            <title>
              <string>According to meta-analyses, which of the following is the most effective way to reduce absenteeism?</string>
            </title>
          </general>
          <educational>
            <description>
              <string>The Market for Physicians’ Services</string>
            </description>
            <intendedEndUserRole>
              <value>teacher</value>
            </intendedEndUserRole>
            <context />
          </educational>
          <imsqti:qtiMetadata>
            <imsqti:interactionType>choiceInteraction</imsqti:interactionType>
            <imsqti:itemTemplate>false</imsqti:itemTemplate>
            <imsqti:timeDependent>false</imsqti:timeDependent>
            <imsqti:composite>false</imsqti:composite>
            <imsqti:solutionAvailable>true</imsqti:solutionAvailable>
            <imsqti:feedbackType>none</imsqti:feedbackType>
          </imsqti:qtiMetadata>
        </lom>
      </metadata>
      <file href="Q40_Multiple_Choice.xml" />
    </resource>
    <resource identifier="ID_QTIExport_Resource_41" type="imsqti_item_xmlv2p1" href="Q41_Multiple_Choice.xml">
      <metadata>
        <lom xmlns="http://ltsc.ieee.org/xsd/LOM">
          <general>
            <title>
              <string>You have been asked to develop a program to reduce absenteeism in your organization. According to a meta-analyses, ______ would be the most effective method and _____ the least effective.</string>
            </title>
          </general>
          <educational>
            <description>
              <string>The Market for Physicians’ Services</string>
            </description>
            <intendedEndUserRole>
              <value>teacher</value>
            </intendedEndUserRole>
            <context />
          </educational>
          <imsqti:qtiMetadata>
            <imsqti:interactionType>choiceInteraction</imsqti:interactionType>
            <imsqti:itemTemplate>false</imsqti:itemTemplate>
            <imsqti:timeDependent>false</imsqti:timeDependent>
            <imsqti:composite>false</imsqti:composite>
            <imsqti:solutionAvailable>true</imsqti:solutionAvailable>
            <imsqti:feedbackType>none</imsqti:feedbackType>
          </imsqti:qtiMetadata>
        </lom>
      </metadata>
      <file href="Q41_Multiple_Choice.xml" />
    </resource>
    <resource identifier="ID_QTIExport_Resource_42" type="imsqti_item_xmlv2p1" href="Q42_Multiple_Choice.xml">
      <metadata>
        <lom xmlns="http://ltsc.ieee.org/xsd/LOM">
          <general>
            <title>
              <string>Tavris Manufacturing gives its employees 10 vacation days, 3 personal days, 11 holidays, and 5 paid sick days per year. Edmunds Industries gives its employees 29 days of paid time off for any reason in which the employee chooses to use them. Edmunds Indust</string>
            </title>
          </general>
          <educational>
            <description>
              <string>The Market for Physicians’ Services</string>
            </description>
            <intendedEndUserRole>
              <value>teacher</value>
            </intendedEndUserRole>
            <context />
          </educational>
          <imsqti:qtiMetadata>
            <imsqti:interactionType>choiceInteraction</imsqti:interactionType>
            <imsqti:itemTemplate>false</imsqti:itemTemplate>
            <imsqti:timeDependent>false</imsqti:timeDependent>
            <imsqti:composite>false</imsqti:composite>
            <imsqti:solutionAvailable>true</imsqti:solutionAvailable>
            <imsqti:feedbackType>none</imsqti:feedbackType>
          </imsqti:qtiMetadata>
        </lom>
      </metadata>
      <file href="Q42_Multiple_Choice.xml" />
    </resource>
    <resource identifier="ID_QTIExport_Resource_43" type="imsqti_item_xmlv2p1" href="Q43_Multiple_Choice.xml">
      <metadata>
        <lom xmlns="http://ltsc.ieee.org/xsd/LOM">
          <general>
            <title>
              <string>____ of employees think their attendance record is better than their coworkers.</string>
            </title>
          </general>
          <educational>
            <description>
              <string>The Market for Physicians’ Services</string>
            </description>
            <intendedEndUserRole>
              <value>teacher</value>
            </intendedEndUserRole>
            <context />
          </educational>
          <imsqti:qtiMetadata>
            <imsqti:interactionType>choiceInteraction</imsqti:interactionType>
            <imsqti:itemTemplate>false</imsqti:itemTemplate>
            <imsqti:timeDependent>false</imsqti:timeDependent>
            <imsqti:composite>false</imsqti:composite>
            <imsqti:solutionAvailable>true</imsqti:solutionAvailable>
            <imsqti:feedbackType>none</imsqti:feedbackType>
          </imsqti:qtiMetadata>
        </lom>
      </metadata>
      <file href="Q43_Multiple_Choice.xml" />
    </resource>
    <resource identifier="ID_QTIExport_Resource_44" type="imsqti_item_xmlv2p1" href="Q44_Multiple_Choice.xml">
      <metadata>
        <lom xmlns="http://ltsc.ieee.org/xsd/LOM">
          <general>
            <title>
              <string>To help employees cope with stress and personal problems, ______ employers provide employee assistance programs (EAPs).</string>
            </title>
          </general>
          <educational>
            <description>
              <string>The Market for Physicians’ Services</string>
            </description>
            <intendedEndUserRole>
              <value>teacher</value>
            </intendedEndUserRole>
            <context />
          </educational>
          <imsqti:qtiMetadata>
            <imsqti:interactionType>choiceInteraction</imsqti:interactionType>
            <imsqti:itemTemplate>false</imsqti:itemTemplate>
            <imsqti:timeDependent>false</imsqti:timeDependent>
            <imsqti:composite>false</imsqti:composite>
            <imsqti:solutionAvailable>true</imsqti:solutionAvailable>
            <imsqti:feedbackType>none</imsqti:feedbackType>
          </imsqti:qtiMetadata>
        </lom>
      </metadata>
      <file href="Q44_Multiple_Choice.xml" />
    </resource>
    <resource identifier="ID_QTIExport_Resource_45" type="imsqti_item_xmlv2p1" href="Q45_Multiple_Choice.xml">
      <metadata>
        <lom xmlns="http://ltsc.ieee.org/xsd/LOM">
          <general>
            <title>
              <string>According to the CCH Survey of Absenteeism Control Policies, ______ is the most commonly used policy but _____ is the policy rated by HR managers as being most effective.</string>
            </title>
          </general>
          <educational>
            <description>
              <string>The Market for Physicians’ Services</string>
            </description>
            <intendedEndUserRole>
              <value>teacher</value>
            </intendedEndUserRole>
            <context />
          </educational>
          <imsqti:qtiMetadata>
            <imsqti:interactionType>choiceInteraction</imsqti:interactionType>
            <imsqti:itemTemplate>false</imsqti:itemTemplate>
            <imsqti:timeDependent>false</imsqti:timeDependent>
            <imsqti:composite>false</imsqti:composite>
            <imsqti:solutionAvailable>true</imsqti:solutionAvailable>
            <imsqti:feedbackType>none</imsqti:feedbackType>
          </imsqti:qtiMetadata>
        </lom>
      </metadata>
      <file href="Q45_Multiple_Choice.xml" />
    </resource>
    <resource identifier="ID_QTIExport_Resource_46" type="imsqti_item_xmlv2p1" href="Q46_Multiple_Choice.xml">
      <metadata>
        <lom xmlns="http://ltsc.ieee.org/xsd/LOM">
          <general>
            <title>
              <string>According to the 2019 SHRM Benefits Survey, the most common type of wellness program offered by employers is:</string>
            </title>
          </general>
          <educational>
            <description>
              <string>The Market for Physicians’ Services</string>
            </description>
            <intendedEndUserRole>
              <value>teacher</value>
            </intendedEndUserRole>
            <context />
          </educational>
          <imsqti:qtiMetadata>
            <imsqti:interactionType>choiceInteraction</imsqti:interactionType>
            <imsqti:itemTemplate>false</imsqti:itemTemplate>
            <imsqti:timeDependent>false</imsqti:timeDependent>
            <imsqti:composite>false</imsqti:composite>
            <imsqti:solutionAvailable>true</imsqti:solutionAvailable>
            <imsqti:feedbackType>none</imsqti:feedbackType>
          </imsqti:qtiMetadata>
        </lom>
      </metadata>
      <file href="Q46_Multiple_Choice.xml" />
    </resource>
    <resource identifier="ID_QTIExport_Resource_47" type="imsqti_item_xmlv2p1" href="Q47_Multiple_Choice.xml">
      <metadata>
        <lom xmlns="http://ltsc.ieee.org/xsd/LOM">
          <general>
            <title>
              <string>According to two meta-analyses, if an organization developed a worksite fitness program, it could expect _____ in employee absenteeism.</string>
            </title>
          </general>
          <educational>
            <description>
              <string>The Market for Physicians’ Services</string>
            </description>
            <intendedEndUserRole>
              <value>teacher</value>
            </intendedEndUserRole>
            <context />
          </educational>
          <imsqti:qtiMetadata>
            <imsqti:interactionType>choiceInteraction</imsqti:interactionType>
            <imsqti:itemTemplate>false</imsqti:itemTemplate>
            <imsqti:timeDependent>false</imsqti:timeDependent>
            <imsqti:composite>false</imsqti:composite>
            <imsqti:solutionAvailable>true</imsqti:solutionAvailable>
            <imsqti:feedbackType>none</imsqti:feedbackType>
          </imsqti:qtiMetadata>
        </lom>
      </metadata>
      <file href="Q47_Multiple_Choice.xml" />
    </resource>
    <resource identifier="ID_QTIExport_Resource_48" type="imsqti_item_xmlv2p1" href="Q48_Multiple_Choice.xml">
      <metadata>
        <lom xmlns="http://ltsc.ieee.org/xsd/LOM">
          <general>
            <title>
              <string>According to your text, which of the following is true about employee absenteeism?</string>
            </title>
          </general>
          <educational>
            <description>
              <string>The Market for Physicians’ Services</string>
            </description>
            <intendedEndUserRole>
              <value>teacher</value>
            </intendedEndUserRole>
            <context />
          </educational>
          <imsqti:qtiMetadata>
            <imsqti:interactionType>choiceInteraction</imsqti:interactionType>
            <imsqti:itemTemplate>false</imsqti:itemTemplate>
            <imsqti:timeDependent>false</imsqti:timeDependent>
            <imsqti:composite>false</imsqti:composite>
            <imsqti:solutionAvailable>true</imsqti:solutionAvailable>
            <imsqti:feedbackType>none</imsqti:feedbackType>
          </imsqti:qtiMetadata>
        </lom>
      </metadata>
      <file href="Q48_Multiple_Choice.xml" />
    </resource>
    <resource identifier="ID_QTIExport_Resource_49" type="imsqti_item_xmlv2p1" href="Q49_Multiple_Choice.xml">
      <metadata>
        <lom xmlns="http://ltsc.ieee.org/xsd/LOM">
          <general>
            <title>
              <string>You would like to hire employees who will not miss work. Your best bet would be to hire applicants who score high on the personality dimension of:</string>
            </title>
          </general>
          <educational>
            <description>
              <string>The Market for Physicians’ Services</string>
            </description>
            <intendedEndUserRole>
              <value>teacher</value>
            </intendedEndUserRole>
            <context />
          </educational>
          <imsqti:qtiMetadata>
            <imsqti:interactionType>choiceInteraction</imsqti:interactionType>
            <imsqti:itemTemplate>false</imsqti:itemTemplate>
            <imsqti:timeDependent>false</imsqti:timeDependent>
            <imsqti:composite>false</imsqti:composite>
            <imsqti:solutionAvailable>true</imsqti:solutionAvailable>
            <imsqti:feedbackType>none</imsqti:feedbackType>
          </imsqti:qtiMetadata>
        </lom>
      </metadata>
      <file href="Q49_Multiple_Choice.xml" />
    </resource>
    <resource identifier="ID_QTIExport_Resource_50" type="imsqti_item_xmlv2p1" href="Q50_Multiple_Choice.xml">
      <metadata>
        <lom xmlns="http://ltsc.ieee.org/xsd/LOM">
          <general>
            <title>
              <string>Approximately ____ of employees change jobs each month.</string>
            </title>
          </general>
          <educational>
            <description>
              <string>Understand why employees quit their jobs and what can be done to reduce turnover</string>
            </description>
            <intendedEndUserRole>
              <value>teacher</value>
            </intendedEndUserRole>
            <context />
          </educational>
          <imsqti:qtiMetadata>
            <imsqti:interactionType>choiceInteraction</imsqti:interactionType>
            <imsqti:itemTemplate>false</imsqti:itemTemplate>
            <imsqti:timeDependent>false</imsqti:timeDependent>
            <imsqti:composite>false</imsqti:composite>
            <imsqti:solutionAvailable>true</imsqti:solutionAvailable>
            <imsqti:feedbackType>none</imsqti:feedbackType>
          </imsqti:qtiMetadata>
        </lom>
      </metadata>
      <file href="Q50_Multiple_Choice.xml" />
    </resource>
    <resource identifier="ID_QTIExport_Resource_51" type="imsqti_item_xmlv2p1" href="Q51_Multiple_Choice.xml">
      <metadata>
        <lom xmlns="http://ltsc.ieee.org/xsd/LOM">
          <general>
            <title>
              <string>A review of 30 case studies suggests that the cost to replace an employee who leaves is approximately:</string>
            </title>
          </general>
          <educational>
            <description>
              <string>Understand why employees quit their jobs and what can be done to reduce turnover</string>
            </description>
            <intendedEndUserRole>
              <value>teacher</value>
            </intendedEndUserRole>
            <context />
          </educational>
          <imsqti:qtiMetadata>
            <imsqti:interactionType>choiceInteraction</imsqti:interactionType>
            <imsqti:itemTemplate>false</imsqti:itemTemplate>
            <imsqti:timeDependent>false</imsqti:timeDependent>
            <imsqti:composite>false</imsqti:composite>
            <imsqti:solutionAvailable>true</imsqti:solutionAvailable>
            <imsqti:feedbackType>none</imsqti:feedbackType>
          </imsqti:qtiMetadata>
        </lom>
      </metadata>
      <file href="Q51_Multiple_Choice.xml" />
    </resource>
    <resource identifier="ID_QTIExport_Resource_52" type="imsqti_item_xmlv2p1" href="Q52_Multiple_Choice.xml">
      <metadata>
        <lom xmlns="http://ltsc.ieee.org/xsd/LOM">
          <general>
            <title>
              <string>Considering a good person-organization fit might reduce turnover that is caused by:</string>
            </title>
          </general>
          <educational>
            <description>
              <string>Understand why employees quit their jobs and what can be done to reduce turnover</string>
            </description>
            <intendedEndUserRole>
              <value>teacher</value>
            </intendedEndUserRole>
            <context />
          </educational>
          <imsqti:qtiMetadata>
            <imsqti:interactionType>choiceInteraction</imsqti:interactionType>
            <imsqti:itemTemplate>false</imsqti:itemTemplate>
            <imsqti:timeDependent>false</imsqti:timeDependent>
            <imsqti:composite>false</imsqti:composite>
            <imsqti:solutionAvailable>true</imsqti:solutionAvailable>
            <imsqti:feedbackType>none</imsqti:feedbackType>
          </imsqti:qtiMetadata>
        </lom>
      </metadata>
      <file href="Q52_Multiple_Choice.xml" />
    </resource>
    <resource identifier="ID_QTIExport_Resource_53" type="imsqti_item_xmlv2p1" href="Q53_Multiple_Choice.xml">
      <metadata>
        <lom xmlns="http://ltsc.ieee.org/xsd/LOM">
          <general>
            <title>
              <string>Realistic job previews might reduce turnover that is caused by:</string>
            </title>
          </general>
          <educational>
            <description>
              <string>Understand why employees quit their jobs and what can be done to reduce turnover</string>
            </description>
            <intendedEndUserRole>
              <value>teacher</value>
            </intendedEndUserRole>
            <context />
          </educational>
          <imsqti:qtiMetadata>
            <imsqti:interactionType>choiceInteraction</imsqti:interactionType>
            <imsqti:itemTemplate>false</imsqti:itemTemplate>
            <imsqti:timeDependent>false</imsqti:timeDependent>
            <imsqti:composite>false</imsqti:composite>
            <imsqti:solutionAvailable>true</imsqti:solutionAvailable>
            <imsqti:feedbackType>none</imsqti:feedbackType>
          </imsqti:qtiMetadata>
        </lom>
      </metadata>
      <file href="Q53_Multiple_Choice.xml" />
    </resource>
    <resource identifier="ID_QTIExport_Resource_54" type="imsqti_item_xmlv2p1" href="Q54_Multiple_Choice.xml">
      <metadata>
        <lom xmlns="http://ltsc.ieee.org/xsd/LOM">
          <general>
            <title>
              <string>Andrea conducted interviews of employees who quit their jobs with her company. She found that the biggest reason employees were leaving is that they couldn’t handle the stress associated with conflicts with other employees. To reduce future turnover, Andre</string>
            </title>
          </general>
          <educational>
            <description>
              <string>Understand why employees quit their jobs and what can be done to reduce turnover</string>
            </description>
            <intendedEndUserRole>
              <value>teacher</value>
            </intendedEndUserRole>
            <context />
          </educational>
          <imsqti:qtiMetadata>
            <imsqti:interactionType>choiceInteraction</imsqti:interactionType>
            <imsqti:itemTemplate>false</imsqti:itemTemplate>
            <imsqti:timeDependent>false</imsqti:timeDependent>
            <imsqti:composite>false</imsqti:composite>
            <imsqti:solutionAvailable>true</imsqti:solutionAvailable>
            <imsqti:feedbackType>none</imsqti:feedbackType>
          </imsqti:qtiMetadata>
        </lom>
      </metadata>
      <file href="Q54_Multiple_Choice.xml" />
    </resource>
    <resource identifier="ID_QTIExport_Resource_55" type="imsqti_item_xmlv2p1" href="Q55_Objective_Short_Answer.xml">
      <metadata>
        <lom xmlns="http://ltsc.ieee.org/xsd/LOM">
          <general>
            <title>
              <string>What work behaviors are correlated with job satisfaction?</string>
            </title>
          </general>
          <educational>
            <description>
              <string>The Future Physician Shortage</string>
            </description>
            <intendedEndUserRole>
              <value>teacher</value>
            </intendedEndUserRole>
            <context />
          </educational>
          <imsqti:qtiMetadata>
            <imsqti:interactionType>extendedTextInteraction</imsqti:interactionType>
            <imsqti:itemTemplate>false</imsqti:itemTemplate>
            <imsqti:timeDependent>false</imsqti:timeDependent>
            <imsqti:composite>false</imsqti:composite>
            <imsqti:solutionAvailable>true</imsqti:solutionAvailable>
            <imsqti:feedbackType>none</imsqti:feedbackType>
          </imsqti:qtiMetadata>
        </lom>
      </metadata>
      <file href="Q55_Objective_Short_Answer.xml" />
    </resource>
    <resource identifier="ID_QTIExport_Resource_56" type="imsqti_item_xmlv2p1" href="Q56_Objective_Short_Answer.xml">
      <metadata>
        <lom xmlns="http://ltsc.ieee.org/xsd/LOM">
          <general>
            <title>
              <string>What are the four factors that make up a person's core evaluation?</string>
            </title>
          </general>
          <educational>
            <description>
              <string>The Model of Input Pricing</string>
            </description>
            <intendedEndUserRole>
              <value>teacher</value>
            </intendedEndUserRole>
            <context />
          </educational>
          <imsqti:qtiMetadata>
            <imsqti:interactionType>extendedTextInteraction</imsqti:interactionType>
            <imsqti:itemTemplate>false</imsqti:itemTemplate>
            <imsqti:timeDependent>false</imsqti:timeDependent>
            <imsqti:composite>false</imsqti:composite>
            <imsqti:solutionAvailable>true</imsqti:solutionAvailable>
            <imsqti:feedbackType>none</imsqti:feedbackType>
          </imsqti:qtiMetadata>
        </lom>
      </metadata>
      <file href="Q56_Objective_Short_Answer.xml" />
    </resource>
    <resource identifier="ID_QTIExport_Resource_57" type="imsqti_item_xmlv2p1" href="Q57_Objective_Short_Answer.xml">
      <metadata>
        <lom xmlns="http://ltsc.ieee.org/xsd/LOM">
          <general>
            <title>
              <string>What causes employees to be satisfied with their jobs?</string>
            </title>
          </general>
          <educational>
            <description>
              <string>The Model of Input Pricing</string>
            </description>
            <intendedEndUserRole>
              <value>teacher</value>
            </intendedEndUserRole>
            <context />
          </educational>
          <imsqti:qtiMetadata>
            <imsqti:interactionType>extendedTextInteraction</imsqti:interactionType>
            <imsqti:itemTemplate>false</imsqti:itemTemplate>
            <imsqti:timeDependent>false</imsqti:timeDependent>
            <imsqti:composite>false</imsqti:composite>
            <imsqti:solutionAvailable>true</imsqti:solutionAvailable>
            <imsqti:feedbackType>none</imsqti:feedbackType>
          </imsqti:qtiMetadata>
        </lom>
      </metadata>
      <file href="Q57_Objective_Short_Answer.xml" />
    </resource>
    <resource identifier="ID_QTIExport_Resource_58" type="imsqti_item_xmlv2p1" href="Q58_Objective_Short_Answer.xml">
      <metadata>
        <lom xmlns="http://ltsc.ieee.org/xsd/LOM">
          <general>
            <title>
              <string>What are three ways to increase growth and challenge in a job?</string>
            </title>
          </general>
          <educational>
            <description>
              <string>Demand for Inputs</string>
            </description>
            <intendedEndUserRole>
              <value>teacher</value>
            </intendedEndUserRole>
            <context />
          </educational>
          <imsqti:qtiMetadata>
            <imsqti:interactionType>extendedTextInteraction</imsqti:interactionType>
            <imsqti:itemTemplate>false</imsqti:itemTemplate>
            <imsqti:timeDependent>false</imsqti:timeDependent>
            <imsqti:composite>false</imsqti:composite>
            <imsqti:solutionAvailable>true</imsqti:solutionAvailable>
            <imsqti:feedbackType>none</imsqti:feedbackType>
          </imsqti:qtiMetadata>
        </lom>
      </metadata>
      <file href="Q58_Objective_Short_Answer.xml" />
    </resource>
    <resource identifier="ID_QTIExport_Resource_59" type="imsqti_item_xmlv2p1" href="Q59_Objective_Short_Answer.xml">
      <metadata>
        <lom xmlns="http://ltsc.ieee.org/xsd/LOM">
          <general>
            <title>
              <string>What are five scales used to measure job satisfaction?</string>
            </title>
          </general>
          <educational>
            <description>
              <string>Human Capital Investment</string>
            </description>
            <intendedEndUserRole>
              <value>teacher</value>
            </intendedEndUserRole>
            <context />
          </educational>
          <imsqti:qtiMetadata>
            <imsqti:interactionType>extendedTextInteraction</imsqti:interactionType>
            <imsqti:itemTemplate>false</imsqti:itemTemplate>
            <imsqti:timeDependent>false</imsqti:timeDependent>
            <imsqti:composite>false</imsqti:composite>
            <imsqti:solutionAvailable>true</imsqti:solutionAvailable>
            <imsqti:feedbackType>none</imsqti:feedbackType>
          </imsqti:qtiMetadata>
        </lom>
      </metadata>
      <file href="Q59_Objective_Short_Answer.xml" />
    </resource>
    <resource identifier="ID_QTIExport_Resource_60" type="imsqti_item_xmlv2p1" href="Q60_Objective_Short_Answer.xml">
      <metadata>
        <lom xmlns="http://ltsc.ieee.org/xsd/LOM">
          <general>
            <title>
              <string>What are some strategies for increasing attendance?</string>
            </title>
          </general>
          <educational>
            <description>
              <string>The Market for Physicians’ Services</string>
            </description>
            <intendedEndUserRole>
              <value>teacher</value>
            </intendedEndUserRole>
            <context />
          </educational>
          <imsqti:qtiMetadata>
            <imsqti:interactionType>extendedTextInteraction</imsqti:interactionType>
            <imsqti:itemTemplate>false</imsqti:itemTemplate>
            <imsqti:timeDependent>false</imsqti:timeDependent>
            <imsqti:composite>false</imsqti:composite>
            <imsqti:solutionAvailable>true</imsqti:solutionAvailable>
            <imsqti:feedbackType>none</imsqti:feedbackType>
          </imsqti:qtiMetadata>
        </lom>
      </metadata>
      <file href="Q60_Objective_Short_Answer.xml" />
    </resource>
  </resources>
</manifest>