﻿<?xml version="1.0" encoding="UTF-8"?>
<assessmentItem xmlns:xsi="http://www.w3.org/2001/XMLSchema-instance" xmlns="http://www.imsglobal.org/xsd/imsqti_v2p1" xsi:schemaLocation="http://www.imsglobal.org/xsd/imsqti_v2p1 http://www.imsglobal.org/xsd/qti/qtiv2p1/imsqti_v2p1p2.xsd" identifier="test-item10" title="Clay is objectively very intelligent and Joshua is significantly less so. On the basis of the meta-analysis by Griffeth, Hom, and Gaertner (2000), we would expect Clay to be _________ with his job and Joshua to be ______ satisfied with his job." adaptive="false" timeDependent="false">
  <responseDeclaration identifier="RESPONSE" cardinality="single" baseType="identifier">
    <correctResponse>
      <value>C3</value>
    </correctResponse>
  </responseDeclaration>
  <outcomeDeclaration identifier="SCORE" cardinality="single" baseType="integer" />
  <itemBody>
    <choiceInteraction responseIdentifier="RESPONSE" shuffle="true" maxChoices="1">
      <prompt>
        <span class="p">
          <span>Clay is objectively very intelligent and Joshua is significantly less so. On the basis of the meta-analysis by Griffeth, Hom, and Gaertner (2000), we would expect Clay to be _________ with his job and Joshua to be ______ satisfied with his job.</span>
        </span>
      </prompt>
      <simpleChoice identifier="C0">
        <span>
          <span>dissatisfied / satisfied</span>
        </span>
      </simpleChoice>
      <simpleChoice identifier="C1">
        <span>
          <span>satisfied / dissatisfied</span>
        </span>
      </simpleChoice>
      <simpleChoice identifier="C2">
        <span>
          <span>satisfied / satisfied</span>
        </span>
      </simpleChoice>
      <simpleChoice identifier="C3">
        <span>
          <span>intelligence is not related to job satisfaction</span>
        </span>
      </simpleChoice>
    </choiceInteraction>
  </itemBody>
  <responseProcessing>
    <responseCondition>
      <responseIf>
        <match>
          <variable identifier="RESPONSE" />
          <correct identifier="RESPONSE" />
        </match>
        <setOutcomeValue identifier="SCORE">
          <baseValue baseType="integer">1</baseValue>
        </setOutcomeValue>
      </responseIf>
      <responseElse>
        <setOutcomeValue identifier="SCORE">
          <baseValue baseType="integer">0</baseValue>
        </setOutcomeValue>
      </responseElse>
    </responseCondition>
  </responseProcessing>
</assessmentItem>