﻿<?xml version="1.0" encoding="UTF-8"?>
<assessmentItem xmlns:xsi="http://www.w3.org/2001/XMLSchema-instance" xmlns="http://www.imsglobal.org/xsd/imsqti_v2p1" xsi:schemaLocation="http://www.imsglobal.org/xsd/imsqti_v2p1 http://www.imsglobal.org/xsd/qti/qtiv2p1/imsqti_v2p1p2.xsd" identifier="test-item11" title="Reuben had certain expectations about his new job and his new company. After three months on the job, Reuben realized that the reality of the job and the organization were different from his expectations. Reuben is likely to be:" adaptive="false" timeDependent="false">
  <responseDeclaration identifier="RESPONSE" cardinality="single" baseType="identifier">
    <correctResponse>
      <value>C1</value>
    </correctResponse>
  </responseDeclaration>
  <outcomeDeclaration identifier="SCORE" cardinality="single" baseType="integer" />
  <itemBody>
    <choiceInteraction responseIdentifier="RESPONSE" shuffle="true" maxChoices="1">
      <prompt>
        <span>
          <span>Reuben had certain expectations about his new job and his new company. After three months on the job, Reuben realized that the reality of the job and the organization were different from his expectations. Reuben is likely to be:</span>
        </span>
      </prompt>
      <simpleChoice identifier="C0">
        <span>
          <span>less satisfied and less committed but will stay with the organization</span>
        </span>
      </simpleChoice>
      <simpleChoice identifier="C1">
        <span>
          <span>less satisfied and less committed and will probably leave the organization</span>
        </span>
      </simpleChoice>
      <simpleChoice identifier="C2">
        <span>
          <span>satisfied but not committed and will stay with the organization</span>
        </span>
      </simpleChoice>
      <simpleChoice identifier="C3">
        <span>
          <span>satisfied and committed and will stay with the organization</span>
        </span>
      </simpleChoice>
    </choiceInteraction>
  </itemBody>
  <responseProcessing>
    <responseCondition>
      <responseIf>
        <match>
          <variable identifier="RESPONSE" />
          <correct identifier="RESPONSE" />
        </match>
        <setOutcomeValue identifier="SCORE">
          <baseValue baseType="integer">1</baseValue>
        </setOutcomeValue>
      </responseIf>
      <responseElse>
        <setOutcomeValue identifier="SCORE">
          <baseValue baseType="integer">0</baseValue>
        </setOutcomeValue>
      </responseElse>
    </responseCondition>
  </responseProcessing>
</assessmentItem>