﻿<?xml version="1.0" encoding="UTF-8"?>
<assessmentItem xmlns:xsi="http://www.w3.org/2001/XMLSchema-instance" xmlns="http://www.imsglobal.org/xsd/imsqti_v2p1" xsi:schemaLocation="http://www.imsglobal.org/xsd/imsqti_v2p1 http://www.imsglobal.org/xsd/qti/qtiv2p1/imsqti_v2p1p2.xsd" identifier="test-item16" title="According to ____ &amp;quot;new&amp;quot; employees who work with highly satisfied &amp;quot;old&amp;quot; employees are more likely to be highly satisfied themselves." adaptive="false" timeDependent="false">
  <responseDeclaration identifier="RESPONSE" cardinality="single" baseType="identifier">
    <correctResponse>
      <value>C3</value>
    </correctResponse>
  </responseDeclaration>
  <outcomeDeclaration identifier="SCORE" cardinality="single" baseType="integer" />
  <itemBody>
    <choiceInteraction responseIdentifier="RESPONSE" shuffle="true" maxChoices="1">
      <prompt>
        <span>
          <span>According to ____ "new" employees who work with highly satisfied "old" employees are more likely to be highly satisfied themselves.</span>
        </span>
      </prompt>
      <simpleChoice identifier="C0">
        <span>
          <span>individual differences theory</span>
        </span>
      </simpleChoice>
      <simpleChoice identifier="C1">
        <span>
          <span>McClelland's needs theory</span>
        </span>
      </simpleChoice>
      <simpleChoice identifier="C2">
        <span>
          <span>consistency theory</span>
        </span>
      </simpleChoice>
      <simpleChoice identifier="C3">
        <span>
          <span>social information processing theory </span>
        </span>
      </simpleChoice>
    </choiceInteraction>
  </itemBody>
  <responseProcessing>
    <responseCondition>
      <responseIf>
        <match>
          <variable identifier="RESPONSE" />
          <correct identifier="RESPONSE" />
        </match>
        <setOutcomeValue identifier="SCORE">
          <baseValue baseType="integer">1</baseValue>
        </setOutcomeValue>
      </responseIf>
      <responseElse>
        <setOutcomeValue identifier="SCORE">
          <baseValue baseType="integer">0</baseValue>
        </setOutcomeValue>
      </responseElse>
    </responseCondition>
  </responseProcessing>
</assessmentItem>