﻿<?xml version="1.0" encoding="UTF-8"?>
<assessmentItem xmlns:xsi="http://www.w3.org/2001/XMLSchema-instance" xmlns="http://www.imsglobal.org/xsd/imsqti_v2p1" xsi:schemaLocation="http://www.imsglobal.org/xsd/imsqti_v2p1 http://www.imsglobal.org/xsd/qti/qtiv2p1/imsqti_v2p1p2.xsd" identifier="test-item23" title="Job ____ refers to giving an employee more tasks to do at one time; job _____ refers to giving an employee the same number of tasks to perform at any one time but different tasks from time to time; job _____ refers to giving employees more responsibility f" adaptive="false" timeDependent="false">
  <responseDeclaration identifier="RESPONSE" cardinality="single" baseType="identifier">
    <correctResponse>
      <value>C0</value>
    </correctResponse>
  </responseDeclaration>
  <outcomeDeclaration identifier="SCORE" cardinality="single" baseType="integer" />
  <itemBody>
    <choiceInteraction responseIdentifier="RESPONSE" shuffle="true" maxChoices="1">
      <prompt>
        <span class="p">
          <span>Job ____ refers to giving an employee more tasks to do at one time; job _____ refers to giving an employee the same number of tasks to perform at any one time but different tasks from time to time; job _____ refers to giving employees more responsibility for performing their jobs.</span>
        </span>
      </prompt>
      <simpleChoice identifier="C0">
        <span>
          <span>enlargement / rotation / enrichment</span>
        </span>
      </simpleChoice>
      <simpleChoice identifier="C1">
        <span>
          <span>rotation / enlargement / enrichment</span>
        </span>
      </simpleChoice>
      <simpleChoice identifier="C2">
        <span>
          <span>enrichment / rotation / enlargement</span>
        </span>
      </simpleChoice>
      <simpleChoice identifier="C3">
        <span>
          <span>enrichment / enlargement / rotation</span>
        </span>
      </simpleChoice>
    </choiceInteraction>
  </itemBody>
  <responseProcessing>
    <responseCondition>
      <responseIf>
        <match>
          <variable identifier="RESPONSE" />
          <correct identifier="RESPONSE" />
        </match>
        <setOutcomeValue identifier="SCORE">
          <baseValue baseType="integer">1</baseValue>
        </setOutcomeValue>
      </responseIf>
      <responseElse>
        <setOutcomeValue identifier="SCORE">
          <baseValue baseType="integer">0</baseValue>
        </setOutcomeValue>
      </responseElse>
    </responseCondition>
  </responseProcessing>
</assessmentItem>