﻿<?xml version="1.0" encoding="UTF-8"?>
<assessmentItem xmlns:xsi="http://www.w3.org/2001/XMLSchema-instance" xmlns="http://www.imsglobal.org/xsd/imsqti_v2p1" xsi:schemaLocation="http://www.imsglobal.org/xsd/imsqti_v2p1 http://www.imsglobal.org/xsd/qti/qtiv2p1/imsqti_v2p1p2.xsd" identifier="test-item28" title="Hamari’s organization brought in a consultant who suggested that her company increase the level of job enrichment for her position. On the basis of research, this change should result in Hamari:" adaptive="false" timeDependent="false">
  <responseDeclaration identifier="RESPONSE" cardinality="single" baseType="identifier">
    <correctResponse>
      <value>C3</value>
    </correctResponse>
  </responseDeclaration>
  <outcomeDeclaration identifier="SCORE" cardinality="single" baseType="integer" />
  <itemBody>
    <choiceInteraction responseIdentifier="RESPONSE" shuffle="true" maxChoices="1">
      <prompt>
        <span class="p">
          <span>Hamari’s organization brought in a consultant who suggested that her company increase the level of job enrichment for her position. On the basis of research, this change should result in Hamari:</span>
        </span>
      </prompt>
      <simpleChoice identifier="C0">
        <span>
          <span>being more satisfied</span>
        </span>
      </simpleChoice>
      <simpleChoice identifier="C1">
        <span>
          <span>being less likely to leave the company</span>
        </span>
      </simpleChoice>
      <simpleChoice identifier="C2">
        <span>
          <span>being less likely to miss work</span>
        </span>
      </simpleChoice>
      <simpleChoice identifier="C3">
        <span>
          <span>being more likely to want a higher salary</span>
        </span>
      </simpleChoice>
    </choiceInteraction>
  </itemBody>
  <responseProcessing>
    <responseCondition>
      <responseIf>
        <match>
          <variable identifier="RESPONSE" />
          <correct identifier="RESPONSE" />
        </match>
        <setOutcomeValue identifier="SCORE">
          <baseValue baseType="integer">1</baseValue>
        </setOutcomeValue>
      </responseIf>
      <responseElse>
        <setOutcomeValue identifier="SCORE">
          <baseValue baseType="integer">0</baseValue>
        </setOutcomeValue>
      </responseElse>
    </responseCondition>
  </responseProcessing>
</assessmentItem>