﻿<?xml version="1.0" encoding="UTF-8"?>
<assessmentItem xmlns:xsi="http://www.w3.org/2001/XMLSchema-instance" xmlns="http://www.imsglobal.org/xsd/imsqti_v2p1" xsi:schemaLocation="http://www.imsglobal.org/xsd/imsqti_v2p1 http://www.imsglobal.org/xsd/qti/qtiv2p1/imsqti_v2p1p2.xsd" identifier="test-item33" title="An organization interested in measuring the overall satisfaction level of its employees rather than the employees’ satisfaction with several job facets would probably use the _____ to measure satisfaction." adaptive="false" timeDependent="false">
  <responseDeclaration identifier="RESPONSE" cardinality="single" baseType="identifier">
    <correctResponse>
      <value>C2</value>
    </correctResponse>
  </responseDeclaration>
  <outcomeDeclaration identifier="SCORE" cardinality="single" baseType="integer" />
  <itemBody>
    <choiceInteraction responseIdentifier="RESPONSE" shuffle="true" maxChoices="1">
      <prompt>
        <span class="p">
          <span>An organization interested in measuring the overall satisfaction level of its employees rather than the employees’ satisfaction with several job facets would probably use the _____ to measure satisfaction.</span>
        </span>
      </prompt>
      <simpleChoice identifier="C0">
        <span>
          <span>Nagy Job Satisfaction Scale</span>
        </span>
      </simpleChoice>
      <simpleChoice identifier="C1">
        <span>
          <span>Job Descriptive Index</span>
        </span>
      </simpleChoice>
      <simpleChoice identifier="C2">
        <span>
          <span>Job in General Scale</span>
        </span>
      </simpleChoice>
      <simpleChoice identifier="C3">
        <span>
          <span>Minnesota Satisfaction Questionnaire</span>
        </span>
      </simpleChoice>
    </choiceInteraction>
  </itemBody>
  <responseProcessing>
    <responseCondition>
      <responseIf>
        <match>
          <variable identifier="RESPONSE" />
          <correct identifier="RESPONSE" />
        </match>
        <setOutcomeValue identifier="SCORE">
          <baseValue baseType="integer">1</baseValue>
        </setOutcomeValue>
      </responseIf>
      <responseElse>
        <setOutcomeValue identifier="SCORE">
          <baseValue baseType="integer">0</baseValue>
        </setOutcomeValue>
      </responseElse>
    </responseCondition>
  </responseProcessing>
</assessmentItem>