﻿<?xml version="1.0" encoding="UTF-8"?>
<assessmentItem xmlns:xsi="http://www.w3.org/2001/XMLSchema-instance" xmlns="http://www.imsglobal.org/xsd/imsqti_v2p1" xsi:schemaLocation="http://www.imsglobal.org/xsd/imsqti_v2p1 http://www.imsglobal.org/xsd/qti/qtiv2p1/imsqti_v2p1p2.xsd" identifier="test-item3" title="Russell was out of work for 9 months before being hired by Midwest Medical Supplies. Midwest has treated Russell well, gave him a raise during a time in which the company was losing money, and sent him to several expensive training programs to help his car" adaptive="false" timeDependent="false">
  <responseDeclaration identifier="RESPONSE" cardinality="single" baseType="identifier">
    <correctResponse>
      <value>C2</value>
    </correctResponse>
  </responseDeclaration>
  <outcomeDeclaration identifier="SCORE" cardinality="single" baseType="integer" />
  <itemBody>
    <choiceInteraction responseIdentifier="RESPONSE" shuffle="true" maxChoices="1">
      <prompt>
        <span class="p">
          <span>Russell was out of work for 9 months before being hired by Midwest Medical Supplies. Midwest has treated Russell well, gave him a raise during a time in which the company was losing money, and sent him to several expensive training programs to help his career. Russell has been offered a job at a competitor that would increase his salary by $10,000. Though accepting the new job would seem to be an easy decision to make, Russell feels he should remain with Midwest. His commitment to Midwest is a good example of:</span>
        </span>
      </prompt>
      <simpleChoice identifier="C0">
        <span>
          <span>affective commitment</span>
        </span>
      </simpleChoice>
      <simpleChoice identifier="C1">
        <span>
          <span>continuance commitment</span>
        </span>
      </simpleChoice>
      <simpleChoice identifier="C2">
        <span>
          <span>normative commitment</span>
        </span>
      </simpleChoice>
      <simpleChoice identifier="C3">
        <span>
          <span>volitional commitment</span>
        </span>
      </simpleChoice>
    </choiceInteraction>
  </itemBody>
  <responseProcessing>
    <responseCondition>
      <responseIf>
        <match>
          <variable identifier="RESPONSE" />
          <correct identifier="RESPONSE" />
        </match>
        <setOutcomeValue identifier="SCORE">
          <baseValue baseType="integer">1</baseValue>
        </setOutcomeValue>
      </responseIf>
      <responseElse>
        <setOutcomeValue identifier="SCORE">
          <baseValue baseType="integer">0</baseValue>
        </setOutcomeValue>
      </responseElse>
    </responseCondition>
  </responseProcessing>
</assessmentItem>