﻿<?xml version="1.0" encoding="UTF-8"?>
<assessmentItem xmlns:xsi="http://www.w3.org/2001/XMLSchema-instance" xmlns="http://www.imsglobal.org/xsd/imsqti_v2p1" xsi:schemaLocation="http://www.imsglobal.org/xsd/imsqti_v2p1 http://www.imsglobal.org/xsd/qti/qtiv2p1/imsqti_v2p1p2.xsd" identifier="test-item42" title="Tavris Manufacturing gives its employees 10 vacation days, 3 personal days, 11 holidays, and 5 paid sick days per year. Edmunds Industries gives its employees 29 days of paid time off for any reason in which the employee chooses to use them. Edmunds Indust" adaptive="false" timeDependent="false">
  <responseDeclaration identifier="RESPONSE" cardinality="single" baseType="identifier">
    <correctResponse>
      <value>C3</value>
    </correctResponse>
  </responseDeclaration>
  <outcomeDeclaration identifier="SCORE" cardinality="single" baseType="integer" />
  <itemBody>
    <choiceInteraction responseIdentifier="RESPONSE" shuffle="true" maxChoices="1">
      <prompt>
        <span>
          <span>Tavris Manufacturing gives its employees 10 vacation days, 3 personal days, 11 holidays, and 5 paid sick days per year. Edmunds Industries gives its employees 29 days of paid time off for any reason in which the employee chooses to use them. Edmunds Industries is using a ______ program.</span>
        </span>
      </prompt>
      <simpleChoice identifier="C0">
        <span>
          <span>wellness</span>
        </span>
      </simpleChoice>
      <simpleChoice identifier="C1">
        <span>
          <span>flextime</span>
        </span>
      </simpleChoice>
      <simpleChoice identifier="C2">
        <span>
          <span>well pay</span>
        </span>
      </simpleChoice>
      <simpleChoice identifier="C3">
        <span>
          <span>paid time off </span>
        </span>
      </simpleChoice>
    </choiceInteraction>
  </itemBody>
  <responseProcessing>
    <responseCondition>
      <responseIf>
        <match>
          <variable identifier="RESPONSE" />
          <correct identifier="RESPONSE" />
        </match>
        <setOutcomeValue identifier="SCORE">
          <baseValue baseType="integer">1</baseValue>
        </setOutcomeValue>
      </responseIf>
      <responseElse>
        <setOutcomeValue identifier="SCORE">
          <baseValue baseType="integer">0</baseValue>
        </setOutcomeValue>
      </responseElse>
    </responseCondition>
  </responseProcessing>
</assessmentItem>