﻿<?xml version="1.0" encoding="UTF-8"?>
<assessmentItem xmlns:xsi="http://www.w3.org/2001/XMLSchema-instance" xmlns="http://www.imsglobal.org/xsd/imsqti_v2p1" xsi:schemaLocation="http://www.imsglobal.org/xsd/imsqti_v2p1 http://www.imsglobal.org/xsd/qti/qtiv2p1/imsqti_v2p1p2.xsd" identifier="test-item54" title="Andrea conducted interviews of employees who quit their jobs with her company. She found that the biggest reason employees were leaving is that they couldn’t handle the stress associated with conflicts with other employees. To reduce future turnover, Andre" adaptive="false" timeDependent="false">
  <responseDeclaration identifier="RESPONSE" cardinality="single" baseType="identifier">
    <correctResponse>
      <value>C0</value>
    </correctResponse>
  </responseDeclaration>
  <outcomeDeclaration identifier="SCORE" cardinality="single" baseType="integer" />
  <itemBody>
    <choiceInteraction responseIdentifier="RESPONSE" shuffle="true" maxChoices="1">
      <prompt>
        <span class="p">
          <span>Andrea conducted interviews of employees who quit their jobs with her company. She found that the biggest reason employees were leaving is that they couldn’t handle the stress associated with conflicts with other employees. To reduce future turnover, Andrea should develop:</span>
        </span>
      </prompt>
      <simpleChoice identifier="C0">
        <span>
          <span>a mediation program</span>
        </span>
      </simpleChoice>
      <simpleChoice identifier="C1">
        <span>
          <span>a realistic job preview</span>
        </span>
      </simpleChoice>
      <simpleChoice identifier="C2">
        <span>
          <span>a test of person-organization fit</span>
        </span>
      </simpleChoice>
      <simpleChoice identifier="C3">
        <span>
          <span>more opportunities for advancement</span>
        </span>
      </simpleChoice>
    </choiceInteraction>
  </itemBody>
  <responseProcessing>
    <responseCondition>
      <responseIf>
        <match>
          <variable identifier="RESPONSE" />
          <correct identifier="RESPONSE" />
        </match>
        <setOutcomeValue identifier="SCORE">
          <baseValue baseType="integer">1</baseValue>
        </setOutcomeValue>
      </responseIf>
      <responseElse>
        <setOutcomeValue identifier="SCORE">
          <baseValue baseType="integer">0</baseValue>
        </setOutcomeValue>
      </responseElse>
    </responseCondition>
  </responseProcessing>
</assessmentItem>