﻿<?xml version="1.0" encoding="UTF-8"?>
<assessmentItem xmlns:xsi="http://www.w3.org/2001/XMLSchema-instance" xmlns="http://www.imsglobal.org/xsd/imsqti_v2p1" xsi:schemaLocation="http://www.imsglobal.org/xsd/imsqti_v2p1 http://www.imsglobal.org/xsd/qti/qtiv2p1/imsqti_v2p1p2.xsd" identifier="test-item0" title="A manager who asks such questions as &amp;quot;Why are we doing this?&amp;quot; and &amp;quot;How and when did we start doing this?&amp;quot; is:" adaptive="false" timeDependent="false">
  <responseDeclaration identifier="RESPONSE" cardinality="single" baseType="identifier">
    <correctResponse>
      <value>C3</value>
    </correctResponse>
  </responseDeclaration>
  <outcomeDeclaration identifier="SCORE" cardinality="single" baseType="integer" />
  <itemBody>
    <choiceInteraction responseIdentifier="RESPONSE" shuffle="true" maxChoices="1">
      <prompt>
        <span class="p">
          <span>A manager who asks such questions as "Why are we doing this?" and "How and when did we</span>
        </span>
        <p>
          <span>start doing this?" is:</span>
        </p>
      </prompt>
      <simpleChoice identifier="C0">
        <span>
          <span>a whiner</span>
        </span>
      </simpleChoice>
      <simpleChoice identifier="C1">
        <span>
          <span>ready to downsize the organization</span>
        </span>
      </simpleChoice>
      <simpleChoice identifier="C2">
        <span>
          <span>about to reorganize a work unit</span>
        </span>
      </simpleChoice>
      <simpleChoice identifier="C3">
        <span>
          <span>conducting a sacred cow hunt</span>
        </span>
      </simpleChoice>
    </choiceInteraction>
  </itemBody>
  <responseProcessing>
    <responseCondition>
      <responseIf>
        <match>
          <variable identifier="RESPONSE" />
          <correct identifier="RESPONSE" />
        </match>
        <setOutcomeValue identifier="SCORE">
          <baseValue baseType="integer">1</baseValue>
        </setOutcomeValue>
      </responseIf>
      <responseElse>
        <setOutcomeValue identifier="SCORE">
          <baseValue baseType="integer">0</baseValue>
        </setOutcomeValue>
      </responseElse>
    </responseCondition>
  </responseProcessing>
</assessmentItem>