﻿<?xml version="1.0" encoding="UTF-8"?>
<assessmentItem xmlns:xsi="http://www.w3.org/2001/XMLSchema-instance" xmlns="http://www.imsglobal.org/xsd/imsqti_v2p1" xsi:schemaLocation="http://www.imsglobal.org/xsd/imsqti_v2p1 http://www.imsglobal.org/xsd/qti/qtiv2p1/imsqti_v2p1p2.xsd" identifier="test-item29" title="_____ are(is) the number of potential hours available for work, whereas ____ consist(s) of hours during which an organization is busiest." adaptive="false" timeDependent="false">
  <responseDeclaration identifier="RESPONSE" cardinality="single" baseType="identifier">
    <correctResponse>
      <value>C1</value>
    </correctResponse>
  </responseDeclaration>
  <outcomeDeclaration identifier="SCORE" cardinality="single" baseType="integer" />
  <itemBody>
    <choiceInteraction responseIdentifier="RESPONSE" shuffle="true" maxChoices="1">
      <prompt>
        <span>
          <span>_____ are(is) the number of potential hours available for work, whereas ____ consist(s) of hours during which an organization is busiest.</span>
        </span>
      </prompt>
      <simpleChoice identifier="C0">
        <span>
          <span>core/bandwidth</span>
        </span>
      </simpleChoice>
      <simpleChoice identifier="C1">
        <span>
          <span>bandwidth/core</span>
        </span>
      </simpleChoice>
      <simpleChoice identifier="C2">
        <span>
          <span>flex/gliding</span>
        </span>
      </simpleChoice>
      <simpleChoice identifier="C3">
        <span>
          <span>bandwidth/flexitour</span>
        </span>
      </simpleChoice>
    </choiceInteraction>
  </itemBody>
  <responseProcessing>
    <responseCondition>
      <responseIf>
        <match>
          <variable identifier="RESPONSE" />
          <correct identifier="RESPONSE" />
        </match>
        <setOutcomeValue identifier="SCORE">
          <baseValue baseType="integer">1</baseValue>
        </setOutcomeValue>
      </responseIf>
      <responseElse>
        <setOutcomeValue identifier="SCORE">
          <baseValue baseType="integer">0</baseValue>
        </setOutcomeValue>
      </responseElse>
    </responseCondition>
  </responseProcessing>
</assessmentItem>