﻿<?xml version="1.0" encoding="UTF-8"?>
<assessmentItem xmlns:xsi="http://www.w3.org/2001/XMLSchema-instance" xmlns="http://www.imsglobal.org/xsd/imsqti_v2p1" xsi:schemaLocation="http://www.imsglobal.org/xsd/imsqti_v2p1 http://www.imsglobal.org/xsd/qti/qtiv2p1/imsqti_v2p1p2.xsd" identifier="test-item36" title="Bob works from 9:00 a.m. to 1:00 p.m. every day as a clerk; Sue works in that same position except from 1:00 p.m. ‑5:00 p.m. Bob and Sue are working an alternative work schedule called:" adaptive="false" timeDependent="false">
  <responseDeclaration identifier="RESPONSE" cardinality="single" baseType="identifier">
    <correctResponse>
      <value>C2</value>
    </correctResponse>
  </responseDeclaration>
  <outcomeDeclaration identifier="SCORE" cardinality="single" baseType="integer" />
  <itemBody>
    <choiceInteraction responseIdentifier="RESPONSE" shuffle="true" maxChoices="1">
      <prompt>
        <span>
          <span>Bob works from 9:00 a.m. to 1:00 p.m. every day as a clerk; Sue works in that same position except from 1:00 p.m. ‑5:00 p.m. Bob and Sue are working an alternative work schedule called:</span>
        </span>
      </prompt>
      <simpleChoice identifier="C0">
        <span>
          <span>flex time</span>
        </span>
      </simpleChoice>
      <simpleChoice identifier="C1">
        <span>
          <span>gliding time</span>
        </span>
      </simpleChoice>
      <simpleChoice identifier="C2">
        <span>
          <span>job sharing</span>
        </span>
      </simpleChoice>
      <simpleChoice identifier="C3">
        <span>
          <span>peak‑time pay</span>
        </span>
      </simpleChoice>
    </choiceInteraction>
  </itemBody>
  <responseProcessing>
    <responseCondition>
      <responseIf>
        <match>
          <variable identifier="RESPONSE" />
          <correct identifier="RESPONSE" />
        </match>
        <setOutcomeValue identifier="SCORE">
          <baseValue baseType="integer">1</baseValue>
        </setOutcomeValue>
      </responseIf>
      <responseElse>
        <setOutcomeValue identifier="SCORE">
          <baseValue baseType="integer">0</baseValue>
        </setOutcomeValue>
      </responseElse>
    </responseCondition>
  </responseProcessing>
</assessmentItem>