﻿<?xml version="1.0" encoding="UTF-8"?>
<assessmentItem xmlns:xsi="http://www.w3.org/2001/XMLSchema-instance" xmlns="http://www.imsglobal.org/xsd/imsqti_v2p1" xsi:schemaLocation="http://www.imsglobal.org/xsd/imsqti_v2p1 http://www.imsglobal.org/xsd/qti/qtiv2p1/imsqti_v2p1p2.xsd" identifier="test-item42" title="A company gets a huge, one-time order. It needs an additional 40 employees to complete the job but will not need them once the job is done. The best strategy is for the company to:" adaptive="false" timeDependent="false">
  <responseDeclaration identifier="RESPONSE" cardinality="single" baseType="identifier">
    <correctResponse>
      <value>C1</value>
    </correctResponse>
  </responseDeclaration>
  <outcomeDeclaration identifier="SCORE" cardinality="single" baseType="integer" />
  <itemBody>
    <choiceInteraction responseIdentifier="RESPONSE" shuffle="true" maxChoices="1">
      <prompt>
        <span>
          <span>A company gets a huge, one-time order. It needs an additional 40 employees to complete the job but will not need them once the job is done. The best strategy is for the company to:</span>
        </span>
      </prompt>
      <simpleChoice identifier="C0">
        <span>
          <span>not accept the new job</span>
        </span>
      </simpleChoice>
      <simpleChoice identifier="C1">
        <span>
          <span>use temporary employees</span>
        </span>
      </simpleChoice>
      <simpleChoice identifier="C2">
        <span>
          <span>hire and then lay off 40 employees</span>
        </span>
      </simpleChoice>
      <simpleChoice identifier="C3">
        <span>
          <span>bring former employees out of retirement</span>
        </span>
      </simpleChoice>
    </choiceInteraction>
  </itemBody>
  <responseProcessing>
    <responseCondition>
      <responseIf>
        <match>
          <variable identifier="RESPONSE" />
          <correct identifier="RESPONSE" />
        </match>
        <setOutcomeValue identifier="SCORE">
          <baseValue baseType="integer">1</baseValue>
        </setOutcomeValue>
      </responseIf>
      <responseElse>
        <setOutcomeValue identifier="SCORE">
          <baseValue baseType="integer">0</baseValue>
        </setOutcomeValue>
      </responseElse>
    </responseCondition>
  </responseProcessing>
</assessmentItem>