﻿<?xml version="1.0" encoding="UTF-8"?>
<assessmentItem xmlns:xsi="http://www.w3.org/2001/XMLSchema-instance" xmlns="http://www.imsglobal.org/xsd/imsqti_v2p1" xsi:schemaLocation="http://www.imsglobal.org/xsd/imsqti_v2p1 http://www.imsglobal.org/xsd/qti/qtiv2p1/imsqti_v2p1p2.xsd" identifier="test-item43" title="Henri is the president of a company with 10 employees. Each employee has full medical benefits and Henri doesn't have the time or knowledge to administer the benefits program. Henri should:" adaptive="false" timeDependent="false">
  <responseDeclaration identifier="RESPONSE" cardinality="single" baseType="identifier">
    <correctResponse>
      <value>C0</value>
    </correctResponse>
  </responseDeclaration>
  <outcomeDeclaration identifier="SCORE" cardinality="single" baseType="integer" />
  <itemBody>
    <choiceInteraction responseIdentifier="RESPONSE" shuffle="true" maxChoices="1">
      <prompt>
        <span>
          <span>Henri is the president of a company with 10 employees. Each employee has full medical benefits and Henri doesn't have the time or knowledge to administer the benefits program. Henri should:</span>
        </span>
      </prompt>
      <simpleChoice identifier="C0">
        <span>
          <span>use outsourcing</span>
        </span>
      </simpleChoice>
      <simpleChoice identifier="C1">
        <span>
          <span>learn the needed skills</span>
        </span>
      </simpleChoice>
      <simpleChoice identifier="C2">
        <span>
          <span>hire a temporary employee each month</span>
        </span>
      </simpleChoice>
      <simpleChoice identifier="C3">
        <span>
          <span>adjust his working schedule</span>
        </span>
      </simpleChoice>
    </choiceInteraction>
  </itemBody>
  <responseProcessing>
    <responseCondition>
      <responseIf>
        <match>
          <variable identifier="RESPONSE" />
          <correct identifier="RESPONSE" />
        </match>
        <setOutcomeValue identifier="SCORE">
          <baseValue baseType="integer">1</baseValue>
        </setOutcomeValue>
      </responseIf>
      <responseElse>
        <setOutcomeValue identifier="SCORE">
          <baseValue baseType="integer">0</baseValue>
        </setOutcomeValue>
      </responseElse>
    </responseCondition>
  </responseProcessing>
</assessmentItem>