﻿<?xml version="1.0" encoding="UTF-8"?>
<manifest identifier="ID_9f19f126-74ff-4b46-97b8-291e30eea01a" xmlns="http://www.imsglobal.org/xsd/imscp_v1p1" xmlns:imsqti="http://www.imsglobal.org/xsd/imsqti_v2p1" xmlns:xsi="http://www.w3.org/2001/XMLSchema-instance" xsi:schemaLocation="http://ltsc.ieee.org/xsd/LOM http://www.imsglobal.org/xsd/imsmd_loose_v1p3p2.xsd http://www.imsglobal.org/xsd/imsqti_metadata_v2p1 http://www.imsglobal.org/xsd/qti/qtiv2p1/imsqti_metadata_v2p1p1.xsd http://www.imsglobal.org/xsd/imscp_v1p1 http://www.imsglobal.org/xsd/qti/qtiv2p1/qtiv2p1_imscpv1p2_v1p0.xsd http://www.imsglobal.org/xsd/imsqti_v2p1 http://www.imsglobal.org/xsd/qti/qtiv2p1/imsqti_v2p1p2.xsd">
  <metadata>
    <schema>QTIv2.1 Package</schema>
    <schemaversion>1.0.0</schemaversion>
    <lom xmlns="http://ltsc.ieee.org/xsd/LOM">
      <general>
        <title>
          <string>Chapter 01: Introduction to I/O Psychology</string>
        </title>
        <language>en</language>
      </general>
      <metaMetadata xmlns="http://ltsc.ieee.org/xsd/LOM">
        <metadataschema>LOMv1.0</metadataschema>
        <metadataschema>QTIv2.1</metadataschema>
        <language>en</language>
      </metaMetadata>
    </lom>
  </metadata>
  <organizations />
  <resources>
    <resource identifier="ID_QTIExport_Resource_0" type="imsqti_item_xmlv2p1" href="Q0_Multiple_Choice.xml">
      <metadata>
        <lom xmlns="http://ltsc.ieee.org/xsd/LOM">
          <general>
            <title>
              <string>I/O psychology is a branch of psychology that _____ in the workplace.</string>
            </title>
          </general>
          <educational>
            <description>
              <string>Define I/O psychology</string>
            </description>
            <intendedEndUserRole>
              <value>teacher</value>
            </intendedEndUserRole>
            <context />
          </educational>
          <imsqti:qtiMetadata>
            <imsqti:interactionType>choiceInteraction</imsqti:interactionType>
            <imsqti:itemTemplate>false</imsqti:itemTemplate>
            <imsqti:timeDependent>false</imsqti:timeDependent>
            <imsqti:composite>false</imsqti:composite>
            <imsqti:solutionAvailable>true</imsqti:solutionAvailable>
            <imsqti:feedbackType>none</imsqti:feedbackType>
          </imsqti:qtiMetadata>
        </lom>
      </metadata>
      <file href="Q0_Multiple_Choice.xml" />
    </resource>
    <resource identifier="ID_QTIExport_Resource_1" type="imsqti_item_xmlv2p1" href="Q1_Multiple_Choice.xml">
      <metadata>
        <lom xmlns="http://ltsc.ieee.org/xsd/LOM">
          <general>
            <title>
              <string>I/O psychology examines factors that affect the _______ in an organization, whereas business fields examine the broader aspects of running an organization.</string>
            </title>
          </general>
          <educational>
            <description>
              <string>Define I/O psychology</string>
            </description>
            <intendedEndUserRole>
              <value>teacher</value>
            </intendedEndUserRole>
            <context />
          </educational>
          <imsqti:qtiMetadata>
            <imsqti:interactionType>choiceInteraction</imsqti:interactionType>
            <imsqti:itemTemplate>false</imsqti:itemTemplate>
            <imsqti:timeDependent>false</imsqti:timeDependent>
            <imsqti:composite>false</imsqti:composite>
            <imsqti:solutionAvailable>true</imsqti:solutionAvailable>
            <imsqti:feedbackType>none</imsqti:feedbackType>
          </imsqti:qtiMetadata>
        </lom>
      </metadata>
      <file href="Q1_Multiple_Choice.xml" />
    </resource>
    <resource identifier="ID_QTIExport_Resource_2" type="imsqti_item_xmlv2p1" href="Q2_Multiple_Choice.xml">
      <metadata>
        <lom xmlns="http://ltsc.ieee.org/xsd/LOM">
          <general>
            <title>
              <string>I/O psychologists who are involved in ________ study and practice in such areas as employee selection, job analysis, and job evaluation.</string>
            </title>
          </general>
          <educational>
            <description>
              <string>Describe what I/O psychologists do</string>
            </description>
            <intendedEndUserRole>
              <value>teacher</value>
            </intendedEndUserRole>
            <context />
          </educational>
          <imsqti:qtiMetadata>
            <imsqti:interactionType>choiceInteraction</imsqti:interactionType>
            <imsqti:itemTemplate>false</imsqti:itemTemplate>
            <imsqti:timeDependent>false</imsqti:timeDependent>
            <imsqti:composite>false</imsqti:composite>
            <imsqti:solutionAvailable>true</imsqti:solutionAvailable>
            <imsqti:feedbackType>none</imsqti:feedbackType>
          </imsqti:qtiMetadata>
        </lom>
      </metadata>
      <file href="Q2_Multiple_Choice.xml" />
    </resource>
    <resource identifier="ID_QTIExport_Resource_3" type="imsqti_item_xmlv2p1" href="Q3_Multiple_Choice.xml">
      <metadata>
        <lom xmlns="http://ltsc.ieee.org/xsd/LOM">
          <general>
            <title>
              <string>The study of leadership is part of:</string>
            </title>
          </general>
          <educational>
            <description>
              <string>Describe what I/O psychologists do</string>
            </description>
            <intendedEndUserRole>
              <value>teacher</value>
            </intendedEndUserRole>
            <context />
          </educational>
          <imsqti:qtiMetadata>
            <imsqti:interactionType>choiceInteraction</imsqti:interactionType>
            <imsqti:itemTemplate>false</imsqti:itemTemplate>
            <imsqti:timeDependent>false</imsqti:timeDependent>
            <imsqti:composite>false</imsqti:composite>
            <imsqti:solutionAvailable>true</imsqti:solutionAvailable>
            <imsqti:feedbackType>none</imsqti:feedbackType>
          </imsqti:qtiMetadata>
        </lom>
      </metadata>
      <file href="Q3_Multiple_Choice.xml" />
    </resource>
    <resource identifier="ID_QTIExport_Resource_4" type="imsqti_item_xmlv2p1" href="Q4_Multiple_Choice.xml">
      <metadata>
        <lom xmlns="http://ltsc.ieee.org/xsd/LOM">
          <general>
            <title>
              <string>Psychologists involved in _______ study leadership, job satisfaction, and employee motivation.</string>
            </title>
          </general>
          <educational>
            <description>
              <string>Describe what I/O psychologists do</string>
            </description>
            <intendedEndUserRole>
              <value>teacher</value>
            </intendedEndUserRole>
            <context />
          </educational>
          <imsqti:qtiMetadata>
            <imsqti:interactionType>choiceInteraction</imsqti:interactionType>
            <imsqti:itemTemplate>false</imsqti:itemTemplate>
            <imsqti:timeDependent>false</imsqti:timeDependent>
            <imsqti:composite>false</imsqti:composite>
            <imsqti:solutionAvailable>true</imsqti:solutionAvailable>
            <imsqti:feedbackType>none</imsqti:feedbackType>
          </imsqti:qtiMetadata>
        </lom>
      </metadata>
      <file href="Q4_Multiple_Choice.xml" />
    </resource>
    <resource identifier="ID_QTIExport_Resource_5" type="imsqti_item_xmlv2p1" href="Q5_Multiple_Choice.xml">
      <metadata>
        <lom xmlns="http://ltsc.ieee.org/xsd/LOM">
          <general>
            <title>
              <string>Regardless of the official start date, I/O psychology was born in the:</string>
            </title>
          </general>
          <educational>
            <description>
              <string>Ten Key Economic Concepts</string>
            </description>
            <intendedEndUserRole>
              <value>teacher</value>
            </intendedEndUserRole>
            <context />
          </educational>
          <imsqti:qtiMetadata>
            <imsqti:interactionType>choiceInteraction</imsqti:interactionType>
            <imsqti:itemTemplate>false</imsqti:itemTemplate>
            <imsqti:timeDependent>false</imsqti:timeDependent>
            <imsqti:composite>false</imsqti:composite>
            <imsqti:solutionAvailable>true</imsqti:solutionAvailable>
            <imsqti:feedbackType>none</imsqti:feedbackType>
          </imsqti:qtiMetadata>
        </lom>
      </metadata>
      <file href="Q5_Multiple_Choice.xml" />
    </resource>
    <resource identifier="ID_QTIExport_Resource_6" type="imsqti_item_xmlv2p1" href="Q6_Multiple_Choice.xml">
      <metadata>
        <lom xmlns="http://ltsc.ieee.org/xsd/LOM">
          <general>
            <title>
              <string>I/O Psychology first started about:</string>
            </title>
          </general>
          <educational>
            <description>
              <string>Ten Key Economic Concepts</string>
            </description>
            <intendedEndUserRole>
              <value>teacher</value>
            </intendedEndUserRole>
            <context />
          </educational>
          <imsqti:qtiMetadata>
            <imsqti:interactionType>choiceInteraction</imsqti:interactionType>
            <imsqti:itemTemplate>false</imsqti:itemTemplate>
            <imsqti:timeDependent>false</imsqti:timeDependent>
            <imsqti:composite>false</imsqti:composite>
            <imsqti:solutionAvailable>true</imsqti:solutionAvailable>
            <imsqti:feedbackType>none</imsqti:feedbackType>
          </imsqti:qtiMetadata>
        </lom>
      </metadata>
      <file href="Q6_Multiple_Choice.xml" />
    </resource>
    <resource identifier="ID_QTIExport_Resource_7" type="imsqti_item_xmlv2p1" href="Q7_Multiple_Choice.xml">
      <metadata>
        <lom xmlns="http://ltsc.ieee.org/xsd/LOM">
          <general>
            <title>
              <string>The _____ were a husband-and-wife team who were among the first scientists to improve productivity and reduce fatigue by studying the motions used by workers.</string>
            </title>
          </general>
          <educational>
            <description>
              <string>Ten Key Economic Concepts</string>
            </description>
            <intendedEndUserRole>
              <value>teacher</value>
            </intendedEndUserRole>
            <context />
          </educational>
          <imsqti:qtiMetadata>
            <imsqti:interactionType>choiceInteraction</imsqti:interactionType>
            <imsqti:itemTemplate>false</imsqti:itemTemplate>
            <imsqti:timeDependent>false</imsqti:timeDependent>
            <imsqti:composite>false</imsqti:composite>
            <imsqti:solutionAvailable>true</imsqti:solutionAvailable>
            <imsqti:feedbackType>none</imsqti:feedbackType>
          </imsqti:qtiMetadata>
        </lom>
      </metadata>
      <file href="Q7_Multiple_Choice.xml" />
    </resource>
    <resource identifier="ID_QTIExport_Resource_8" type="imsqti_item_xmlv2p1" href="Q8_Multiple_Choice.xml">
      <metadata>
        <lom xmlns="http://ltsc.ieee.org/xsd/LOM">
          <general>
            <title>
              <string>In which decade were the Hawthorne studies published?</string>
            </title>
          </general>
          <educational>
            <description>
              <string>Ten Key Economic Concepts</string>
            </description>
            <intendedEndUserRole>
              <value>teacher</value>
            </intendedEndUserRole>
            <context />
          </educational>
          <imsqti:qtiMetadata>
            <imsqti:interactionType>choiceInteraction</imsqti:interactionType>
            <imsqti:itemTemplate>false</imsqti:itemTemplate>
            <imsqti:timeDependent>false</imsqti:timeDependent>
            <imsqti:composite>false</imsqti:composite>
            <imsqti:solutionAvailable>true</imsqti:solutionAvailable>
            <imsqti:feedbackType>none</imsqti:feedbackType>
          </imsqti:qtiMetadata>
        </lom>
      </metadata>
      <file href="Q8_Multiple_Choice.xml" />
    </resource>
    <resource identifier="ID_QTIExport_Resource_9" type="imsqti_item_xmlv2p1" href="Q9_Multiple_Choice.xml">
      <metadata>
        <lom xmlns="http://ltsc.ieee.org/xsd/LOM">
          <general>
            <title>
              <string>Changes in employee behavior that result from an employee being studied or receiving increased attention from mangers is called the:</string>
            </title>
          </general>
          <educational>
            <description>
              <string>Ten Key Economic Concepts</string>
            </description>
            <intendedEndUserRole>
              <value>teacher</value>
            </intendedEndUserRole>
            <context />
          </educational>
          <imsqti:qtiMetadata>
            <imsqti:interactionType>choiceInteraction</imsqti:interactionType>
            <imsqti:itemTemplate>false</imsqti:itemTemplate>
            <imsqti:timeDependent>false</imsqti:timeDependent>
            <imsqti:composite>false</imsqti:composite>
            <imsqti:solutionAvailable>true</imsqti:solutionAvailable>
            <imsqti:feedbackType>none</imsqti:feedbackType>
          </imsqti:qtiMetadata>
        </lom>
      </metadata>
      <file href="Q9_Multiple_Choice.xml" />
    </resource>
    <resource identifier="ID_QTIExport_Resource_10" type="imsqti_item_xmlv2p1" href="Q10_Multiple_Choice.xml">
      <metadata>
        <lom xmlns="http://ltsc.ieee.org/xsd/LOM">
          <general>
            <title>
              <string>Which decade was characterized by the development of assessment centers and biodata?</string>
            </title>
          </general>
          <educational>
            <description>
              <string>Ten Key Economic Concepts</string>
            </description>
            <intendedEndUserRole>
              <value>teacher</value>
            </intendedEndUserRole>
            <context />
          </educational>
          <imsqti:qtiMetadata>
            <imsqti:interactionType>choiceInteraction</imsqti:interactionType>
            <imsqti:itemTemplate>false</imsqti:itemTemplate>
            <imsqti:timeDependent>false</imsqti:timeDependent>
            <imsqti:composite>false</imsqti:composite>
            <imsqti:solutionAvailable>true</imsqti:solutionAvailable>
            <imsqti:feedbackType>none</imsqti:feedbackType>
          </imsqti:qtiMetadata>
        </lom>
      </metadata>
      <file href="Q10_Multiple_Choice.xml" />
    </resource>
    <resource identifier="ID_QTIExport_Resource_11" type="imsqti_item_xmlv2p1" href="Q11_Multiple_Choice.xml">
      <metadata>
        <lom xmlns="http://ltsc.ieee.org/xsd/LOM">
          <general>
            <title>
              <string>The use of more sophisticated statistical techniques, a more aggressive approach in developing methods to select employees, and an increased interest in the application of cognitive psychology to industry took place in the:</string>
            </title>
          </general>
          <educational>
            <description>
              <string>Ten Key Economic Concepts</string>
            </description>
            <intendedEndUserRole>
              <value>teacher</value>
            </intendedEndUserRole>
            <context />
          </educational>
          <imsqti:qtiMetadata>
            <imsqti:interactionType>choiceInteraction</imsqti:interactionType>
            <imsqti:itemTemplate>false</imsqti:itemTemplate>
            <imsqti:timeDependent>false</imsqti:timeDependent>
            <imsqti:composite>false</imsqti:composite>
            <imsqti:solutionAvailable>true</imsqti:solutionAvailable>
            <imsqti:feedbackType>none</imsqti:feedbackType>
          </imsqti:qtiMetadata>
        </lom>
      </metadata>
      <file href="Q11_Multiple_Choice.xml" />
    </resource>
    <resource identifier="ID_QTIExport_Resource_12" type="imsqti_item_xmlv2p1" href="Q12_Multiple_Choice.xml">
      <metadata>
        <lom xmlns="http://ltsc.ieee.org/xsd/LOM">
          <general>
            <title>
              <string>More I/O psychologists with Ph.D. degrees work in ___________ than in any other single setting.</string>
            </title>
          </general>
          <educational>
            <description>
              <string>Describe what I/O psychologists do</string>
            </description>
            <intendedEndUserRole>
              <value>teacher</value>
            </intendedEndUserRole>
            <context />
          </educational>
          <imsqti:qtiMetadata>
            <imsqti:interactionType>choiceInteraction</imsqti:interactionType>
            <imsqti:itemTemplate>false</imsqti:itemTemplate>
            <imsqti:timeDependent>false</imsqti:timeDependent>
            <imsqti:composite>false</imsqti:composite>
            <imsqti:solutionAvailable>true</imsqti:solutionAvailable>
            <imsqti:feedbackType>none</imsqti:feedbackType>
          </imsqti:qtiMetadata>
        </lom>
      </metadata>
      <file href="Q12_Multiple_Choice.xml" />
    </resource>
    <resource identifier="ID_QTIExport_Resource_13" type="imsqti_item_xmlv2p1" href="Q13_Multiple_Choice.xml">
      <metadata>
        <lom xmlns="http://ltsc.ieee.org/xsd/LOM">
          <general>
            <title>
              <string>Compared to Ph.D.'s, master's level graduates are less often employed by:</string>
            </title>
          </general>
          <educational>
            <description>
              <string>Describe what I/O psychologists do</string>
            </description>
            <intendedEndUserRole>
              <value>teacher</value>
            </intendedEndUserRole>
            <context />
          </educational>
          <imsqti:qtiMetadata>
            <imsqti:interactionType>choiceInteraction</imsqti:interactionType>
            <imsqti:itemTemplate>false</imsqti:itemTemplate>
            <imsqti:timeDependent>false</imsqti:timeDependent>
            <imsqti:composite>false</imsqti:composite>
            <imsqti:solutionAvailable>true</imsqti:solutionAvailable>
            <imsqti:feedbackType>none</imsqti:feedbackType>
          </imsqti:qtiMetadata>
        </lom>
      </metadata>
      <file href="Q13_Multiple_Choice.xml" />
    </resource>
    <resource identifier="ID_QTIExport_Resource_14" type="imsqti_item_xmlv2p1" href="Q14_Multiple_Choice.xml">
      <metadata>
        <lom xmlns="http://ltsc.ieee.org/xsd/LOM">
          <general>
            <title>
              <string>To get accepted into a graduate program in I/O psychology, a student usually must take which of the following standardized tests?</string>
            </title>
          </general>
          <educational>
            <description>
              <string>List the admissions requirements for graduate programs in I/O psychology.</string>
            </description>
            <intendedEndUserRole>
              <value>teacher</value>
            </intendedEndUserRole>
            <context />
          </educational>
          <imsqti:qtiMetadata>
            <imsqti:interactionType>choiceInteraction</imsqti:interactionType>
            <imsqti:itemTemplate>false</imsqti:itemTemplate>
            <imsqti:timeDependent>false</imsqti:timeDependent>
            <imsqti:composite>false</imsqti:composite>
            <imsqti:solutionAvailable>true</imsqti:solutionAvailable>
            <imsqti:feedbackType>none</imsqti:feedbackType>
          </imsqti:qtiMetadata>
        </lom>
      </metadata>
      <file href="Q14_Multiple_Choice.xml" />
    </resource>
    <resource identifier="ID_QTIExport_Resource_15" type="imsqti_item_xmlv2p1" href="Q15_Multiple_Choice.xml">
      <metadata>
        <lom xmlns="http://ltsc.ieee.org/xsd/LOM">
          <general>
            <title>
              <string>Which of the following would a student in a doctoral program usually have to complete but a student in a master’s program would not?</string>
            </title>
          </general>
          <educational>
            <description>
              <string>List the admissions requirements for graduate programs in I/O psychology.</string>
            </description>
            <intendedEndUserRole>
              <value>teacher</value>
            </intendedEndUserRole>
            <context />
          </educational>
          <imsqti:qtiMetadata>
            <imsqti:interactionType>choiceInteraction</imsqti:interactionType>
            <imsqti:itemTemplate>false</imsqti:itemTemplate>
            <imsqti:timeDependent>false</imsqti:timeDependent>
            <imsqti:composite>false</imsqti:composite>
            <imsqti:solutionAvailable>true</imsqti:solutionAvailable>
            <imsqti:feedbackType>none</imsqti:feedbackType>
          </imsqti:qtiMetadata>
        </lom>
      </metadata>
      <file href="Q15_Multiple_Choice.xml" />
    </resource>
    <resource identifier="ID_QTIExport_Resource_16" type="imsqti_item_xmlv2p1" href="Q16_Multiple_Choice.xml">
      <metadata>
        <lom xmlns="http://ltsc.ieee.org/xsd/LOM">
          <general>
            <title>
              <string>According to your text, the most important reason for the reliance on research is that it ultimately:</string>
            </title>
          </general>
          <educational>
            <description>
              <string>Explain the importance of conducting research</string>
            </description>
            <intendedEndUserRole>
              <value>teacher</value>
            </intendedEndUserRole>
            <context />
          </educational>
          <imsqti:qtiMetadata>
            <imsqti:interactionType>choiceInteraction</imsqti:interactionType>
            <imsqti:itemTemplate>false</imsqti:itemTemplate>
            <imsqti:timeDependent>false</imsqti:timeDependent>
            <imsqti:composite>false</imsqti:composite>
            <imsqti:solutionAvailable>true</imsqti:solutionAvailable>
            <imsqti:feedbackType>none</imsqti:feedbackType>
          </imsqti:qtiMetadata>
        </lom>
      </metadata>
      <file href="Q16_Multiple_Choice.xml" />
    </resource>
    <resource identifier="ID_QTIExport_Resource_17" type="imsqti_item_xmlv2p1" href="Q17_Multiple_Choice.xml">
      <metadata>
        <lom xmlns="http://ltsc.ieee.org/xsd/LOM">
          <general>
            <title>
              <string>Which of the following is the reason for WHY a study obtains certain results?</string>
            </title>
          </general>
          <educational>
            <description>
              <string>Describe how to evaluate I/O psychology research</string>
            </description>
            <intendedEndUserRole>
              <value>teacher</value>
            </intendedEndUserRole>
            <context />
          </educational>
          <imsqti:qtiMetadata>
            <imsqti:interactionType>choiceInteraction</imsqti:interactionType>
            <imsqti:itemTemplate>false</imsqti:itemTemplate>
            <imsqti:timeDependent>false</imsqti:timeDependent>
            <imsqti:composite>false</imsqti:composite>
            <imsqti:solutionAvailable>true</imsqti:solutionAvailable>
            <imsqti:feedbackType>none</imsqti:feedbackType>
          </imsqti:qtiMetadata>
        </lom>
      </metadata>
      <file href="Q17_Multiple_Choice.xml" />
    </resource>
    <resource identifier="ID_QTIExport_Resource_18" type="imsqti_item_xmlv2p1" href="Q18_Multiple_Choice.xml">
      <metadata>
        <lom xmlns="http://ltsc.ieee.org/xsd/LOM">
          <general>
            <title>
              <string>Conducting a literature review means:</string>
            </title>
          </general>
          <educational>
            <description>
              <string>Describe how to evaluate I/O psychology research</string>
            </description>
            <intendedEndUserRole>
              <value>teacher</value>
            </intendedEndUserRole>
            <context />
          </educational>
          <imsqti:qtiMetadata>
            <imsqti:interactionType>choiceInteraction</imsqti:interactionType>
            <imsqti:itemTemplate>false</imsqti:itemTemplate>
            <imsqti:timeDependent>false</imsqti:timeDependent>
            <imsqti:composite>false</imsqti:composite>
            <imsqti:solutionAvailable>true</imsqti:solutionAvailable>
            <imsqti:feedbackType>none</imsqti:feedbackType>
          </imsqti:qtiMetadata>
        </lom>
      </metadata>
      <file href="Q18_Multiple_Choice.xml" />
    </resource>
    <resource identifier="ID_QTIExport_Resource_19" type="imsqti_item_xmlv2p1" href="Q19_Multiple_Choice.xml">
      <metadata>
        <lom xmlns="http://ltsc.ieee.org/xsd/LOM">
          <general>
            <title>
              <string>The Harvard Business Review is an example of a:</string>
            </title>
          </general>
          <educational>
            <description>
              <string>Describe how to evaluate I/O psychology research</string>
            </description>
            <intendedEndUserRole>
              <value>teacher</value>
            </intendedEndUserRole>
            <context />
          </educational>
          <imsqti:qtiMetadata>
            <imsqti:interactionType>choiceInteraction</imsqti:interactionType>
            <imsqti:itemTemplate>false</imsqti:itemTemplate>
            <imsqti:timeDependent>false</imsqti:timeDependent>
            <imsqti:composite>false</imsqti:composite>
            <imsqti:solutionAvailable>true</imsqti:solutionAvailable>
            <imsqti:feedbackType>none</imsqti:feedbackType>
          </imsqti:qtiMetadata>
        </lom>
      </metadata>
      <file href="Q19_Multiple_Choice.xml" />
    </resource>
    <resource identifier="ID_QTIExport_Resource_20" type="imsqti_item_xmlv2p1" href="Q20_Multiple_Choice.xml">
      <metadata>
        <lom xmlns="http://ltsc.ieee.org/xsd/LOM">
          <general>
            <title>
              <string>Which of the following contain articles usually written by professional writers who have little expertise in a given field?</string>
            </title>
          </general>
          <educational>
            <description>
              <string>Describe how to evaluate I/O psychology research</string>
            </description>
            <intendedEndUserRole>
              <value>teacher</value>
            </intendedEndUserRole>
            <context />
          </educational>
          <imsqti:qtiMetadata>
            <imsqti:interactionType>choiceInteraction</imsqti:interactionType>
            <imsqti:itemTemplate>false</imsqti:itemTemplate>
            <imsqti:timeDependent>false</imsqti:timeDependent>
            <imsqti:composite>false</imsqti:composite>
            <imsqti:solutionAvailable>true</imsqti:solutionAvailable>
            <imsqti:feedbackType>none</imsqti:feedbackType>
          </imsqti:qtiMetadata>
        </lom>
      </metadata>
      <file href="Q20_Multiple_Choice.xml" />
    </resource>
    <resource identifier="ID_QTIExport_Resource_21" type="imsqti_item_xmlv2p1" href="Q21_Multiple_Choice.xml">
      <metadata>
        <lom xmlns="http://ltsc.ieee.org/xsd/LOM">
          <general>
            <title>
              <string>What field research gains in _______ it loses in _______.</string>
            </title>
          </general>
          <educational>
            <description>
              <string>Describe how to evaluate I/O psychology research</string>
            </description>
            <intendedEndUserRole>
              <value>teacher</value>
            </intendedEndUserRole>
            <context />
          </educational>
          <imsqti:qtiMetadata>
            <imsqti:interactionType>choiceInteraction</imsqti:interactionType>
            <imsqti:itemTemplate>false</imsqti:itemTemplate>
            <imsqti:timeDependent>false</imsqti:timeDependent>
            <imsqti:composite>false</imsqti:composite>
            <imsqti:solutionAvailable>true</imsqti:solutionAvailable>
            <imsqti:feedbackType>none</imsqti:feedbackType>
          </imsqti:qtiMetadata>
        </lom>
      </metadata>
      <file href="Q21_Multiple_Choice.xml" />
    </resource>
    <resource identifier="ID_QTIExport_Resource_22" type="imsqti_item_xmlv2p1" href="Q22_Multiple_Choice.xml">
      <metadata>
        <lom xmlns="http://ltsc.ieee.org/xsd/LOM">
          <general>
            <title>
              <string>To ensure that subjects are participating in a study of their own free will, researchers must obtain ​:</string>
            </title>
          </general>
          <educational>
            <description>
              <string>Describe how to evaluate I/O psychology research</string>
            </description>
            <intendedEndUserRole>
              <value>teacher</value>
            </intendedEndUserRole>
            <context />
          </educational>
          <imsqti:qtiMetadata>
            <imsqti:interactionType>choiceInteraction</imsqti:interactionType>
            <imsqti:itemTemplate>false</imsqti:itemTemplate>
            <imsqti:timeDependent>false</imsqti:timeDependent>
            <imsqti:composite>false</imsqti:composite>
            <imsqti:solutionAvailable>true</imsqti:solutionAvailable>
            <imsqti:feedbackType>none</imsqti:feedbackType>
          </imsqti:qtiMetadata>
        </lom>
      </metadata>
      <file href="Q22_Multiple_Choice.xml" />
    </resource>
    <resource identifier="ID_QTIExport_Resource_23" type="imsqti_item_xmlv2p1" href="Q23_Multiple_Choice.xml">
      <metadata>
        <lom xmlns="http://ltsc.ieee.org/xsd/LOM">
          <general>
            <title>
              <string>To ensure ethical treatment of subjects, universities have:</string>
            </title>
          </general>
          <educational>
            <description>
              <string>Describe how to evaluate I/O psychology research</string>
            </description>
            <intendedEndUserRole>
              <value>teacher</value>
            </intendedEndUserRole>
            <context />
          </educational>
          <imsqti:qtiMetadata>
            <imsqti:interactionType>choiceInteraction</imsqti:interactionType>
            <imsqti:itemTemplate>false</imsqti:itemTemplate>
            <imsqti:timeDependent>false</imsqti:timeDependent>
            <imsqti:composite>false</imsqti:composite>
            <imsqti:solutionAvailable>true</imsqti:solutionAvailable>
            <imsqti:feedbackType>none</imsqti:feedbackType>
          </imsqti:qtiMetadata>
        </lom>
      </metadata>
      <file href="Q23_Multiple_Choice.xml" />
    </resource>
    <resource identifier="ID_QTIExport_Resource_24" type="imsqti_item_xmlv2p1" href="Q24_Multiple_Choice.xml">
      <metadata>
        <lom xmlns="http://ltsc.ieee.org/xsd/LOM">
          <general>
            <title>
              <string>Because it can determine cause-and-effect relationships​, the most powerful research method is the:</string>
            </title>
          </general>
          <educational>
            <description>
              <string>Differentiate various research methods</string>
            </description>
            <intendedEndUserRole>
              <value>teacher</value>
            </intendedEndUserRole>
            <context />
          </educational>
          <imsqti:qtiMetadata>
            <imsqti:interactionType>choiceInteraction</imsqti:interactionType>
            <imsqti:itemTemplate>false</imsqti:itemTemplate>
            <imsqti:timeDependent>false</imsqti:timeDependent>
            <imsqti:composite>false</imsqti:composite>
            <imsqti:solutionAvailable>true</imsqti:solutionAvailable>
            <imsqti:feedbackType>none</imsqti:feedbackType>
          </imsqti:qtiMetadata>
        </lom>
      </metadata>
      <file href="Q24_Multiple_Choice.xml" />
    </resource>
    <resource identifier="ID_QTIExport_Resource_25" type="imsqti_item_xmlv2p1" href="Q25_Multiple_Choice.xml">
      <metadata>
        <lom xmlns="http://ltsc.ieee.org/xsd/LOM">
          <general>
            <title>
              <string>Which of the following research methods can determine a cause-and-effect ​ relationship?</string>
            </title>
          </general>
          <educational>
            <description>
              <string>Differentiate various research methods</string>
            </description>
            <intendedEndUserRole>
              <value>teacher</value>
            </intendedEndUserRole>
            <context />
          </educational>
          <imsqti:qtiMetadata>
            <imsqti:interactionType>choiceInteraction</imsqti:interactionType>
            <imsqti:itemTemplate>false</imsqti:itemTemplate>
            <imsqti:timeDependent>false</imsqti:timeDependent>
            <imsqti:composite>false</imsqti:composite>
            <imsqti:solutionAvailable>true</imsqti:solutionAvailable>
            <imsqti:feedbackType>none</imsqti:feedbackType>
          </imsqti:qtiMetadata>
        </lom>
      </metadata>
      <file href="Q25_Multiple_Choice.xml" />
    </resource>
    <resource identifier="ID_QTIExport_Resource_26" type="imsqti_item_xmlv2p1" href="Q26_Multiple_Choice.xml">
      <metadata>
        <lom xmlns="http://ltsc.ieee.org/xsd/LOM">
          <general>
            <title>
              <string>What variable is manipulated in an experiment?</string>
            </title>
          </general>
          <educational>
            <description>
              <string>Describe how to evaluate I/O psychology research</string>
            </description>
            <intendedEndUserRole>
              <value>teacher</value>
            </intendedEndUserRole>
            <context />
          </educational>
          <imsqti:qtiMetadata>
            <imsqti:interactionType>choiceInteraction</imsqti:interactionType>
            <imsqti:itemTemplate>false</imsqti:itemTemplate>
            <imsqti:timeDependent>false</imsqti:timeDependent>
            <imsqti:composite>false</imsqti:composite>
            <imsqti:solutionAvailable>true</imsqti:solutionAvailable>
            <imsqti:feedbackType>none</imsqti:feedbackType>
          </imsqti:qtiMetadata>
        </lom>
      </metadata>
      <file href="Q26_Multiple_Choice.xml" />
    </resource>
    <resource identifier="ID_QTIExport_Resource_27" type="imsqti_item_xmlv2p1" href="Q27_Multiple_Choice.xml">
      <metadata>
        <lom xmlns="http://ltsc.ieee.org/xsd/LOM">
          <general>
            <title>
              <string>The variable that we expect to change as a result of our manipulation is called the:</string>
            </title>
          </general>
          <educational>
            <description>
              <string>Describe how to evaluate I/O psychology research</string>
            </description>
            <intendedEndUserRole>
              <value>teacher</value>
            </intendedEndUserRole>
            <context />
          </educational>
          <imsqti:qtiMetadata>
            <imsqti:interactionType>choiceInteraction</imsqti:interactionType>
            <imsqti:itemTemplate>false</imsqti:itemTemplate>
            <imsqti:timeDependent>false</imsqti:timeDependent>
            <imsqti:composite>false</imsqti:composite>
            <imsqti:solutionAvailable>true</imsqti:solutionAvailable>
            <imsqti:feedbackType>none</imsqti:feedbackType>
          </imsqti:qtiMetadata>
        </lom>
      </metadata>
      <file href="Q27_Multiple_Choice.xml" />
    </resource>
    <resource identifier="ID_QTIExport_Resource_28" type="imsqti_item_xmlv2p1" href="Q28_Multiple_Choice.xml">
      <metadata>
        <lom xmlns="http://ltsc.ieee.org/xsd/LOM">
          <general>
            <title>
              <string>Manipulating the _____ best distinguishes experimental research methods from other research methods.</string>
            </title>
          </general>
          <educational>
            <description>
              <string>Describe how to evaluate I/O psychology research</string>
            </description>
            <intendedEndUserRole>
              <value>teacher</value>
            </intendedEndUserRole>
            <context />
          </educational>
          <imsqti:qtiMetadata>
            <imsqti:interactionType>choiceInteraction</imsqti:interactionType>
            <imsqti:itemTemplate>false</imsqti:itemTemplate>
            <imsqti:timeDependent>false</imsqti:timeDependent>
            <imsqti:composite>false</imsqti:composite>
            <imsqti:solutionAvailable>true</imsqti:solutionAvailable>
            <imsqti:feedbackType>none</imsqti:feedbackType>
          </imsqti:qtiMetadata>
        </lom>
      </metadata>
      <file href="Q28_Multiple_Choice.xml" />
    </resource>
    <resource identifier="ID_QTIExport_Resource_29" type="imsqti_item_xmlv2p1" href="Q29_Multiple_Choice.xml">
      <metadata>
        <lom xmlns="http://ltsc.ieee.org/xsd/LOM">
          <general>
            <title>
              <string>In an experiment designed to test the effect of noise on employee performance, noise is the ______ and employee performance is the ______.</string>
            </title>
          </general>
          <educational>
            <description>
              <string>Describe how to evaluate I/O psychology research</string>
            </description>
            <intendedEndUserRole>
              <value>teacher</value>
            </intendedEndUserRole>
            <context />
          </educational>
          <imsqti:qtiMetadata>
            <imsqti:interactionType>choiceInteraction</imsqti:interactionType>
            <imsqti:itemTemplate>false</imsqti:itemTemplate>
            <imsqti:timeDependent>false</imsqti:timeDependent>
            <imsqti:composite>false</imsqti:composite>
            <imsqti:solutionAvailable>true</imsqti:solutionAvailable>
            <imsqti:feedbackType>none</imsqti:feedbackType>
          </imsqti:qtiMetadata>
        </lom>
      </metadata>
      <file href="Q29_Multiple_Choice.xml" />
    </resource>
    <resource identifier="ID_QTIExport_Resource_30" type="imsqti_item_xmlv2p1" href="Q30_Multiple_Choice.xml">
      <metadata>
        <lom xmlns="http://ltsc.ieee.org/xsd/LOM">
          <general>
            <title>
              <string>​Researchers at IBM think that employees who get to choose​ their own working hours will be more satisfied than those who do not. To test this idea, IBM employees at the Dallas facility are told that they can choose ​their own hours. Six months later, th</string>
            </title>
          </general>
          <educational>
            <description>
              <string>Describe how to evaluate I/O psychology research</string>
            </description>
            <intendedEndUserRole>
              <value>teacher</value>
            </intendedEndUserRole>
            <context />
          </educational>
          <imsqti:qtiMetadata>
            <imsqti:interactionType>choiceInteraction</imsqti:interactionType>
            <imsqti:itemTemplate>false</imsqti:itemTemplate>
            <imsqti:timeDependent>false</imsqti:timeDependent>
            <imsqti:composite>false</imsqti:composite>
            <imsqti:solutionAvailable>true</imsqti:solutionAvailable>
            <imsqti:feedbackType>none</imsqti:feedbackType>
          </imsqti:qtiMetadata>
        </lom>
      </metadata>
      <file href="Q30_Multiple_Choice.xml" />
    </resource>
    <resource identifier="ID_QTIExport_Resource_31" type="imsqti_item_xmlv2p1" href="Q31_Multiple_Choice.xml">
      <metadata>
        <lom xmlns="http://ltsc.ieee.org/xsd/LOM">
          <general>
            <title>
              <string>The main difference between a quasi-experiment and an experiment is that the independent variable:</string>
            </title>
          </general>
          <educational>
            <description>
              <string>Differentiate various research methods</string>
            </description>
            <intendedEndUserRole>
              <value>teacher</value>
            </intendedEndUserRole>
            <context />
          </educational>
          <imsqti:qtiMetadata>
            <imsqti:interactionType>choiceInteraction</imsqti:interactionType>
            <imsqti:itemTemplate>false</imsqti:itemTemplate>
            <imsqti:timeDependent>false</imsqti:timeDependent>
            <imsqti:composite>false</imsqti:composite>
            <imsqti:solutionAvailable>true</imsqti:solutionAvailable>
            <imsqti:feedbackType>none</imsqti:feedbackType>
          </imsqti:qtiMetadata>
        </lom>
      </metadata>
      <file href="Q31_Multiple_Choice.xml" />
    </resource>
    <resource identifier="ID_QTIExport_Resource_32" type="imsqti_item_xmlv2p1" href="Q32_Multiple_Choice.xml">
      <metadata>
        <lom xmlns="http://ltsc.ieee.org/xsd/LOM">
          <general>
            <title>
              <string>Even though they lack control, ____ are used due to ____ reasons.</string>
            </title>
          </general>
          <educational>
            <description>
              <string>Differentiate various research methods</string>
            </description>
            <intendedEndUserRole>
              <value>teacher</value>
            </intendedEndUserRole>
            <context />
          </educational>
          <imsqti:qtiMetadata>
            <imsqti:interactionType>choiceInteraction</imsqti:interactionType>
            <imsqti:itemTemplate>false</imsqti:itemTemplate>
            <imsqti:timeDependent>false</imsqti:timeDependent>
            <imsqti:composite>false</imsqti:composite>
            <imsqti:solutionAvailable>true</imsqti:solutionAvailable>
            <imsqti:feedbackType>none</imsqti:feedbackType>
          </imsqti:qtiMetadata>
        </lom>
      </metadata>
      <file href="Q32_Multiple_Choice.xml" />
    </resource>
    <resource identifier="ID_QTIExport_Resource_33" type="imsqti_item_xmlv2p1" href="Q33_Multiple_Choice.xml">
      <metadata>
        <lom xmlns="http://ltsc.ieee.org/xsd/LOM">
          <general>
            <title>
              <string>_____ research sacrifices external validity for control of extraneous variables whereas _____ research sacrifices the control of extraneous variables for external validity.</string>
            </title>
          </general>
          <educational>
            <description>
              <string>Differentiate various research methods</string>
            </description>
            <intendedEndUserRole>
              <value>teacher</value>
            </intendedEndUserRole>
            <context />
          </educational>
          <imsqti:qtiMetadata>
            <imsqti:interactionType>choiceInteraction</imsqti:interactionType>
            <imsqti:itemTemplate>false</imsqti:itemTemplate>
            <imsqti:timeDependent>false</imsqti:timeDependent>
            <imsqti:composite>false</imsqti:composite>
            <imsqti:solutionAvailable>true</imsqti:solutionAvailable>
            <imsqti:feedbackType>none</imsqti:feedbackType>
          </imsqti:qtiMetadata>
        </lom>
      </metadata>
      <file href="Q33_Multiple_Choice.xml" />
    </resource>
    <resource identifier="ID_QTIExport_Resource_34" type="imsqti_item_xmlv2p1" href="Q34_Multiple_Choice.xml">
      <metadata>
        <lom xmlns="http://ltsc.ieee.org/xsd/LOM">
          <general>
            <title>
              <string>Which of the following research methods uses previously collected company records?</string>
            </title>
          </general>
          <educational>
            <description>
              <string>Differentiate various research methods</string>
            </description>
            <intendedEndUserRole>
              <value>teacher</value>
            </intendedEndUserRole>
            <context />
          </educational>
          <imsqti:qtiMetadata>
            <imsqti:interactionType>choiceInteraction</imsqti:interactionType>
            <imsqti:itemTemplate>false</imsqti:itemTemplate>
            <imsqti:timeDependent>false</imsqti:timeDependent>
            <imsqti:composite>false</imsqti:composite>
            <imsqti:solutionAvailable>true</imsqti:solutionAvailable>
            <imsqti:feedbackType>none</imsqti:feedbackType>
          </imsqti:qtiMetadata>
        </lom>
      </metadata>
      <file href="Q34_Multiple_Choice.xml" />
    </resource>
    <resource identifier="ID_QTIExport_Resource_35" type="imsqti_item_xmlv2p1" href="Q35_Multiple_Choice.xml">
      <metadata>
        <lom xmlns="http://ltsc.ieee.org/xsd/LOM">
          <general>
            <title>
              <string>If you went through your employee files to determine what type of person makes the best employee, you would probably be conducting:</string>
            </title>
          </general>
          <educational>
            <description>
              <string>Differentiate various research methods</string>
            </description>
            <intendedEndUserRole>
              <value>teacher</value>
            </intendedEndUserRole>
            <context />
          </educational>
          <imsqti:qtiMetadata>
            <imsqti:interactionType>choiceInteraction</imsqti:interactionType>
            <imsqti:itemTemplate>false</imsqti:itemTemplate>
            <imsqti:timeDependent>false</imsqti:timeDependent>
            <imsqti:composite>false</imsqti:composite>
            <imsqti:solutionAvailable>true</imsqti:solutionAvailable>
            <imsqti:feedbackType>none</imsqti:feedbackType>
          </imsqti:qtiMetadata>
        </lom>
      </metadata>
      <file href="Q35_Multiple_Choice.xml" />
    </resource>
    <resource identifier="ID_QTIExport_Resource_36" type="imsqti_item_xmlv2p1" href="Q36_Multiple_Choice.xml">
      <metadata>
        <lom xmlns="http://ltsc.ieee.org/xsd/LOM">
          <general>
            <title>
              <string>Which of the following survey methods has the lowest response rate?</string>
            </title>
          </general>
          <educational>
            <description>
              <string>Describe how to evaluate I/O psychology research</string>
            </description>
            <intendedEndUserRole>
              <value>teacher</value>
            </intendedEndUserRole>
            <context />
          </educational>
          <imsqti:qtiMetadata>
            <imsqti:interactionType>choiceInteraction</imsqti:interactionType>
            <imsqti:itemTemplate>false</imsqti:itemTemplate>
            <imsqti:timeDependent>false</imsqti:timeDependent>
            <imsqti:composite>false</imsqti:composite>
            <imsqti:solutionAvailable>true</imsqti:solutionAvailable>
            <imsqti:feedbackType>none</imsqti:feedbackType>
          </imsqti:qtiMetadata>
        </lom>
      </metadata>
      <file href="Q36_Multiple_Choice.xml" />
    </resource>
    <resource identifier="ID_QTIExport_Resource_37" type="imsqti_item_xmlv2p1" href="Q37_Multiple_Choice.xml">
      <metadata>
        <lom xmlns="http://ltsc.ieee.org/xsd/LOM">
          <general>
            <title>
              <string>Which of the following will NOT increase the response rates to mailed surveys?</string>
            </title>
          </general>
          <educational>
            <description>
              <string>Describe how to evaluate I/O psychology research</string>
            </description>
            <intendedEndUserRole>
              <value>teacher</value>
            </intendedEndUserRole>
            <context />
          </educational>
          <imsqti:qtiMetadata>
            <imsqti:interactionType>choiceInteraction</imsqti:interactionType>
            <imsqti:itemTemplate>false</imsqti:itemTemplate>
            <imsqti:timeDependent>false</imsqti:timeDependent>
            <imsqti:composite>false</imsqti:composite>
            <imsqti:solutionAvailable>true</imsqti:solutionAvailable>
            <imsqti:feedbackType>none</imsqti:feedbackType>
          </imsqti:qtiMetadata>
        </lom>
      </metadata>
      <file href="Q37_Multiple_Choice.xml" />
    </resource>
    <resource identifier="ID_QTIExport_Resource_38" type="imsqti_item_xmlv2p1" href="Q38_Multiple_Choice.xml">
      <metadata>
        <lom xmlns="http://ltsc.ieee.org/xsd/LOM">
          <general>
            <title>
              <string>_______ is a method of reaching conclusions based on the statistical combination of several previous research studies.</string>
            </title>
          </general>
          <educational>
            <description>
              <string>Differentiate various research methods</string>
            </description>
            <intendedEndUserRole>
              <value>teacher</value>
            </intendedEndUserRole>
            <context />
          </educational>
          <imsqti:qtiMetadata>
            <imsqti:interactionType>choiceInteraction</imsqti:interactionType>
            <imsqti:itemTemplate>false</imsqti:itemTemplate>
            <imsqti:timeDependent>false</imsqti:timeDependent>
            <imsqti:composite>false</imsqti:composite>
            <imsqti:solutionAvailable>true</imsqti:solutionAvailable>
            <imsqti:feedbackType>none</imsqti:feedbackType>
          </imsqti:qtiMetadata>
        </lom>
      </metadata>
      <file href="Q38_Multiple_Choice.xml" />
    </resource>
    <resource identifier="ID_QTIExport_Resource_39" type="imsqti_item_xmlv2p1" href="Q39_Multiple_Choice.xml">
      <metadata>
        <lom xmlns="http://ltsc.ieee.org/xsd/LOM">
          <general>
            <title>
              <string>In a meta-analysis conducted to see if a particular training method is better than another, the proper effect size to use would be:</string>
            </title>
          </general>
          <educational>
            <description>
              <string>Describe how to evaluate I/O psychology research</string>
            </description>
            <intendedEndUserRole>
              <value>teacher</value>
            </intendedEndUserRole>
            <context />
          </educational>
          <imsqti:qtiMetadata>
            <imsqti:interactionType>choiceInteraction</imsqti:interactionType>
            <imsqti:itemTemplate>false</imsqti:itemTemplate>
            <imsqti:timeDependent>false</imsqti:timeDependent>
            <imsqti:composite>false</imsqti:composite>
            <imsqti:solutionAvailable>true</imsqti:solutionAvailable>
            <imsqti:feedbackType>none</imsqti:feedbackType>
          </imsqti:qtiMetadata>
        </lom>
      </metadata>
      <file href="Q39_Multiple_Choice.xml" />
    </resource>
    <resource identifier="ID_QTIExport_Resource_40" type="imsqti_item_xmlv2p1" href="Q40_Multiple_Choice.xml">
      <metadata>
        <lom xmlns="http://ltsc.ieee.org/xsd/LOM">
          <general>
            <title>
              <string>Meta-analyses looking at the difference between two groups would use ___ as the effect size whereas meta-analyses looking at the relationship between two variables would use ___ as the effect size.</string>
            </title>
          </general>
          <educational>
            <description>
              <string>Describe how to evaluate I/O psychology research</string>
            </description>
            <intendedEndUserRole>
              <value>teacher</value>
            </intendedEndUserRole>
            <context />
          </educational>
          <imsqti:qtiMetadata>
            <imsqti:interactionType>choiceInteraction</imsqti:interactionType>
            <imsqti:itemTemplate>false</imsqti:itemTemplate>
            <imsqti:timeDependent>false</imsqti:timeDependent>
            <imsqti:composite>false</imsqti:composite>
            <imsqti:solutionAvailable>true</imsqti:solutionAvailable>
            <imsqti:feedbackType>none</imsqti:feedbackType>
          </imsqti:qtiMetadata>
        </lom>
      </metadata>
      <file href="Q40_Multiple_Choice.xml" />
    </resource>
    <resource identifier="ID_QTIExport_Resource_41" type="imsqti_item_xmlv2p1" href="Q41_Multiple_Choice.xml">
      <metadata>
        <lom xmlns="http://ltsc.ieee.org/xsd/LOM">
          <general>
            <title>
              <string>An effect size (d) of .20 is considered:</string>
            </title>
          </general>
          <educational>
            <description>
              <string>Describe how to evaluate I/O psychology research</string>
            </description>
            <intendedEndUserRole>
              <value>teacher</value>
            </intendedEndUserRole>
            <context />
          </educational>
          <imsqti:qtiMetadata>
            <imsqti:interactionType>choiceInteraction</imsqti:interactionType>
            <imsqti:itemTemplate>false</imsqti:itemTemplate>
            <imsqti:timeDependent>false</imsqti:timeDependent>
            <imsqti:composite>false</imsqti:composite>
            <imsqti:solutionAvailable>true</imsqti:solutionAvailable>
            <imsqti:feedbackType>none</imsqti:feedbackType>
          </imsqti:qtiMetadata>
        </lom>
      </metadata>
      <file href="Q41_Multiple_Choice.xml" />
    </resource>
    <resource identifier="ID_QTIExport_Resource_42" type="imsqti_item_xmlv2p1" href="Q42_Multiple_Choice.xml">
      <metadata>
        <lom xmlns="http://ltsc.ieee.org/xsd/LOM">
          <general>
            <title>
              <string>The statistical "averaging" of effect sizes across previous empirical studies defines:</string>
            </title>
          </general>
          <educational>
            <description>
              <string>Differentiate various research methods</string>
            </description>
            <intendedEndUserRole>
              <value>teacher</value>
            </intendedEndUserRole>
            <context />
          </educational>
          <imsqti:qtiMetadata>
            <imsqti:interactionType>choiceInteraction</imsqti:interactionType>
            <imsqti:itemTemplate>false</imsqti:itemTemplate>
            <imsqti:timeDependent>false</imsqti:timeDependent>
            <imsqti:composite>false</imsqti:composite>
            <imsqti:solutionAvailable>true</imsqti:solutionAvailable>
            <imsqti:feedbackType>none</imsqti:feedbackType>
          </imsqti:qtiMetadata>
        </lom>
      </metadata>
      <file href="Q42_Multiple_Choice.xml" />
    </resource>
    <resource identifier="ID_QTIExport_Resource_43" type="imsqti_item_xmlv2p1" href="Q43_Multiple_Choice.xml">
      <metadata>
        <lom xmlns="http://ltsc.ieee.org/xsd/LOM">
          <general>
            <title>
              <string>A large research sample is nice to have, however, it may not be necessary if the experimenter can choose a(n) ______ sample and control for many of the ______ variables.</string>
            </title>
          </general>
          <educational>
            <description>
              <string>Describe how to evaluate I/O psychology research</string>
            </description>
            <intendedEndUserRole>
              <value>teacher</value>
            </intendedEndUserRole>
            <context />
          </educational>
          <imsqti:qtiMetadata>
            <imsqti:interactionType>choiceInteraction</imsqti:interactionType>
            <imsqti:itemTemplate>false</imsqti:itemTemplate>
            <imsqti:timeDependent>false</imsqti:timeDependent>
            <imsqti:composite>false</imsqti:composite>
            <imsqti:solutionAvailable>true</imsqti:solutionAvailable>
            <imsqti:feedbackType>none</imsqti:feedbackType>
          </imsqti:qtiMetadata>
        </lom>
      </metadata>
      <file href="Q43_Multiple_Choice.xml" />
    </resource>
    <resource identifier="ID_QTIExport_Resource_44" type="imsqti_item_xmlv2p1" href="Q44_Multiple_Choice.xml">
      <metadata>
        <lom xmlns="http://ltsc.ieee.org/xsd/LOM">
          <general>
            <title>
              <string>The majority of research in the field of I/O psychology is conducted at universities using students as subjects rather than employees. In fact, college students serve as subjects in approximately ____ percent of all published I/O research.</string>
            </title>
          </general>
          <educational>
            <description>
              <string>Describe how to evaluate I/O psychology research</string>
            </description>
            <intendedEndUserRole>
              <value>teacher</value>
            </intendedEndUserRole>
            <context />
          </educational>
          <imsqti:qtiMetadata>
            <imsqti:interactionType>choiceInteraction</imsqti:interactionType>
            <imsqti:itemTemplate>false</imsqti:itemTemplate>
            <imsqti:timeDependent>false</imsqti:timeDependent>
            <imsqti:composite>false</imsqti:composite>
            <imsqti:solutionAvailable>true</imsqti:solutionAvailable>
            <imsqti:feedbackType>none</imsqti:feedbackType>
          </imsqti:qtiMetadata>
        </lom>
      </metadata>
      <file href="Q44_Multiple_Choice.xml" />
    </resource>
    <resource identifier="ID_QTIExport_Resource_45" type="imsqti_item_xmlv2p1" href="Q45_Multiple_Choice.xml">
      <metadata>
        <lom xmlns="http://ltsc.ieee.org/xsd/LOM">
          <general>
            <title>
              <string>In general, the majority of the research comparing college student samples with actual employee samples conclude that college students behave _______ real world samples.</string>
            </title>
          </general>
          <educational>
            <description>
              <string>Describe how to evaluate I/O psychology research</string>
            </description>
            <intendedEndUserRole>
              <value>teacher</value>
            </intendedEndUserRole>
            <context />
          </educational>
          <imsqti:qtiMetadata>
            <imsqti:interactionType>choiceInteraction</imsqti:interactionType>
            <imsqti:itemTemplate>false</imsqti:itemTemplate>
            <imsqti:timeDependent>false</imsqti:timeDependent>
            <imsqti:composite>false</imsqti:composite>
            <imsqti:solutionAvailable>true</imsqti:solutionAvailable>
            <imsqti:feedbackType>none</imsqti:feedbackType>
          </imsqti:qtiMetadata>
        </lom>
      </metadata>
      <file href="Q45_Multiple_Choice.xml" />
    </resource>
    <resource identifier="ID_QTIExport_Resource_46" type="imsqti_item_xmlv2p1" href="Q46_Multiple_Choice.xml">
      <metadata>
        <lom xmlns="http://ltsc.ieee.org/xsd/LOM">
          <general>
            <title>
              <string>A _____ implies that each person in the population has an equal chance of being selected.</string>
            </title>
          </general>
          <educational>
            <description>
              <string>Describe how to evaluate I/O psychology research</string>
            </description>
            <intendedEndUserRole>
              <value>teacher</value>
            </intendedEndUserRole>
            <context />
          </educational>
          <imsqti:qtiMetadata>
            <imsqti:interactionType>choiceInteraction</imsqti:interactionType>
            <imsqti:itemTemplate>false</imsqti:itemTemplate>
            <imsqti:timeDependent>false</imsqti:timeDependent>
            <imsqti:composite>false</imsqti:composite>
            <imsqti:solutionAvailable>true</imsqti:solutionAvailable>
            <imsqti:feedbackType>none</imsqti:feedbackType>
          </imsqti:qtiMetadata>
        </lom>
      </metadata>
      <file href="Q46_Multiple_Choice.xml" />
    </resource>
    <resource identifier="ID_QTIExport_Resource_47" type="imsqti_item_xmlv2p1" href="Q47_Multiple_Choice.xml">
      <metadata>
        <lom xmlns="http://ltsc.ieee.org/xsd/LOM">
          <general>
            <title>
              <string>Most research in industry uses a ________ sample.</string>
            </title>
          </general>
          <educational>
            <description>
              <string>Describe how to evaluate I/O psychology research</string>
            </description>
            <intendedEndUserRole>
              <value>teacher</value>
            </intendedEndUserRole>
            <context />
          </educational>
          <imsqti:qtiMetadata>
            <imsqti:interactionType>choiceInteraction</imsqti:interactionType>
            <imsqti:itemTemplate>false</imsqti:itemTemplate>
            <imsqti:timeDependent>false</imsqti:timeDependent>
            <imsqti:composite>false</imsqti:composite>
            <imsqti:solutionAvailable>true</imsqti:solutionAvailable>
            <imsqti:feedbackType>none</imsqti:feedbackType>
          </imsqti:qtiMetadata>
        </lom>
      </metadata>
      <file href="Q47_Multiple_Choice.xml" />
    </resource>
    <resource identifier="ID_QTIExport_Resource_48" type="imsqti_item_xmlv2p1" href="Q48_Multiple_Choice.xml">
      <metadata>
        <lom xmlns="http://ltsc.ieee.org/xsd/LOM">
          <general>
            <title>
              <string>A teacher wants to see if there are any differences in the test scores of students who take her exam on the computer and those who take her exam the traditional paper and pencil way. Students with an odd digit at the end of their student ID number are requ</string>
            </title>
          </general>
          <educational>
            <description>
              <string>Describe how to evaluate I/O psychology research</string>
            </description>
            <intendedEndUserRole>
              <value>teacher</value>
            </intendedEndUserRole>
            <context />
          </educational>
          <imsqti:qtiMetadata>
            <imsqti:interactionType>choiceInteraction</imsqti:interactionType>
            <imsqti:itemTemplate>false</imsqti:itemTemplate>
            <imsqti:timeDependent>false</imsqti:timeDependent>
            <imsqti:composite>false</imsqti:composite>
            <imsqti:solutionAvailable>true</imsqti:solutionAvailable>
            <imsqti:feedbackType>none</imsqti:feedbackType>
          </imsqti:qtiMetadata>
        </lom>
      </metadata>
      <file href="Q48_Multiple_Choice.xml" />
    </resource>
    <resource identifier="ID_QTIExport_Resource_49" type="imsqti_item_xmlv2p1" href="Q49_Multiple_Choice.xml">
      <metadata>
        <lom xmlns="http://ltsc.ieee.org/xsd/LOM">
          <general>
            <title>
              <string>After all the data have been collected, the results are then:</string>
            </title>
          </general>
          <educational>
            <description>
              <string>Describe how to evaluate I/O psychology research</string>
            </description>
            <intendedEndUserRole>
              <value>teacher</value>
            </intendedEndUserRole>
            <context />
          </educational>
          <imsqti:qtiMetadata>
            <imsqti:interactionType>choiceInteraction</imsqti:interactionType>
            <imsqti:itemTemplate>false</imsqti:itemTemplate>
            <imsqti:timeDependent>false</imsqti:timeDependent>
            <imsqti:composite>false</imsqti:composite>
            <imsqti:solutionAvailable>true</imsqti:solutionAvailable>
            <imsqti:feedbackType>none</imsqti:feedbackType>
          </imsqti:qtiMetadata>
        </lom>
      </metadata>
      <file href="Q49_Multiple_Choice.xml" />
    </resource>
    <resource identifier="ID_QTIExport_Resource_50" type="imsqti_item_xmlv2p1" href="Q50_Multiple_Choice.xml">
      <metadata>
        <lom xmlns="http://ltsc.ieee.org/xsd/LOM">
          <general>
            <title>
              <string>The level of statistical significance that we use in psychology is:</string>
            </title>
          </general>
          <educational>
            <description>
              <string>Describe how to evaluate I/O psychology research</string>
            </description>
            <intendedEndUserRole>
              <value>teacher</value>
            </intendedEndUserRole>
            <context />
          </educational>
          <imsqti:qtiMetadata>
            <imsqti:interactionType>choiceInteraction</imsqti:interactionType>
            <imsqti:itemTemplate>false</imsqti:itemTemplate>
            <imsqti:timeDependent>false</imsqti:timeDependent>
            <imsqti:composite>false</imsqti:composite>
            <imsqti:solutionAvailable>true</imsqti:solutionAvailable>
            <imsqti:feedbackType>none</imsqti:feedbackType>
          </imsqti:qtiMetadata>
        </lom>
      </metadata>
      <file href="Q50_Multiple_Choice.xml" />
    </resource>
    <resource identifier="ID_QTIExport_Resource_51" type="imsqti_item_xmlv2p1" href="Q51_Multiple_Choice.xml">
      <metadata>
        <lom xmlns="http://ltsc.ieee.org/xsd/LOM">
          <general>
            <title>
              <string>The statistical significance of research results tell us the probability that:</string>
            </title>
          </general>
          <educational>
            <description>
              <string>Describe how to evaluate I/O psychology research</string>
            </description>
            <intendedEndUserRole>
              <value>teacher</value>
            </intendedEndUserRole>
            <context />
          </educational>
          <imsqti:qtiMetadata>
            <imsqti:interactionType>choiceInteraction</imsqti:interactionType>
            <imsqti:itemTemplate>false</imsqti:itemTemplate>
            <imsqti:timeDependent>false</imsqti:timeDependent>
            <imsqti:composite>false</imsqti:composite>
            <imsqti:solutionAvailable>true</imsqti:solutionAvailable>
            <imsqti:feedbackType>none</imsqti:feedbackType>
          </imsqti:qtiMetadata>
        </lom>
      </metadata>
      <file href="Q51_Multiple_Choice.xml" />
    </resource>
    <resource identifier="ID_QTIExport_Resource_52" type="imsqti_item_xmlv2p1" href="Q52_Multiple_Choice.xml">
      <metadata>
        <lom xmlns="http://ltsc.ieee.org/xsd/LOM">
          <general>
            <title>
              <string>Significance levels tell us the ______ significance of a study and effect size tells us the _______ of a study.</string>
            </title>
          </general>
          <educational>
            <description>
              <string>Describe how to evaluate I/O psychology research</string>
            </description>
            <intendedEndUserRole>
              <value>teacher</value>
            </intendedEndUserRole>
            <context />
          </educational>
          <imsqti:qtiMetadata>
            <imsqti:interactionType>choiceInteraction</imsqti:interactionType>
            <imsqti:itemTemplate>false</imsqti:itemTemplate>
            <imsqti:timeDependent>false</imsqti:timeDependent>
            <imsqti:composite>false</imsqti:composite>
            <imsqti:solutionAvailable>true</imsqti:solutionAvailable>
            <imsqti:feedbackType>none</imsqti:feedbackType>
          </imsqti:qtiMetadata>
        </lom>
      </metadata>
      <file href="Q52_Multiple_Choice.xml" />
    </resource>
    <resource identifier="ID_QTIExport_Resource_53" type="imsqti_item_xmlv2p1" href="Q53_Multiple_Choice.xml">
      <metadata>
        <lom xmlns="http://ltsc.ieee.org/xsd/LOM">
          <general>
            <title>
              <string>Which of the following represents the strongest correlation?</string>
            </title>
          </general>
          <educational>
            <description>
              <string>Describe how to evaluate I/O psychology research</string>
            </description>
            <intendedEndUserRole>
              <value>teacher</value>
            </intendedEndUserRole>
            <context />
          </educational>
          <imsqti:qtiMetadata>
            <imsqti:interactionType>choiceInteraction</imsqti:interactionType>
            <imsqti:itemTemplate>false</imsqti:itemTemplate>
            <imsqti:timeDependent>false</imsqti:timeDependent>
            <imsqti:composite>false</imsqti:composite>
            <imsqti:solutionAvailable>true</imsqti:solutionAvailable>
            <imsqti:feedbackType>none</imsqti:feedbackType>
          </imsqti:qtiMetadata>
        </lom>
      </metadata>
      <file href="Q53_Multiple_Choice.xml" />
    </resource>
    <resource identifier="ID_QTIExport_Resource_54" type="imsqti_item_xmlv2p1" href="Q54_Multiple_Choice.xml">
      <metadata>
        <lom xmlns="http://ltsc.ieee.org/xsd/LOM">
          <general>
            <title>
              <string>If a researcher calculated a correlation coefficient of r = 1.27 between two variables, you would conclude that there is a(n):</string>
            </title>
          </general>
          <educational>
            <description>
              <string>Describe how to evaluate I/O psychology research</string>
            </description>
            <intendedEndUserRole>
              <value>teacher</value>
            </intendedEndUserRole>
            <context />
          </educational>
          <imsqti:qtiMetadata>
            <imsqti:interactionType>choiceInteraction</imsqti:interactionType>
            <imsqti:itemTemplate>false</imsqti:itemTemplate>
            <imsqti:timeDependent>false</imsqti:timeDependent>
            <imsqti:composite>false</imsqti:composite>
            <imsqti:solutionAvailable>true</imsqti:solutionAvailable>
            <imsqti:feedbackType>none</imsqti:feedbackType>
          </imsqti:qtiMetadata>
        </lom>
      </metadata>
      <file href="Q54_Multiple_Choice.xml" />
    </resource>
    <resource identifier="ID_QTIExport_Resource_55" type="imsqti_item_xmlv2p1" href="Q55_Multiple_Choice.xml">
      <metadata>
        <lom xmlns="http://ltsc.ieee.org/xsd/LOM">
          <general>
            <title>
              <string>The use of correlational analysis does not allow you to infer a cause-and-effect ​ relationship. This is because a third variable, a(n) ______ variable, often accounts for the relationship between the two variables.</string>
            </title>
          </general>
          <educational>
            <description>
              <string>Describe how to evaluate I/O psychology research</string>
            </description>
            <intendedEndUserRole>
              <value>teacher</value>
            </intendedEndUserRole>
            <context />
          </educational>
          <imsqti:qtiMetadata>
            <imsqti:interactionType>choiceInteraction</imsqti:interactionType>
            <imsqti:itemTemplate>false</imsqti:itemTemplate>
            <imsqti:timeDependent>false</imsqti:timeDependent>
            <imsqti:composite>false</imsqti:composite>
            <imsqti:solutionAvailable>true</imsqti:solutionAvailable>
            <imsqti:feedbackType>none</imsqti:feedbackType>
          </imsqti:qtiMetadata>
        </lom>
      </metadata>
      <file href="Q55_Multiple_Choice.xml" />
    </resource>
    <resource identifier="ID_QTIExport_Resource_56" type="imsqti_item_xmlv2p1" href="Q56_Multiple_Choice.xml">
      <metadata>
        <lom xmlns="http://ltsc.ieee.org/xsd/LOM">
          <general>
            <title>
              <string>A researcher finds a strong correlation between job satisfaction and performance. What can the researcher conclude from this correlation?</string>
            </title>
          </general>
          <educational>
            <description>
              <string>Describe how to evaluate I/O psychology research</string>
            </description>
            <intendedEndUserRole>
              <value>teacher</value>
            </intendedEndUserRole>
            <context />
          </educational>
          <imsqti:qtiMetadata>
            <imsqti:interactionType>choiceInteraction</imsqti:interactionType>
            <imsqti:itemTemplate>false</imsqti:itemTemplate>
            <imsqti:timeDependent>false</imsqti:timeDependent>
            <imsqti:composite>false</imsqti:composite>
            <imsqti:solutionAvailable>true</imsqti:solutionAvailable>
            <imsqti:feedbackType>none</imsqti:feedbackType>
          </imsqti:qtiMetadata>
        </lom>
      </metadata>
      <file href="Q56_Multiple_Choice.xml" />
    </resource>
    <resource identifier="ID_QTIExport_Resource_57" type="imsqti_item_xmlv2p1" href="Q57_Multiple_Choice.xml">
      <metadata>
        <lom xmlns="http://ltsc.ieee.org/xsd/LOM">
          <general>
            <title>
              <string>In a ______ ethical dilemma, there is a high level of uncertainty as to what is right or wrong.</string>
            </title>
          </general>
          <educational>
            <intendedEndUserRole>
              <value>teacher</value>
            </intendedEndUserRole>
            <context />
          </educational>
          <imsqti:qtiMetadata>
            <imsqti:interactionType>choiceInteraction</imsqti:interactionType>
            <imsqti:itemTemplate>false</imsqti:itemTemplate>
            <imsqti:timeDependent>false</imsqti:timeDependent>
            <imsqti:composite>false</imsqti:composite>
            <imsqti:solutionAvailable>true</imsqti:solutionAvailable>
            <imsqti:feedbackType>none</imsqti:feedbackType>
          </imsqti:qtiMetadata>
        </lom>
      </metadata>
      <file href="Q57_Multiple_Choice.xml" />
    </resource>
    <resource identifier="ID_QTIExport_Resource_58" type="imsqti_item_xmlv2p1" href="Q58_Objective_Short_Answer.xml">
      <metadata>
        <lom xmlns="http://ltsc.ieee.org/xsd/LOM">
          <general>
            <title>
              <string>What are the three major fields of I/O psychology?</string>
            </title>
          </general>
          <educational>
            <description>
              <string>Define I/O psychology</string>
            </description>
            <intendedEndUserRole>
              <value>teacher</value>
            </intendedEndUserRole>
            <context />
          </educational>
          <imsqti:qtiMetadata>
            <imsqti:interactionType>extendedTextInteraction</imsqti:interactionType>
            <imsqti:itemTemplate>false</imsqti:itemTemplate>
            <imsqti:timeDependent>false</imsqti:timeDependent>
            <imsqti:composite>false</imsqti:composite>
            <imsqti:solutionAvailable>true</imsqti:solutionAvailable>
            <imsqti:feedbackType>none</imsqti:feedbackType>
          </imsqti:qtiMetadata>
        </lom>
      </metadata>
      <file href="Q58_Objective_Short_Answer.xml" />
    </resource>
    <resource identifier="ID_QTIExport_Resource_59" type="imsqti_item_xmlv2p1" href="Q59_Objective_Short_Answer.xml">
      <metadata>
        <lom xmlns="http://ltsc.ieee.org/xsd/LOM">
          <general>
            <title>
              <string>What are the three reasons your text listed for why you should be interested in research?</string>
            </title>
          </general>
          <educational>
            <description>
              <string>Explain the importance of conducting research</string>
            </description>
            <intendedEndUserRole>
              <value>teacher</value>
            </intendedEndUserRole>
            <context />
          </educational>
          <imsqti:qtiMetadata>
            <imsqti:interactionType>extendedTextInteraction</imsqti:interactionType>
            <imsqti:itemTemplate>false</imsqti:itemTemplate>
            <imsqti:timeDependent>false</imsqti:timeDependent>
            <imsqti:composite>false</imsqti:composite>
            <imsqti:solutionAvailable>true</imsqti:solutionAvailable>
            <imsqti:feedbackType>none</imsqti:feedbackType>
          </imsqti:qtiMetadata>
        </lom>
      </metadata>
      <file href="Q59_Objective_Short_Answer.xml" />
    </resource>
    <resource identifier="ID_QTIExport_Resource_60" type="imsqti_item_xmlv2p1" href="Q60_Objective_Short_Answer.xml">
      <metadata>
        <lom xmlns="http://ltsc.ieee.org/xsd/LOM">
          <general>
            <title>
              <string>What are the three sampling methods listed in the text?</string>
            </title>
          </general>
          <educational>
            <description>
              <string>Describe how to evaluate I/O psychology research</string>
            </description>
            <intendedEndUserRole>
              <value>teacher</value>
            </intendedEndUserRole>
            <context />
          </educational>
          <imsqti:qtiMetadata>
            <imsqti:interactionType>extendedTextInteraction</imsqti:interactionType>
            <imsqti:itemTemplate>false</imsqti:itemTemplate>
            <imsqti:timeDependent>false</imsqti:timeDependent>
            <imsqti:composite>false</imsqti:composite>
            <imsqti:solutionAvailable>true</imsqti:solutionAvailable>
            <imsqti:feedbackType>none</imsqti:feedbackType>
          </imsqti:qtiMetadata>
        </lom>
      </metadata>
      <file href="Q60_Objective_Short_Answer.xml" />
    </resource>
    <resource identifier="ID_QTIExport_Resource_61" type="imsqti_item_xmlv2p1" href="Q61_Objective_Short_Answer.xml">
      <metadata>
        <lom xmlns="http://ltsc.ieee.org/xsd/LOM">
          <general>
            <title>
              <string>What are the differences between ideas, hypotheses, and theories?</string>
            </title>
          </general>
          <educational>
            <description>
              <string>Describe how to evaluate I/O psychology research</string>
            </description>
            <intendedEndUserRole>
              <value>teacher</value>
            </intendedEndUserRole>
            <context />
          </educational>
          <imsqti:qtiMetadata>
            <imsqti:interactionType>extendedTextInteraction</imsqti:interactionType>
            <imsqti:itemTemplate>false</imsqti:itemTemplate>
            <imsqti:timeDependent>false</imsqti:timeDependent>
            <imsqti:composite>false</imsqti:composite>
            <imsqti:solutionAvailable>true</imsqti:solutionAvailable>
            <imsqti:feedbackType>none</imsqti:feedbackType>
          </imsqti:qtiMetadata>
        </lom>
      </metadata>
      <file href="Q61_Objective_Short_Answer.xml" />
    </resource>
    <resource identifier="ID_QTIExport_Resource_62" type="imsqti_item_xmlv2p1" href="Q62_Objective_Short_Answer.xml">
      <metadata>
        <lom xmlns="http://ltsc.ieee.org/xsd/LOM">
          <general>
            <title>
              <string>What are important considerations when choosing a research sample?</string>
            </title>
          </general>
          <educational>
            <description>
              <string>Describe how to evaluate I/O psychology research</string>
            </description>
            <intendedEndUserRole>
              <value>teacher</value>
            </intendedEndUserRole>
            <context />
          </educational>
          <imsqti:qtiMetadata>
            <imsqti:interactionType>extendedTextInteraction</imsqti:interactionType>
            <imsqti:itemTemplate>false</imsqti:itemTemplate>
            <imsqti:timeDependent>false</imsqti:timeDependent>
            <imsqti:composite>false</imsqti:composite>
            <imsqti:solutionAvailable>true</imsqti:solutionAvailable>
            <imsqti:feedbackType>none</imsqti:feedbackType>
          </imsqti:qtiMetadata>
        </lom>
      </metadata>
      <file href="Q62_Objective_Short_Answer.xml" />
    </resource>
  </resources>
</manifest>