﻿<?xml version="1.0" encoding="UTF-8"?>
<assessmentItem xmlns:xsi="http://www.w3.org/2001/XMLSchema-instance" xmlns="http://www.imsglobal.org/xsd/imsqti_v2p1" xsi:schemaLocation="http://www.imsglobal.org/xsd/imsqti_v2p1 http://www.imsglobal.org/xsd/qti/qtiv2p1/imsqti_v2p1p2.xsd" identifier="test-item11" title="The use of more sophisticated statistical techniques, a more aggressive approach in developing methods to select employees, and an increased interest in the application of cognitive psychology to industry took place in the:" adaptive="false" timeDependent="false">
  <responseDeclaration identifier="RESPONSE" cardinality="single" baseType="identifier">
    <correctResponse>
      <value>C3</value>
    </correctResponse>
  </responseDeclaration>
  <outcomeDeclaration identifier="SCORE" cardinality="single" baseType="integer" />
  <itemBody>
    <choiceInteraction responseIdentifier="RESPONSE" shuffle="true" maxChoices="1">
      <prompt>
        <span>
          <span>The use of more sophisticated statistical techniques, a more aggressive approach in developing methods to select employees, and an increased interest in the application of cognitive psychology to industry took place in the:</span>
        </span>
      </prompt>
      <simpleChoice identifier="C0">
        <span>
          <span>1920s and 30s</span>
        </span>
      </simpleChoice>
      <simpleChoice identifier="C1">
        <span>
          <span>1940s and 50s</span>
        </span>
      </simpleChoice>
      <simpleChoice identifier="C2">
        <span>
          <span>1960s and 70s</span>
        </span>
      </simpleChoice>
      <simpleChoice identifier="C3">
        <span>
          <span>1980s and 90s</span>
        </span>
      </simpleChoice>
    </choiceInteraction>
  </itemBody>
  <responseProcessing>
    <responseCondition>
      <responseIf>
        <match>
          <variable identifier="RESPONSE" />
          <correct identifier="RESPONSE" />
        </match>
        <setOutcomeValue identifier="SCORE">
          <baseValue baseType="integer">1</baseValue>
        </setOutcomeValue>
      </responseIf>
      <responseElse>
        <setOutcomeValue identifier="SCORE">
          <baseValue baseType="integer">0</baseValue>
        </setOutcomeValue>
      </responseElse>
    </responseCondition>
  </responseProcessing>
</assessmentItem>