﻿<?xml version="1.0" encoding="UTF-8"?>
<assessmentItem xmlns:xsi="http://www.w3.org/2001/XMLSchema-instance" xmlns="http://www.imsglobal.org/xsd/imsqti_v2p1" xsi:schemaLocation="http://www.imsglobal.org/xsd/imsqti_v2p1 http://www.imsglobal.org/xsd/qti/qtiv2p1/imsqti_v2p1p2.xsd" identifier="test-item22" title="To ensure that subjects are participating in a study of their own free will, researchers must obtain ​:" adaptive="false" timeDependent="false">
  <responseDeclaration identifier="RESPONSE" cardinality="single" baseType="identifier">
    <correctResponse>
      <value>C2</value>
    </correctResponse>
  </responseDeclaration>
  <outcomeDeclaration identifier="SCORE" cardinality="single" baseType="integer" />
  <itemBody>
    <choiceInteraction responseIdentifier="RESPONSE" shuffle="true" maxChoices="1">
      <prompt>
        <span>
          <span>To ensure that subjects are participating in a study of their own free will, researchers must obtain</span>
          <span>:</span>
        </span>
      </prompt>
      <simpleChoice identifier="C0">
        <span>
          <span>permission from the APA</span>
        </span>
      </simpleChoice>
      <simpleChoice identifier="C1">
        <span>
          <span>a <i>writ of mandamus</i> from the <a>participants</a></span>
        </span>
        <div>
          <div id="_com_1" language="JavaScript"> </div>
        </div>
      </simpleChoice>
      <simpleChoice identifier="C2">
        <span>
          <span>informed consent from the participants</span>
        </span>
      </simpleChoice>
      <simpleChoice identifier="C3">
        <span>
          <span>a valid control group</span>
        </span>
      </simpleChoice>
    </choiceInteraction>
  </itemBody>
  <responseProcessing>
    <responseCondition>
      <responseIf>
        <match>
          <variable identifier="RESPONSE" />
          <correct identifier="RESPONSE" />
        </match>
        <setOutcomeValue identifier="SCORE">
          <baseValue baseType="integer">1</baseValue>
        </setOutcomeValue>
      </responseIf>
      <responseElse>
        <setOutcomeValue identifier="SCORE">
          <baseValue baseType="integer">0</baseValue>
        </setOutcomeValue>
      </responseElse>
    </responseCondition>
  </responseProcessing>
</assessmentItem>