﻿<?xml version="1.0" encoding="UTF-8"?>
<assessmentItem xmlns:xsi="http://www.w3.org/2001/XMLSchema-instance" xmlns="http://www.imsglobal.org/xsd/imsqti_v2p1" xsi:schemaLocation="http://www.imsglobal.org/xsd/imsqti_v2p1 http://www.imsglobal.org/xsd/qti/qtiv2p1/imsqti_v2p1p2.xsd" identifier="test-item23" title="To ensure ethical treatment of subjects, universities have:" adaptive="false" timeDependent="false">
  <responseDeclaration identifier="RESPONSE" cardinality="single" baseType="identifier">
    <correctResponse>
      <value>C0</value>
    </correctResponse>
  </responseDeclaration>
  <outcomeDeclaration identifier="SCORE" cardinality="single" baseType="integer" />
  <itemBody>
    <choiceInteraction responseIdentifier="RESPONSE" shuffle="true" maxChoices="1">
      <prompt>
        <span>
          <span>To ensure ethical treatment of subjects, universities have:</span>
        </span>
      </prompt>
      <simpleChoice identifier="C0">
        <span>
          <span>institutional review boards</span>
        </span>
      </simpleChoice>
      <simpleChoice identifier="C1">
        <span>
          <span>the APA closely monitor every study</span>
        </span>
      </simpleChoice>
      <simpleChoice identifier="C2">
        <span>
          <span>witnesses during experiments</span>
        </span>
      </simpleChoice>
      <simpleChoice identifier="C3">
        <span>
          <span>well-known researchers</span>
        </span>
        <div>
          <div id="_com_1" language="JavaScript">
          </div>
        </div>
      </simpleChoice>
    </choiceInteraction>
  </itemBody>
  <responseProcessing>
    <responseCondition>
      <responseIf>
        <match>
          <variable identifier="RESPONSE" />
          <correct identifier="RESPONSE" />
        </match>
        <setOutcomeValue identifier="SCORE">
          <baseValue baseType="integer">1</baseValue>
        </setOutcomeValue>
      </responseIf>
      <responseElse>
        <setOutcomeValue identifier="SCORE">
          <baseValue baseType="integer">0</baseValue>
        </setOutcomeValue>
      </responseElse>
    </responseCondition>
  </responseProcessing>
</assessmentItem>