﻿<?xml version="1.0" encoding="UTF-8"?>
<assessmentItem xmlns:xsi="http://www.w3.org/2001/XMLSchema-instance" xmlns="http://www.imsglobal.org/xsd/imsqti_v2p1" xsi:schemaLocation="http://www.imsglobal.org/xsd/imsqti_v2p1 http://www.imsglobal.org/xsd/qti/qtiv2p1/imsqti_v2p1p2.xsd" identifier="test-item29" title="In an experiment designed to test the effect of noise on employee performance, noise is the ______ and employee performance is the ______." adaptive="false" timeDependent="false">
  <responseDeclaration identifier="RESPONSE" cardinality="single" baseType="identifier">
    <correctResponse>
      <value>C2</value>
    </correctResponse>
  </responseDeclaration>
  <outcomeDeclaration identifier="SCORE" cardinality="single" baseType="integer" />
  <itemBody>
    <choiceInteraction responseIdentifier="RESPONSE" shuffle="true" maxChoices="1">
      <prompt>
        <span>
          <span>In an experiment designed to test the effect of noise on employee performance, noise is the ______ and employee performance is the ______.</span>
        </span>
      </prompt>
      <simpleChoice identifier="C0">
        <span>
          <span>dependent variable <a>/</a></span>
          <span>independent variable</span>
          <span> </span>
        </span>
        <div>
          <div>
            <div id="_com_1" language="JavaScript">
            </div>
          </div>
        </div>
      </simpleChoice>
      <simpleChoice identifier="C1">
        <span>
          <span>dependent variable / control variable</span>
        </span>
      </simpleChoice>
      <simpleChoice identifier="C2">
        <span>
          <span>independent variable/dependent variable</span>
        </span>
      </simpleChoice>
      <simpleChoice identifier="C3">
        <span>
          <span>control variable / dependent variable</span>
        </span>
      </simpleChoice>
    </choiceInteraction>
  </itemBody>
  <responseProcessing>
    <responseCondition>
      <responseIf>
        <match>
          <variable identifier="RESPONSE" />
          <correct identifier="RESPONSE" />
        </match>
        <setOutcomeValue identifier="SCORE">
          <baseValue baseType="integer">1</baseValue>
        </setOutcomeValue>
      </responseIf>
      <responseElse>
        <setOutcomeValue identifier="SCORE">
          <baseValue baseType="integer">0</baseValue>
        </setOutcomeValue>
      </responseElse>
    </responseCondition>
  </responseProcessing>
</assessmentItem>