﻿<?xml version="1.0" encoding="UTF-8"?>
<assessmentItem xmlns:xsi="http://www.w3.org/2001/XMLSchema-instance" xmlns="http://www.imsglobal.org/xsd/imsqti_v2p1" xsi:schemaLocation="http://www.imsglobal.org/xsd/imsqti_v2p1 http://www.imsglobal.org/xsd/qti/qtiv2p1/imsqti_v2p1p2.xsd" identifier="test-item30" title="​Researchers at IBM think that employees who get to choose​ their own working hours will be more satisfied than those who do not. To test this idea, IBM employees at the Dallas facility are told that they can choose ​their own hours. Six months later, th" adaptive="false" timeDependent="false">
  <responseDeclaration identifier="RESPONSE" cardinality="single" baseType="identifier">
    <correctResponse>
      <value>C1</value>
    </correctResponse>
  </responseDeclaration>
  <outcomeDeclaration identifier="SCORE" cardinality="single" baseType="integer" />
  <itemBody>
    <choiceInteraction responseIdentifier="RESPONSE" shuffle="true" maxChoices="1">
      <prompt>
        <span>
          <span>Researchers at IBM think that employees who get to <a>choose</a></span>
          <span>their own working hours will be more satisfied than those who do not. To test this idea, IBM employees at the Dallas facility are told that they can <a>choose</a></span>
          <span>their own hours. Six months later, the satisfaction level of employees in the Dallas facility is compared to employees in the Knoxville facility. The employees in the Knoxville facility are considered the:</span>
        </span>
      </prompt>
      <simpleChoice identifier="C0">
        <span>
          <span>dependent variable</span>
        </span>
      </simpleChoice>
      <simpleChoice identifier="C1">
        <span>
          <span>control group</span>
        </span>
      </simpleChoice>
      <simpleChoice identifier="C2">
        <span>
          <span>experimental group</span>
        </span>
      </simpleChoice>
      <simpleChoice identifier="C3">
        <span>
          <span>independent variable</span>
        </span>
      </simpleChoice>
    </choiceInteraction>
  </itemBody>
  <responseProcessing>
    <responseCondition>
      <responseIf>
        <match>
          <variable identifier="RESPONSE" />
          <correct identifier="RESPONSE" />
        </match>
        <setOutcomeValue identifier="SCORE">
          <baseValue baseType="integer">1</baseValue>
        </setOutcomeValue>
      </responseIf>
      <responseElse>
        <setOutcomeValue identifier="SCORE">
          <baseValue baseType="integer">0</baseValue>
        </setOutcomeValue>
      </responseElse>
    </responseCondition>
  </responseProcessing>
</assessmentItem>