﻿<?xml version="1.0" encoding="UTF-8"?>
<assessmentItem xmlns:xsi="http://www.w3.org/2001/XMLSchema-instance" xmlns="http://www.imsglobal.org/xsd/imsqti_v2p1" xsi:schemaLocation="http://www.imsglobal.org/xsd/imsqti_v2p1 http://www.imsglobal.org/xsd/qti/qtiv2p1/imsqti_v2p1p2.xsd" identifier="test-item35" title="If you went through your employee files to determine what type of person makes the best employee, you would probably be conducting:" adaptive="false" timeDependent="false">
  <responseDeclaration identifier="RESPONSE" cardinality="single" baseType="identifier">
    <correctResponse>
      <value>C0</value>
    </correctResponse>
  </responseDeclaration>
  <outcomeDeclaration identifier="SCORE" cardinality="single" baseType="integer" />
  <itemBody>
    <choiceInteraction responseIdentifier="RESPONSE" shuffle="true" maxChoices="1">
      <prompt>
        <span class="p">
          <span>If you went through your employee files to determine what type of person makes the best</span>
        </span>
        <p>
          <span>employee, you would probably be conducting:</span>
        </p>
      </prompt>
      <simpleChoice identifier="C0">
        <span>
          <span>archival research</span>
        </span>
      </simpleChoice>
      <simpleChoice identifier="C1">
        <span>
          <span>a meta-analysis</span>
        </span>
      </simpleChoice>
      <simpleChoice identifier="C2">
        <span>
          <span>a field study</span>
        </span>
      </simpleChoice>
      <simpleChoice identifier="C3">
        <span>
          <span>an experiment</span>
        </span>
      </simpleChoice>
    </choiceInteraction>
  </itemBody>
  <responseProcessing>
    <responseCondition>
      <responseIf>
        <match>
          <variable identifier="RESPONSE" />
          <correct identifier="RESPONSE" />
        </match>
        <setOutcomeValue identifier="SCORE">
          <baseValue baseType="integer">1</baseValue>
        </setOutcomeValue>
      </responseIf>
      <responseElse>
        <setOutcomeValue identifier="SCORE">
          <baseValue baseType="integer">0</baseValue>
        </setOutcomeValue>
      </responseElse>
    </responseCondition>
  </responseProcessing>
</assessmentItem>