﻿<?xml version="1.0" encoding="UTF-8"?>
<assessmentItem xmlns:xsi="http://www.w3.org/2001/XMLSchema-instance" xmlns="http://www.imsglobal.org/xsd/imsqti_v2p1" xsi:schemaLocation="http://www.imsglobal.org/xsd/imsqti_v2p1 http://www.imsglobal.org/xsd/qti/qtiv2p1/imsqti_v2p1p2.xsd" identifier="test-item48" title="A teacher wants to see if there are any differences in the test scores of students who take her exam on the computer and those who take her exam the traditional paper and pencil way. Students with an odd digit at the end of their student ID number are requ" adaptive="false" timeDependent="false">
  <responseDeclaration identifier="RESPONSE" cardinality="single" baseType="identifier">
    <correctResponse>
      <value>C1</value>
    </correctResponse>
  </responseDeclaration>
  <outcomeDeclaration identifier="SCORE" cardinality="single" baseType="integer" />
  <itemBody>
    <choiceInteraction responseIdentifier="RESPONSE" shuffle="true" maxChoices="1">
      <prompt>
        <span>
          <span>A teacher wants to see if there are any differences in the test scores of students who take her exam on the computer and those who take her exam the traditional paper and pencil way. Students with an odd digit at the end of their student ID number are required to take her midterm exam on the computer and those with an even digit are required to take a paper and pencil exam. Her study has a _____ sample with _____.</span>
        </span>
      </prompt>
      <simpleChoice identifier="C0">
        <span>
          <span>random / random assignment</span>
        </span>
      </simpleChoice>
      <simpleChoice identifier="C1">
        <span>
          <span>convenience / random assignment</span>
        </span>
      </simpleChoice>
      <simpleChoice identifier="C2">
        <span>
          <span>convenience / nonrandom assignment</span>
        </span>
      </simpleChoice>
      <simpleChoice identifier="C3">
        <span>
          <span>random / nonrandom</span>
        </span>
      </simpleChoice>
    </choiceInteraction>
  </itemBody>
  <responseProcessing>
    <responseCondition>
      <responseIf>
        <match>
          <variable identifier="RESPONSE" />
          <correct identifier="RESPONSE" />
        </match>
        <setOutcomeValue identifier="SCORE">
          <baseValue baseType="integer">1</baseValue>
        </setOutcomeValue>
      </responseIf>
      <responseElse>
        <setOutcomeValue identifier="SCORE">
          <baseValue baseType="integer">0</baseValue>
        </setOutcomeValue>
      </responseElse>
    </responseCondition>
  </responseProcessing>
</assessmentItem>