﻿<?xml version="1.0" encoding="UTF-8"?>
<assessmentItem xmlns:xsi="http://www.w3.org/2001/XMLSchema-instance" xmlns="http://www.imsglobal.org/xsd/imsqti_v2p1" xsi:schemaLocation="http://www.imsglobal.org/xsd/imsqti_v2p1 http://www.imsglobal.org/xsd/qti/qtiv2p1/imsqti_v2p1p2.xsd" identifier="test-item55" title="The use of correlational analysis does not allow you to infer a cause-and-effect ​ relationship. This is because a third variable, a(n) ______ variable, often accounts for the relationship between the two variables." adaptive="false" timeDependent="false">
  <responseDeclaration identifier="RESPONSE" cardinality="single" baseType="identifier">
    <correctResponse>
      <value>C0</value>
    </correctResponse>
  </responseDeclaration>
  <outcomeDeclaration identifier="SCORE" cardinality="single" baseType="integer" />
  <itemBody>
    <choiceInteraction responseIdentifier="RESPONSE" shuffle="true" maxChoices="1">
      <prompt>
        <span>
          <span>The use of correlational analysis does not allow you to infer a <a>cause-and-effect</a></span>
          <span>
            <span> </span>
          </span>
          <span>relationship. This is because a third variable, a(n) ______ variable, often accounts for the relationship between the two variables.</span>
        </span>
      </prompt>
      <simpleChoice identifier="C0">
        <span> <span>intervening</span></span>
      </simpleChoice>
      <simpleChoice identifier="C1">
        <span>
          <span>energizing</span>
        </span>
      </simpleChoice>
      <simpleChoice identifier="C2">
        <span>
          <span>superordinate</span>
        </span>
        <div>
          <div id="_com_1" language="JavaScript">
          </div>
        </div>
      </simpleChoice>
      <simpleChoice identifier="C3">
        <span>
          <span>matching</span>
        </span>
      </simpleChoice>
    </choiceInteraction>
  </itemBody>
  <responseProcessing>
    <responseCondition>
      <responseIf>
        <match>
          <variable identifier="RESPONSE" />
          <correct identifier="RESPONSE" />
        </match>
        <setOutcomeValue identifier="SCORE">
          <baseValue baseType="integer">1</baseValue>
        </setOutcomeValue>
      </responseIf>
      <responseElse>
        <setOutcomeValue identifier="SCORE">
          <baseValue baseType="integer">0</baseValue>
        </setOutcomeValue>
      </responseElse>
    </responseCondition>
  </responseProcessing>
</assessmentItem>