﻿<?xml version="1.0" encoding="UTF-8"?>
<manifest identifier="ID_abfad68e-2597-44c0-8087-c322a5a7a329" xmlns="http://www.imsglobal.org/xsd/imscp_v1p1" xmlns:imsqti="http://www.imsglobal.org/xsd/imsqti_v2p1" xmlns:xsi="http://www.w3.org/2001/XMLSchema-instance" xsi:schemaLocation="http://ltsc.ieee.org/xsd/LOM http://www.imsglobal.org/xsd/imsmd_loose_v1p3p2.xsd http://www.imsglobal.org/xsd/imsqti_metadata_v2p1 http://www.imsglobal.org/xsd/qti/qtiv2p1/imsqti_metadata_v2p1p1.xsd http://www.imsglobal.org/xsd/imscp_v1p1 http://www.imsglobal.org/xsd/qti/qtiv2p1/qtiv2p1_imscpv1p2_v1p0.xsd http://www.imsglobal.org/xsd/imsqti_v2p1 http://www.imsglobal.org/xsd/qti/qtiv2p1/imsqti_v2p1p2.xsd">
  <metadata>
    <schema>QTIv2.1 Package</schema>
    <schemaversion>1.0.0</schemaversion>
    <lom xmlns="http://ltsc.ieee.org/xsd/LOM">
      <general>
        <title>
          <string>Chapter 09: Employee Motivation</string>
        </title>
        <language>en</language>
      </general>
      <metaMetadata xmlns="http://ltsc.ieee.org/xsd/LOM">
        <metadataschema>LOMv1.0</metadataschema>
        <metadataschema>QTIv2.1</metadataschema>
        <language>en</language>
      </metaMetadata>
    </lom>
  </metadata>
  <organizations />
  <resources>
    <resource identifier="ID_QTIExport_Resource_0" type="imsqti_item_xmlv2p1" href="Q0_Multiple_Choice.xml">
      <metadata>
        <lom xmlns="http://ltsc.ieee.org/xsd/LOM">
          <general>
            <title>
              <string>An internal force that drives a worker to perform well is:</string>
            </title>
          </general>
          <educational>
            <description>
              <string>The History of Managed Care</string>
            </description>
            <intendedEndUserRole>
              <value>teacher</value>
            </intendedEndUserRole>
            <context />
          </educational>
          <imsqti:qtiMetadata>
            <imsqti:interactionType>choiceInteraction</imsqti:interactionType>
            <imsqti:itemTemplate>false</imsqti:itemTemplate>
            <imsqti:timeDependent>false</imsqti:timeDependent>
            <imsqti:composite>false</imsqti:composite>
            <imsqti:solutionAvailable>true</imsqti:solutionAvailable>
            <imsqti:feedbackType>none</imsqti:feedbackType>
          </imsqti:qtiMetadata>
        </lom>
      </metadata>
      <file href="Q0_Multiple_Choice.xml" />
    </resource>
    <resource identifier="ID_QTIExport_Resource_1" type="imsqti_item_xmlv2p1" href="Q1_Multiple_Choice.xml">
      <metadata>
        <lom xmlns="http://ltsc.ieee.org/xsd/LOM">
          <general>
            <title>
              <string>_____ determines whether a person can do the job properly and ____ determines whether that person will do it properly.</string>
            </title>
          </general>
          <educational>
            <description>
              <string>The History of Managed Care</string>
            </description>
            <intendedEndUserRole>
              <value>teacher</value>
            </intendedEndUserRole>
            <context />
          </educational>
          <imsqti:qtiMetadata>
            <imsqti:interactionType>choiceInteraction</imsqti:interactionType>
            <imsqti:itemTemplate>false</imsqti:itemTemplate>
            <imsqti:timeDependent>false</imsqti:timeDependent>
            <imsqti:composite>false</imsqti:composite>
            <imsqti:solutionAvailable>true</imsqti:solutionAvailable>
            <imsqti:feedbackType>none</imsqti:feedbackType>
          </imsqti:qtiMetadata>
        </lom>
      </metadata>
      <file href="Q1_Multiple_Choice.xml" />
    </resource>
    <resource identifier="ID_QTIExport_Resource_2" type="imsqti_item_xmlv2p1" href="Q2_Multiple_Choice.xml">
      <metadata>
        <lom xmlns="http://ltsc.ieee.org/xsd/LOM">
          <general>
            <title>
              <string>The personality dimension of _____ is the best predictor of performance whereas _____ is the best predictor of promotions.</string>
            </title>
          </general>
          <educational>
            <description>
              <string>Identify the types of people who tend to be more motivated than others</string>
            </description>
            <intendedEndUserRole>
              <value>teacher</value>
            </intendedEndUserRole>
            <context />
          </educational>
          <imsqti:qtiMetadata>
            <imsqti:interactionType>choiceInteraction</imsqti:interactionType>
            <imsqti:itemTemplate>false</imsqti:itemTemplate>
            <imsqti:timeDependent>false</imsqti:timeDependent>
            <imsqti:composite>false</imsqti:composite>
            <imsqti:solutionAvailable>true</imsqti:solutionAvailable>
            <imsqti:feedbackType>none</imsqti:feedbackType>
          </imsqti:qtiMetadata>
        </lom>
      </metadata>
      <file href="Q2_Multiple_Choice.xml" />
    </resource>
    <resource identifier="ID_QTIExport_Resource_3" type="imsqti_item_xmlv2p1" href="Q3_Multiple_Choice.xml">
      <metadata>
        <lom xmlns="http://ltsc.ieee.org/xsd/LOM">
          <general>
            <title>
              <string>Consistency theory states that there is a relationship between work motivation and:</string>
            </title>
          </general>
          <educational>
            <description>
              <string>Types of Managed Care Organizations</string>
            </description>
            <intendedEndUserRole>
              <value>teacher</value>
            </intendedEndUserRole>
            <context />
          </educational>
          <imsqti:qtiMetadata>
            <imsqti:interactionType>choiceInteraction</imsqti:interactionType>
            <imsqti:itemTemplate>false</imsqti:itemTemplate>
            <imsqti:timeDependent>false</imsqti:timeDependent>
            <imsqti:composite>false</imsqti:composite>
            <imsqti:solutionAvailable>true</imsqti:solutionAvailable>
            <imsqti:feedbackType>none</imsqti:feedbackType>
          </imsqti:qtiMetadata>
        </lom>
      </metadata>
      <file href="Q3_Multiple_Choice.xml" />
    </resource>
    <resource identifier="ID_QTIExport_Resource_4" type="imsqti_item_xmlv2p1" href="Q4_Multiple_Choice.xml">
      <metadata>
        <lom xmlns="http://ltsc.ieee.org/xsd/LOM">
          <general>
            <title>
              <string>_____ self-esteem focuses on an individual's feelings in a particular situation whereas _____ self-esteem focuses on how a person feels about themself based on the expectations of others.</string>
            </title>
          </general>
          <educational>
            <description>
              <string>Types of Managed Care Organizations</string>
            </description>
            <intendedEndUserRole>
              <value>teacher</value>
            </intendedEndUserRole>
            <context />
          </educational>
          <imsqti:qtiMetadata>
            <imsqti:interactionType>choiceInteraction</imsqti:interactionType>
            <imsqti:itemTemplate>false</imsqti:itemTemplate>
            <imsqti:timeDependent>false</imsqti:timeDependent>
            <imsqti:composite>false</imsqti:composite>
            <imsqti:solutionAvailable>true</imsqti:solutionAvailable>
            <imsqti:feedbackType>none</imsqti:feedbackType>
          </imsqti:qtiMetadata>
        </lom>
      </metadata>
      <file href="Q4_Multiple_Choice.xml" />
    </resource>
    <resource identifier="ID_QTIExport_Resource_5" type="imsqti_item_xmlv2p1" href="Q5_Multiple_Choice.xml">
      <metadata>
        <lom xmlns="http://ltsc.ieee.org/xsd/LOM">
          <general>
            <title>
              <string>Janice sends all new employees to a self-esteem workshop. Janice must believe in ______.</string>
            </title>
          </general>
          <educational>
            <description>
              <string>Types of Managed Care Organizations</string>
            </description>
            <intendedEndUserRole>
              <value>teacher</value>
            </intendedEndUserRole>
            <context />
          </educational>
          <imsqti:qtiMetadata>
            <imsqti:interactionType>choiceInteraction</imsqti:interactionType>
            <imsqti:itemTemplate>false</imsqti:itemTemplate>
            <imsqti:timeDependent>false</imsqti:timeDependent>
            <imsqti:composite>false</imsqti:composite>
            <imsqti:solutionAvailable>true</imsqti:solutionAvailable>
            <imsqti:feedbackType>none</imsqti:feedbackType>
          </imsqti:qtiMetadata>
        </lom>
      </metadata>
      <file href="Q5_Multiple_Choice.xml" />
    </resource>
    <resource identifier="ID_QTIExport_Resource_6" type="imsqti_item_xmlv2p1" href="Q6_Multiple_Choice.xml">
      <metadata>
        <lom xmlns="http://ltsc.ieee.org/xsd/LOM">
          <general>
            <title>
              <string>An employee thinks they are not smart and will never be able to master the new computer system. The employee takes a training class on the new system and fails. This situation might best be explained by:</string>
            </title>
          </general>
          <educational>
            <description>
              <string>Types of Managed Care Organizations</string>
            </description>
            <intendedEndUserRole>
              <value>teacher</value>
            </intendedEndUserRole>
            <context />
          </educational>
          <imsqti:qtiMetadata>
            <imsqti:interactionType>choiceInteraction</imsqti:interactionType>
            <imsqti:itemTemplate>false</imsqti:itemTemplate>
            <imsqti:timeDependent>false</imsqti:timeDependent>
            <imsqti:composite>false</imsqti:composite>
            <imsqti:solutionAvailable>true</imsqti:solutionAvailable>
            <imsqti:feedbackType>none</imsqti:feedbackType>
          </imsqti:qtiMetadata>
        </lom>
      </metadata>
      <file href="Q6_Multiple_Choice.xml" />
    </resource>
    <resource identifier="ID_QTIExport_Resource_7" type="imsqti_item_xmlv2p1" href="Q7_Multiple_Choice.xml">
      <metadata>
        <lom xmlns="http://ltsc.ieee.org/xsd/LOM">
          <general>
            <title>
              <string>An employee's supervisor places full confidence in the employee and believes that the employee can handle a fairly difficult task. This boosts the employee's self-esteem, which in turn increases the employee’s performance. This phenomenon is known as:</string>
            </title>
          </general>
          <educational>
            <description>
              <string>Types of Managed Care Organizations</string>
            </description>
            <intendedEndUserRole>
              <value>teacher</value>
            </intendedEndUserRole>
            <context />
          </educational>
          <imsqti:qtiMetadata>
            <imsqti:interactionType>choiceInteraction</imsqti:interactionType>
            <imsqti:itemTemplate>false</imsqti:itemTemplate>
            <imsqti:timeDependent>false</imsqti:timeDependent>
            <imsqti:composite>false</imsqti:composite>
            <imsqti:solutionAvailable>true</imsqti:solutionAvailable>
            <imsqti:feedbackType>none</imsqti:feedbackType>
          </imsqti:qtiMetadata>
        </lom>
      </metadata>
      <file href="Q7_Multiple_Choice.xml" />
    </resource>
    <resource identifier="ID_QTIExport_Resource_8" type="imsqti_item_xmlv2p1" href="Q8_Multiple_Choice.xml">
      <metadata>
        <lom xmlns="http://ltsc.ieee.org/xsd/LOM">
          <general>
            <title>
              <string>Temea spends a lot of effort selecting her employees. Thus, when Temea hires someone, she knows the employee will perform well and has a lot of confidence in them. According to _______, the employees probably will perform well.</string>
            </title>
          </general>
          <educational>
            <description>
              <string>Types of Managed Care Organizations</string>
            </description>
            <intendedEndUserRole>
              <value>teacher</value>
            </intendedEndUserRole>
            <context />
          </educational>
          <imsqti:qtiMetadata>
            <imsqti:interactionType>choiceInteraction</imsqti:interactionType>
            <imsqti:itemTemplate>false</imsqti:itemTemplate>
            <imsqti:timeDependent>false</imsqti:timeDependent>
            <imsqti:composite>false</imsqti:composite>
            <imsqti:solutionAvailable>true</imsqti:solutionAvailable>
            <imsqti:feedbackType>none</imsqti:feedbackType>
          </imsqti:qtiMetadata>
        </lom>
      </metadata>
      <file href="Q8_Multiple_Choice.xml" />
    </resource>
    <resource identifier="ID_QTIExport_Resource_9" type="imsqti_item_xmlv2p1" href="Q9_Multiple_Choice.xml">
      <metadata>
        <lom xmlns="http://ltsc.ieee.org/xsd/LOM">
          <general>
            <title>
              <string>According to research by Eden and colleagues (2000), training supervisors to use the Pygmalion Leadership Style:</string>
            </title>
          </general>
          <educational>
            <description>
              <string>Types of Managed Care Organizations</string>
            </description>
            <intendedEndUserRole>
              <value>teacher</value>
            </intendedEndUserRole>
            <context />
          </educational>
          <imsqti:qtiMetadata>
            <imsqti:interactionType>choiceInteraction</imsqti:interactionType>
            <imsqti:itemTemplate>false</imsqti:itemTemplate>
            <imsqti:timeDependent>false</imsqti:timeDependent>
            <imsqti:composite>false</imsqti:composite>
            <imsqti:solutionAvailable>true</imsqti:solutionAvailable>
            <imsqti:feedbackType>none</imsqti:feedbackType>
          </imsqti:qtiMetadata>
        </lom>
      </metadata>
      <file href="Q9_Multiple_Choice.xml" />
    </resource>
    <resource identifier="ID_QTIExport_Resource_10" type="imsqti_item_xmlv2p1" href="Q10_Multiple_Choice.xml">
      <metadata>
        <lom xmlns="http://ltsc.ieee.org/xsd/LOM">
          <general>
            <title>
              <string>Bob hates his work but will work hard if the supervisor is around to punish employees who are not working. Bob is probably ______ motivation.</string>
            </title>
          </general>
          <educational>
            <description>
              <string>Types of Managed Care Organizations</string>
            </description>
            <intendedEndUserRole>
              <value>teacher</value>
            </intendedEndUserRole>
            <context />
          </educational>
          <imsqti:qtiMetadata>
            <imsqti:interactionType>choiceInteraction</imsqti:interactionType>
            <imsqti:itemTemplate>false</imsqti:itemTemplate>
            <imsqti:timeDependent>false</imsqti:timeDependent>
            <imsqti:composite>false</imsqti:composite>
            <imsqti:solutionAvailable>true</imsqti:solutionAvailable>
            <imsqti:feedbackType>none</imsqti:feedbackType>
          </imsqti:qtiMetadata>
        </lom>
      </metadata>
      <file href="Q10_Multiple_Choice.xml" />
    </resource>
    <resource identifier="ID_QTIExport_Resource_11" type="imsqti_item_xmlv2p1" href="Q11_Multiple_Choice.xml">
      <metadata>
        <lom xmlns="http://ltsc.ieee.org/xsd/LOM">
          <general>
            <title>
              <string>An individual's orientation toward intrinsic and extrinsic motivation is measured by the:</string>
            </title>
          </general>
          <educational>
            <description>
              <string>Types of Managed Care Organizations</string>
            </description>
            <intendedEndUserRole>
              <value>teacher</value>
            </intendedEndUserRole>
            <context />
          </educational>
          <imsqti:qtiMetadata>
            <imsqti:interactionType>choiceInteraction</imsqti:interactionType>
            <imsqti:itemTemplate>false</imsqti:itemTemplate>
            <imsqti:timeDependent>false</imsqti:timeDependent>
            <imsqti:composite>false</imsqti:composite>
            <imsqti:solutionAvailable>true</imsqti:solutionAvailable>
            <imsqti:feedbackType>none</imsqti:feedbackType>
          </imsqti:qtiMetadata>
        </lom>
      </metadata>
      <file href="Q11_Multiple_Choice.xml" />
    </resource>
    <resource identifier="ID_QTIExport_Resource_12" type="imsqti_item_xmlv2p1" href="Q12_Multiple_Choice.xml">
      <metadata>
        <lom xmlns="http://ltsc.ieee.org/xsd/LOM">
          <general>
            <title>
              <string>Akira is motivated by jobs in which she can help others, whereas Bob is motivated by the desire to influence others. Akira has a high need for _______ and Bob has a high need for _______.</string>
            </title>
          </general>
          <educational>
            <description>
              <string>Types of Managed Care Organizations</string>
            </description>
            <intendedEndUserRole>
              <value>teacher</value>
            </intendedEndUserRole>
            <context />
          </educational>
          <imsqti:qtiMetadata>
            <imsqti:interactionType>choiceInteraction</imsqti:interactionType>
            <imsqti:itemTemplate>false</imsqti:itemTemplate>
            <imsqti:timeDependent>false</imsqti:timeDependent>
            <imsqti:composite>false</imsqti:composite>
            <imsqti:solutionAvailable>true</imsqti:solutionAvailable>
            <imsqti:feedbackType>none</imsqti:feedbackType>
          </imsqti:qtiMetadata>
        </lom>
      </metadata>
      <file href="Q12_Multiple_Choice.xml" />
    </resource>
    <resource identifier="ID_QTIExport_Resource_13" type="imsqti_item_xmlv2p1" href="Q13_Multiple_Choice.xml">
      <metadata>
        <lom xmlns="http://ltsc.ieee.org/xsd/LOM">
          <general>
            <title>
              <string>______ is a person’s ability to select, set, and modify goals to adapt to changing conditions.</string>
            </title>
          </general>
          <educational>
            <description>
              <string>Types of Managed Care Organizations</string>
            </description>
            <intendedEndUserRole>
              <value>teacher</value>
            </intendedEndUserRole>
            <context />
          </educational>
          <imsqti:qtiMetadata>
            <imsqti:interactionType>choiceInteraction</imsqti:interactionType>
            <imsqti:itemTemplate>false</imsqti:itemTemplate>
            <imsqti:timeDependent>false</imsqti:timeDependent>
            <imsqti:composite>false</imsqti:composite>
            <imsqti:solutionAvailable>true</imsqti:solutionAvailable>
            <imsqti:feedbackType>none</imsqti:feedbackType>
          </imsqti:qtiMetadata>
        </lom>
      </metadata>
      <file href="Q13_Multiple_Choice.xml" />
    </resource>
    <resource identifier="ID_QTIExport_Resource_14" type="imsqti_item_xmlv2p1" href="Q14_Multiple_Choice.xml">
      <metadata>
        <lom xmlns="http://ltsc.ieee.org/xsd/LOM">
          <general>
            <title>
              <string>Which of the following components of job characteristics theory involves an employee being able to connect their efforts with an outcome?</string>
            </title>
          </general>
          <educational>
            <description>
              <string>Types of Managed Care Organizations</string>
            </description>
            <intendedEndUserRole>
              <value>teacher</value>
            </intendedEndUserRole>
            <context />
          </educational>
          <imsqti:qtiMetadata>
            <imsqti:interactionType>choiceInteraction</imsqti:interactionType>
            <imsqti:itemTemplate>false</imsqti:itemTemplate>
            <imsqti:timeDependent>false</imsqti:timeDependent>
            <imsqti:composite>false</imsqti:composite>
            <imsqti:solutionAvailable>true</imsqti:solutionAvailable>
            <imsqti:feedbackType>none</imsqti:feedbackType>
          </imsqti:qtiMetadata>
        </lom>
      </metadata>
      <file href="Q14_Multiple_Choice.xml" />
    </resource>
    <resource identifier="ID_QTIExport_Resource_15" type="imsqti_item_xmlv2p1" href="Q15_Multiple_Choice.xml">
      <metadata>
        <lom xmlns="http://ltsc.ieee.org/xsd/LOM">
          <general>
            <title>
              <string>______ theory states that individuals have five major types of hierarchical needs.</string>
            </title>
          </general>
          <educational>
            <description>
              <string>Types of Managed Care Organizations</string>
            </description>
            <intendedEndUserRole>
              <value>teacher</value>
            </intendedEndUserRole>
            <context />
          </educational>
          <imsqti:qtiMetadata>
            <imsqti:interactionType>choiceInteraction</imsqti:interactionType>
            <imsqti:itemTemplate>false</imsqti:itemTemplate>
            <imsqti:timeDependent>false</imsqti:timeDependent>
            <imsqti:composite>false</imsqti:composite>
            <imsqti:solutionAvailable>true</imsqti:solutionAvailable>
            <imsqti:feedbackType>none</imsqti:feedbackType>
          </imsqti:qtiMetadata>
        </lom>
      </metadata>
      <file href="Q15_Multiple_Choice.xml" />
    </resource>
    <resource identifier="ID_QTIExport_Resource_16" type="imsqti_item_xmlv2p1" href="Q16_Multiple_Choice.xml">
      <metadata>
        <lom xmlns="http://ltsc.ieee.org/xsd/LOM">
          <general>
            <title>
              <string>In general, research on Maslow’s theory:</string>
            </title>
          </general>
          <educational>
            <description>
              <string>Types of Managed Care Organizations</string>
            </description>
            <intendedEndUserRole>
              <value>teacher</value>
            </intendedEndUserRole>
            <context />
          </educational>
          <imsqti:qtiMetadata>
            <imsqti:interactionType>choiceInteraction</imsqti:interactionType>
            <imsqti:itemTemplate>false</imsqti:itemTemplate>
            <imsqti:timeDependent>false</imsqti:timeDependent>
            <imsqti:composite>false</imsqti:composite>
            <imsqti:solutionAvailable>true</imsqti:solutionAvailable>
            <imsqti:feedbackType>none</imsqti:feedbackType>
          </imsqti:qtiMetadata>
        </lom>
      </metadata>
      <file href="Q16_Multiple_Choice.xml" />
    </resource>
    <resource identifier="ID_QTIExport_Resource_17" type="imsqti_item_xmlv2p1" href="Q17_Multiple_Choice.xml">
      <metadata>
        <lom xmlns="http://ltsc.ieee.org/xsd/LOM">
          <general>
            <title>
              <string>Which need theory has three levels of needs and allows individuals to skip levels?</string>
            </title>
          </general>
          <educational>
            <description>
              <string>Types of Managed Care Organizations</string>
            </description>
            <intendedEndUserRole>
              <value>teacher</value>
            </intendedEndUserRole>
            <context />
          </educational>
          <imsqti:qtiMetadata>
            <imsqti:interactionType>choiceInteraction</imsqti:interactionType>
            <imsqti:itemTemplate>false</imsqti:itemTemplate>
            <imsqti:timeDependent>false</imsqti:timeDependent>
            <imsqti:composite>false</imsqti:composite>
            <imsqti:solutionAvailable>true</imsqti:solutionAvailable>
            <imsqti:feedbackType>none</imsqti:feedbackType>
          </imsqti:qtiMetadata>
        </lom>
      </metadata>
      <file href="Q17_Multiple_Choice.xml" />
    </resource>
    <resource identifier="ID_QTIExport_Resource_18" type="imsqti_item_xmlv2p1" href="Q18_Multiple_Choice.xml">
      <metadata>
        <lom xmlns="http://ltsc.ieee.org/xsd/LOM">
          <general>
            <title>
              <string>According to two-factor theory, ____ is an example of a hygiene factor.</string>
            </title>
          </general>
          <educational>
            <description>
              <string>Types of Managed Care Organizations</string>
            </description>
            <intendedEndUserRole>
              <value>teacher</value>
            </intendedEndUserRole>
            <context />
          </educational>
          <imsqti:qtiMetadata>
            <imsqti:interactionType>choiceInteraction</imsqti:interactionType>
            <imsqti:itemTemplate>false</imsqti:itemTemplate>
            <imsqti:timeDependent>false</imsqti:timeDependent>
            <imsqti:composite>false</imsqti:composite>
            <imsqti:solutionAvailable>true</imsqti:solutionAvailable>
            <imsqti:feedbackType>none</imsqti:feedbackType>
          </imsqti:qtiMetadata>
        </lom>
      </metadata>
      <file href="Q18_Multiple_Choice.xml" />
    </resource>
    <resource identifier="ID_QTIExport_Resource_19" type="imsqti_item_xmlv2p1" href="Q19_Multiple_Choice.xml">
      <metadata>
        <lom xmlns="http://ltsc.ieee.org/xsd/LOM">
          <general>
            <title>
              <string>Making goals _______ would not increase their effectiveness.</string>
            </title>
          </general>
          <educational>
            <description>
              <string>Motivate employees through goal setting</string>
            </description>
            <intendedEndUserRole>
              <value>teacher</value>
            </intendedEndUserRole>
            <context />
          </educational>
          <imsqti:qtiMetadata>
            <imsqti:interactionType>choiceInteraction</imsqti:interactionType>
            <imsqti:itemTemplate>false</imsqti:itemTemplate>
            <imsqti:timeDependent>false</imsqti:timeDependent>
            <imsqti:composite>false</imsqti:composite>
            <imsqti:solutionAvailable>true</imsqti:solutionAvailable>
            <imsqti:feedbackType>none</imsqti:feedbackType>
          </imsqti:qtiMetadata>
        </lom>
      </metadata>
      <file href="Q19_Multiple_Choice.xml" />
    </resource>
    <resource identifier="ID_QTIExport_Resource_20" type="imsqti_item_xmlv2p1" href="Q20_Multiple_Choice.xml">
      <metadata>
        <lom xmlns="http://ltsc.ieee.org/xsd/LOM">
          <general>
            <title>
              <string>Darnell's parents tell him to try his best in college. Darnell's first semester GPA is 1.8 and his parents are mad. What was wrong with the goal set for Darnell?</string>
            </title>
          </general>
          <educational>
            <description>
              <string>Motivate employees through goal setting</string>
            </description>
            <intendedEndUserRole>
              <value>teacher</value>
            </intendedEndUserRole>
            <context />
          </educational>
          <imsqti:qtiMetadata>
            <imsqti:interactionType>choiceInteraction</imsqti:interactionType>
            <imsqti:itemTemplate>false</imsqti:itemTemplate>
            <imsqti:timeDependent>false</imsqti:timeDependent>
            <imsqti:composite>false</imsqti:composite>
            <imsqti:solutionAvailable>true</imsqti:solutionAvailable>
            <imsqti:feedbackType>none</imsqti:feedbackType>
          </imsqti:qtiMetadata>
        </lom>
      </metadata>
      <file href="Q20_Multiple_Choice.xml" />
    </resource>
    <resource identifier="ID_QTIExport_Resource_21" type="imsqti_item_xmlv2p1" href="Q21_Multiple_Choice.xml">
      <metadata>
        <lom xmlns="http://ltsc.ieee.org/xsd/LOM">
          <general>
            <title>
              <string>The supervisor at a local grocery store schedules individual monthly meetings with their four employees to let them know how they are doing in their respective areas. The supervisor is using a technique known as:</string>
            </title>
          </general>
          <educational>
            <description>
              <string>Motivate employees through goal setting</string>
            </description>
            <intendedEndUserRole>
              <value>teacher</value>
            </intendedEndUserRole>
            <context />
          </educational>
          <imsqti:qtiMetadata>
            <imsqti:interactionType>choiceInteraction</imsqti:interactionType>
            <imsqti:itemTemplate>false</imsqti:itemTemplate>
            <imsqti:timeDependent>false</imsqti:timeDependent>
            <imsqti:composite>false</imsqti:composite>
            <imsqti:solutionAvailable>true</imsqti:solutionAvailable>
            <imsqti:feedbackType>none</imsqti:feedbackType>
          </imsqti:qtiMetadata>
        </lom>
      </metadata>
      <file href="Q21_Multiple_Choice.xml" />
    </resource>
    <resource identifier="ID_QTIExport_Resource_22" type="imsqti_item_xmlv2p1" href="Q22_Multiple_Choice.xml">
      <metadata>
        <lom xmlns="http://ltsc.ieee.org/xsd/LOM">
          <general>
            <title>
              <string>Matt constantly posts charts and graphs indicating the latest production statistics. Matt seems to believe in:</string>
            </title>
          </general>
          <educational>
            <description>
              <string>Theory of Managed Care Savings</string>
            </description>
            <intendedEndUserRole>
              <value>teacher</value>
            </intendedEndUserRole>
            <context />
          </educational>
          <imsqti:qtiMetadata>
            <imsqti:interactionType>choiceInteraction</imsqti:interactionType>
            <imsqti:itemTemplate>false</imsqti:itemTemplate>
            <imsqti:timeDependent>false</imsqti:timeDependent>
            <imsqti:composite>false</imsqti:composite>
            <imsqti:solutionAvailable>true</imsqti:solutionAvailable>
            <imsqti:feedbackType>none</imsqti:feedbackType>
          </imsqti:qtiMetadata>
        </lom>
      </metadata>
      <file href="Q22_Multiple_Choice.xml" />
    </resource>
    <resource identifier="ID_QTIExport_Resource_23" type="imsqti_item_xmlv2p1" href="Q23_Multiple_Choice.xml">
      <metadata>
        <lom xmlns="http://ltsc.ieee.org/xsd/LOM">
          <general>
            <title>
              <string>Feedback is most effective when it focuses on an employee’s ______ and the supervisor explains how that impacts _____ .</string>
            </title>
          </general>
          <educational>
            <description>
              <string>Theory of Managed Care Savings</string>
            </description>
            <intendedEndUserRole>
              <value>teacher</value>
            </intendedEndUserRole>
            <context />
          </educational>
          <imsqti:qtiMetadata>
            <imsqti:interactionType>choiceInteraction</imsqti:interactionType>
            <imsqti:itemTemplate>false</imsqti:itemTemplate>
            <imsqti:timeDependent>false</imsqti:timeDependent>
            <imsqti:composite>false</imsqti:composite>
            <imsqti:solutionAvailable>true</imsqti:solutionAvailable>
            <imsqti:feedbackType>none</imsqti:feedbackType>
          </imsqti:qtiMetadata>
        </lom>
      </metadata>
      <file href="Q23_Multiple_Choice.xml" />
    </resource>
    <resource identifier="ID_QTIExport_Resource_24" type="imsqti_item_xmlv2p1" href="Q24_Multiple_Choice.xml">
      <metadata>
        <lom xmlns="http://ltsc.ieee.org/xsd/LOM">
          <general>
            <title>
              <string>Operant conditioning focuses on:</string>
            </title>
          </general>
          <educational>
            <description>
              <string>Use operant conditioning principles to motivate employees</string>
            </description>
            <intendedEndUserRole>
              <value>teacher</value>
            </intendedEndUserRole>
            <context />
          </educational>
          <imsqti:qtiMetadata>
            <imsqti:interactionType>choiceInteraction</imsqti:interactionType>
            <imsqti:itemTemplate>false</imsqti:itemTemplate>
            <imsqti:timeDependent>false</imsqti:timeDependent>
            <imsqti:composite>false</imsqti:composite>
            <imsqti:solutionAvailable>true</imsqti:solutionAvailable>
            <imsqti:feedbackType>none</imsqti:feedbackType>
          </imsqti:qtiMetadata>
        </lom>
      </metadata>
      <file href="Q24_Multiple_Choice.xml" />
    </resource>
    <resource identifier="ID_QTIExport_Resource_25" type="imsqti_item_xmlv2p1" href="Q25_Multiple_Choice.xml">
      <metadata>
        <lom xmlns="http://ltsc.ieee.org/xsd/LOM">
          <general>
            <title>
              <string>Which of the following is NOT a factor in determining the effectiveness of an incentive program?</string>
            </title>
          </general>
          <educational>
            <description>
              <string>Use operant conditioning principles to motivate employees</string>
            </description>
            <intendedEndUserRole>
              <value>teacher</value>
            </intendedEndUserRole>
            <context />
          </educational>
          <imsqti:qtiMetadata>
            <imsqti:interactionType>choiceInteraction</imsqti:interactionType>
            <imsqti:itemTemplate>false</imsqti:itemTemplate>
            <imsqti:timeDependent>false</imsqti:timeDependent>
            <imsqti:composite>false</imsqti:composite>
            <imsqti:solutionAvailable>true</imsqti:solutionAvailable>
            <imsqti:feedbackType>none</imsqti:feedbackType>
          </imsqti:qtiMetadata>
        </lom>
      </metadata>
      <file href="Q25_Multiple_Choice.xml" />
    </resource>
    <resource identifier="ID_QTIExport_Resource_26" type="imsqti_item_xmlv2p1" href="Q26_Multiple_Choice.xml">
      <metadata>
        <lom xmlns="http://ltsc.ieee.org/xsd/LOM">
          <general>
            <title>
              <string>Which of the following is NOT a problem with individual incentive plans?</string>
            </title>
          </general>
          <educational>
            <description>
              <string>Choose the types of individual and organizational incentives that best motivate employees</string>
            </description>
            <intendedEndUserRole>
              <value>teacher</value>
            </intendedEndUserRole>
            <context />
          </educational>
          <imsqti:qtiMetadata>
            <imsqti:interactionType>choiceInteraction</imsqti:interactionType>
            <imsqti:itemTemplate>false</imsqti:itemTemplate>
            <imsqti:timeDependent>false</imsqti:timeDependent>
            <imsqti:composite>false</imsqti:composite>
            <imsqti:solutionAvailable>true</imsqti:solutionAvailable>
            <imsqti:feedbackType>none</imsqti:feedbackType>
          </imsqti:qtiMetadata>
        </lom>
      </metadata>
      <file href="Q26_Multiple_Choice.xml" />
    </resource>
    <resource identifier="ID_QTIExport_Resource_27" type="imsqti_item_xmlv2p1" href="Q27_Multiple_Choice.xml">
      <metadata>
        <lom xmlns="http://ltsc.ieee.org/xsd/LOM">
          <general>
            <title>
              <string>A supervisor rewards a restaurant employee for cleaning the bathrooms by allowing the employee to stock the salad bar. ______ would predict that the opportunity to stock the salad bar would be reinforcing.</string>
            </title>
          </general>
          <educational>
            <description>
              <string>Use operant conditioning principles to motivate employees</string>
            </description>
            <intendedEndUserRole>
              <value>teacher</value>
            </intendedEndUserRole>
            <context />
          </educational>
          <imsqti:qtiMetadata>
            <imsqti:interactionType>choiceInteraction</imsqti:interactionType>
            <imsqti:itemTemplate>false</imsqti:itemTemplate>
            <imsqti:timeDependent>false</imsqti:timeDependent>
            <imsqti:composite>false</imsqti:composite>
            <imsqti:solutionAvailable>true</imsqti:solutionAvailable>
            <imsqti:feedbackType>none</imsqti:feedbackType>
          </imsqti:qtiMetadata>
        </lom>
      </metadata>
      <file href="Q27_Multiple_Choice.xml" />
    </resource>
    <resource identifier="ID_QTIExport_Resource_28" type="imsqti_item_xmlv2p1" href="Q28_Multiple_Choice.xml">
      <metadata>
        <lom xmlns="http://ltsc.ieee.org/xsd/LOM">
          <general>
            <title>
              <string>Managers constructing a reinforcement hierarchy for employees are probably using:</string>
            </title>
          </general>
          <educational>
            <description>
              <string>Use operant conditioning principles to motivate employees</string>
            </description>
            <intendedEndUserRole>
              <value>teacher</value>
            </intendedEndUserRole>
            <context />
          </educational>
          <imsqti:qtiMetadata>
            <imsqti:interactionType>choiceInteraction</imsqti:interactionType>
            <imsqti:itemTemplate>false</imsqti:itemTemplate>
            <imsqti:timeDependent>false</imsqti:timeDependent>
            <imsqti:composite>false</imsqti:composite>
            <imsqti:solutionAvailable>true</imsqti:solutionAvailable>
            <imsqti:feedbackType>none</imsqti:feedbackType>
          </imsqti:qtiMetadata>
        </lom>
      </metadata>
      <file href="Q28_Multiple_Choice.xml" />
    </resource>
    <resource identifier="ID_QTIExport_Resource_29" type="imsqti_item_xmlv2p1" href="Q29_Multiple_Choice.xml">
      <metadata>
        <lom xmlns="http://ltsc.ieee.org/xsd/LOM">
          <general>
            <title>
              <string>An individual does not like to do laundry but prefers to do laundry over studying for exams. Because doing laundry is liked more than studying, _______ predicts that the opportunity to do laundry will motivate a person to study.</string>
            </title>
          </general>
          <educational>
            <description>
              <string>Use operant conditioning principles to motivate employees</string>
            </description>
            <intendedEndUserRole>
              <value>teacher</value>
            </intendedEndUserRole>
            <context />
          </educational>
          <imsqti:qtiMetadata>
            <imsqti:interactionType>choiceInteraction</imsqti:interactionType>
            <imsqti:itemTemplate>false</imsqti:itemTemplate>
            <imsqti:timeDependent>false</imsqti:timeDependent>
            <imsqti:composite>false</imsqti:composite>
            <imsqti:solutionAvailable>true</imsqti:solutionAvailable>
            <imsqti:feedbackType>none</imsqti:feedbackType>
          </imsqti:qtiMetadata>
        </lom>
      </metadata>
      <file href="Q29_Multiple_Choice.xml" />
    </resource>
    <resource identifier="ID_QTIExport_Resource_30" type="imsqti_item_xmlv2p1" href="Q30_Multiple_Choice.xml">
      <metadata>
        <lom xmlns="http://ltsc.ieee.org/xsd/LOM">
          <general>
            <title>
              <string>Which part of a pay plan is designed to motivate employees?</string>
            </title>
          </general>
          <educational>
            <description>
              <string>Use operant conditioning principles to motivate employees</string>
            </description>
            <intendedEndUserRole>
              <value>teacher</value>
            </intendedEndUserRole>
            <context />
          </educational>
          <imsqti:qtiMetadata>
            <imsqti:interactionType>choiceInteraction</imsqti:interactionType>
            <imsqti:itemTemplate>false</imsqti:itemTemplate>
            <imsqti:timeDependent>false</imsqti:timeDependent>
            <imsqti:composite>false</imsqti:composite>
            <imsqti:solutionAvailable>true</imsqti:solutionAvailable>
            <imsqti:feedbackType>none</imsqti:feedbackType>
          </imsqti:qtiMetadata>
        </lom>
      </metadata>
      <file href="Q30_Multiple_Choice.xml" />
    </resource>
    <resource identifier="ID_QTIExport_Resource_31" type="imsqti_item_xmlv2p1" href="Q31_Multiple_Choice.xml">
      <metadata>
        <lom xmlns="http://ltsc.ieee.org/xsd/LOM">
          <general>
            <title>
              <string>Benefits provide ______ and variable pay provides _____.</string>
            </title>
          </general>
          <educational>
            <description>
              <string>Use operant conditioning principles to motivate employees</string>
            </description>
            <intendedEndUserRole>
              <value>teacher</value>
            </intendedEndUserRole>
            <context />
          </educational>
          <imsqti:qtiMetadata>
            <imsqti:interactionType>choiceInteraction</imsqti:interactionType>
            <imsqti:itemTemplate>false</imsqti:itemTemplate>
            <imsqti:timeDependent>false</imsqti:timeDependent>
            <imsqti:composite>false</imsqti:composite>
            <imsqti:solutionAvailable>true</imsqti:solutionAvailable>
            <imsqti:feedbackType>none</imsqti:feedbackType>
          </imsqti:qtiMetadata>
        </lom>
      </metadata>
      <file href="Q31_Multiple_Choice.xml" />
    </resource>
    <resource identifier="ID_QTIExport_Resource_32" type="imsqti_item_xmlv2p1" href="Q32_Multiple_Choice.xml">
      <metadata>
        <lom xmlns="http://ltsc.ieee.org/xsd/LOM">
          <general>
            <title>
              <string>Lona gives her employees attention, smiles at them, and nods her head in approval when they perform well. She is using _____ to motivate her employees.</string>
            </title>
          </general>
          <educational>
            <description>
              <string>Use operant conditioning principles to motivate employees</string>
            </description>
            <intendedEndUserRole>
              <value>teacher</value>
            </intendedEndUserRole>
            <context />
          </educational>
          <imsqti:qtiMetadata>
            <imsqti:interactionType>choiceInteraction</imsqti:interactionType>
            <imsqti:itemTemplate>false</imsqti:itemTemplate>
            <imsqti:timeDependent>false</imsqti:timeDependent>
            <imsqti:composite>false</imsqti:composite>
            <imsqti:solutionAvailable>true</imsqti:solutionAvailable>
            <imsqti:feedbackType>none</imsqti:feedbackType>
          </imsqti:qtiMetadata>
        </lom>
      </metadata>
      <file href="Q32_Multiple_Choice.xml" />
    </resource>
    <resource identifier="ID_QTIExport_Resource_33" type="imsqti_item_xmlv2p1" href="Q33_Multiple_Choice.xml">
      <metadata>
        <lom xmlns="http://ltsc.ieee.org/xsd/LOM">
          <general>
            <title>
              <string>Employees at Denton Electronics receive $3 for each electrical switch they assemble. Denton is using a _____ system.</string>
            </title>
          </general>
          <educational>
            <description>
              <string>Choose the types of individual and organizational incentives that best motivate employees</string>
            </description>
            <intendedEndUserRole>
              <value>teacher</value>
            </intendedEndUserRole>
            <context />
          </educational>
          <imsqti:qtiMetadata>
            <imsqti:interactionType>choiceInteraction</imsqti:interactionType>
            <imsqti:itemTemplate>false</imsqti:itemTemplate>
            <imsqti:timeDependent>false</imsqti:timeDependent>
            <imsqti:composite>false</imsqti:composite>
            <imsqti:solutionAvailable>true</imsqti:solutionAvailable>
            <imsqti:feedbackType>none</imsqti:feedbackType>
          </imsqti:qtiMetadata>
        </lom>
      </metadata>
      <file href="Q33_Multiple_Choice.xml" />
    </resource>
    <resource identifier="ID_QTIExport_Resource_34" type="imsqti_item_xmlv2p1" href="Q34_Multiple_Choice.xml">
      <metadata>
        <lom xmlns="http://ltsc.ieee.org/xsd/LOM">
          <general>
            <title>
              <string>_______ plans are also called earnings-at-risk plans.</string>
            </title>
          </general>
          <educational>
            <description>
              <string>Use operant conditioning principles to motivate employees</string>
            </description>
            <intendedEndUserRole>
              <value>teacher</value>
            </intendedEndUserRole>
            <context />
          </educational>
          <imsqti:qtiMetadata>
            <imsqti:interactionType>choiceInteraction</imsqti:interactionType>
            <imsqti:itemTemplate>false</imsqti:itemTemplate>
            <imsqti:timeDependent>false</imsqti:timeDependent>
            <imsqti:composite>false</imsqti:composite>
            <imsqti:solutionAvailable>true</imsqti:solutionAvailable>
            <imsqti:feedbackType>none</imsqti:feedbackType>
          </imsqti:qtiMetadata>
        </lom>
      </metadata>
      <file href="Q34_Multiple_Choice.xml" />
    </resource>
    <resource identifier="ID_QTIExport_Resource_35" type="imsqti_item_xmlv2p1" href="Q35_Multiple_Choice.xml">
      <metadata>
        <lom xmlns="http://ltsc.ieee.org/xsd/LOM">
          <general>
            <title>
              <string>Which of the following incentive plans is most geared toward short term performance?</string>
            </title>
          </general>
          <educational>
            <description>
              <string>Use operant conditioning principles to motivate employees</string>
            </description>
            <intendedEndUserRole>
              <value>teacher</value>
            </intendedEndUserRole>
            <context />
          </educational>
          <imsqti:qtiMetadata>
            <imsqti:interactionType>choiceInteraction</imsqti:interactionType>
            <imsqti:itemTemplate>false</imsqti:itemTemplate>
            <imsqti:timeDependent>false</imsqti:timeDependent>
            <imsqti:composite>false</imsqti:composite>
            <imsqti:solutionAvailable>true</imsqti:solutionAvailable>
            <imsqti:feedbackType>none</imsqti:feedbackType>
          </imsqti:qtiMetadata>
        </lom>
      </metadata>
      <file href="Q35_Multiple_Choice.xml" />
    </resource>
    <resource identifier="ID_QTIExport_Resource_36" type="imsqti_item_xmlv2p1" href="Q36_Multiple_Choice.xml">
      <metadata>
        <lom xmlns="http://ltsc.ieee.org/xsd/LOM">
          <general>
            <title>
              <string>Lucia will receive $1,000 if her performance appraisal score is at least a 4.0. It sounds like Lucia is under a _____ plan.</string>
            </title>
          </general>
          <educational>
            <description>
              <string>Choose the types of individual and organizational incentives that best motivate employees</string>
            </description>
            <intendedEndUserRole>
              <value>teacher</value>
            </intendedEndUserRole>
            <context />
          </educational>
          <imsqti:qtiMetadata>
            <imsqti:interactionType>choiceInteraction</imsqti:interactionType>
            <imsqti:itemTemplate>false</imsqti:itemTemplate>
            <imsqti:timeDependent>false</imsqti:timeDependent>
            <imsqti:composite>false</imsqti:composite>
            <imsqti:solutionAvailable>true</imsqti:solutionAvailable>
            <imsqti:feedbackType>none</imsqti:feedbackType>
          </imsqti:qtiMetadata>
        </lom>
      </metadata>
      <file href="Q36_Multiple_Choice.xml" />
    </resource>
    <resource identifier="ID_QTIExport_Resource_37" type="imsqti_item_xmlv2p1" href="Q37_Multiple_Choice.xml">
      <metadata>
        <lom xmlns="http://ltsc.ieee.org/xsd/LOM">
          <general>
            <title>
              <string>A problem with _____ plans, is that they are based on subjective supervisor ratings.</string>
            </title>
          </general>
          <educational>
            <description>
              <string>Choose the types of individual and organizational incentives that best motivate employees</string>
            </description>
            <intendedEndUserRole>
              <value>teacher</value>
            </intendedEndUserRole>
            <context />
          </educational>
          <imsqti:qtiMetadata>
            <imsqti:interactionType>choiceInteraction</imsqti:interactionType>
            <imsqti:itemTemplate>false</imsqti:itemTemplate>
            <imsqti:timeDependent>false</imsqti:timeDependent>
            <imsqti:composite>false</imsqti:composite>
            <imsqti:solutionAvailable>true</imsqti:solutionAvailable>
            <imsqti:feedbackType>none</imsqti:feedbackType>
          </imsqti:qtiMetadata>
        </lom>
      </metadata>
      <file href="Q37_Multiple_Choice.xml" />
    </resource>
    <resource identifier="ID_QTIExport_Resource_38" type="imsqti_item_xmlv2p1" href="Q38_Multiple_Choice.xml">
      <metadata>
        <lom xmlns="http://ltsc.ieee.org/xsd/LOM">
          <general>
            <title>
              <string>_______ incentive plans often result in social loafing.</string>
            </title>
          </general>
          <educational>
            <description>
              <string>Choose the types of individual and organizational incentives that best motivate employees</string>
            </description>
            <intendedEndUserRole>
              <value>teacher</value>
            </intendedEndUserRole>
            <context />
          </educational>
          <imsqti:qtiMetadata>
            <imsqti:interactionType>choiceInteraction</imsqti:interactionType>
            <imsqti:itemTemplate>false</imsqti:itemTemplate>
            <imsqti:timeDependent>false</imsqti:timeDependent>
            <imsqti:composite>false</imsqti:composite>
            <imsqti:solutionAvailable>true</imsqti:solutionAvailable>
            <imsqti:feedbackType>none</imsqti:feedbackType>
          </imsqti:qtiMetadata>
        </lom>
      </metadata>
      <file href="Q38_Multiple_Choice.xml" />
    </resource>
    <resource identifier="ID_QTIExport_Resource_39" type="imsqti_item_xmlv2p1" href="Q39_Multiple_Choice.xml">
      <metadata>
        <lom xmlns="http://ltsc.ieee.org/xsd/LOM">
          <general>
            <title>
              <string>Employees at Roth Robotics receive a bonus at the end of each year. The bonus is based on the amount of money the company made during the year. Roth is using a _______ system.</string>
            </title>
          </general>
          <educational>
            <description>
              <string>Choose the types of individual and organizational incentives that best motivate employees</string>
            </description>
            <intendedEndUserRole>
              <value>teacher</value>
            </intendedEndUserRole>
            <context />
          </educational>
          <imsqti:qtiMetadata>
            <imsqti:interactionType>choiceInteraction</imsqti:interactionType>
            <imsqti:itemTemplate>false</imsqti:itemTemplate>
            <imsqti:timeDependent>false</imsqti:timeDependent>
            <imsqti:composite>false</imsqti:composite>
            <imsqti:solutionAvailable>true</imsqti:solutionAvailable>
            <imsqti:feedbackType>none</imsqti:feedbackType>
          </imsqti:qtiMetadata>
        </lom>
      </metadata>
      <file href="Q39_Multiple_Choice.xml" />
    </resource>
    <resource identifier="ID_QTIExport_Resource_40" type="imsqti_item_xmlv2p1" href="Q40_Multiple_Choice.xml">
      <metadata>
        <lom xmlns="http://ltsc.ieee.org/xsd/LOM">
          <general>
            <title>
              <string>In 2021, Harris Optical lost $450,000 in missing merchandise. As a result, it developed a plan in which employees in 2022 would share half of each dollar under $450,000 that was lost. Harris Optical is using a ______ plan.</string>
            </title>
          </general>
          <educational>
            <description>
              <string>Choose the types of individual and organizational incentives that best motivate employees</string>
            </description>
            <intendedEndUserRole>
              <value>teacher</value>
            </intendedEndUserRole>
            <context />
          </educational>
          <imsqti:qtiMetadata>
            <imsqti:interactionType>choiceInteraction</imsqti:interactionType>
            <imsqti:itemTemplate>false</imsqti:itemTemplate>
            <imsqti:timeDependent>false</imsqti:timeDependent>
            <imsqti:composite>false</imsqti:composite>
            <imsqti:solutionAvailable>true</imsqti:solutionAvailable>
            <imsqti:feedbackType>none</imsqti:feedbackType>
          </imsqti:qtiMetadata>
        </lom>
      </metadata>
      <file href="Q40_Multiple_Choice.xml" />
    </resource>
    <resource identifier="ID_QTIExport_Resource_41" type="imsqti_item_xmlv2p1" href="Q41_Multiple_Choice.xml">
      <metadata>
        <lom xmlns="http://ltsc.ieee.org/xsd/LOM">
          <general>
            <title>
              <string>Approximately what percentage of private organizations have stock option plans?</string>
            </title>
          </general>
          <educational>
            <description>
              <string>Choose the types of individual and organizational incentives that best motivate employees</string>
            </description>
            <intendedEndUserRole>
              <value>teacher</value>
            </intendedEndUserRole>
            <context />
          </educational>
          <imsqti:qtiMetadata>
            <imsqti:interactionType>choiceInteraction</imsqti:interactionType>
            <imsqti:itemTemplate>false</imsqti:itemTemplate>
            <imsqti:timeDependent>false</imsqti:timeDependent>
            <imsqti:composite>false</imsqti:composite>
            <imsqti:solutionAvailable>true</imsqti:solutionAvailable>
            <imsqti:feedbackType>none</imsqti:feedbackType>
          </imsqti:qtiMetadata>
        </lom>
      </metadata>
      <file href="Q41_Multiple_Choice.xml" />
    </resource>
    <resource identifier="ID_QTIExport_Resource_42" type="imsqti_item_xmlv2p1" href="Q42_Multiple_Choice.xml">
      <metadata>
        <lom xmlns="http://ltsc.ieee.org/xsd/LOM">
          <general>
            <title>
              <string>Which of the following is the most complicated incentive plan?</string>
            </title>
          </general>
          <educational>
            <description>
              <string>Choose the types of individual and organizational incentives that best motivate employees</string>
            </description>
            <intendedEndUserRole>
              <value>teacher</value>
            </intendedEndUserRole>
            <context />
          </educational>
          <imsqti:qtiMetadata>
            <imsqti:interactionType>choiceInteraction</imsqti:interactionType>
            <imsqti:itemTemplate>false</imsqti:itemTemplate>
            <imsqti:timeDependent>false</imsqti:timeDependent>
            <imsqti:composite>false</imsqti:composite>
            <imsqti:solutionAvailable>true</imsqti:solutionAvailable>
            <imsqti:feedbackType>none</imsqti:feedbackType>
          </imsqti:qtiMetadata>
        </lom>
      </metadata>
      <file href="Q42_Multiple_Choice.xml" />
    </resource>
    <resource identifier="ID_QTIExport_Resource_43" type="imsqti_item_xmlv2p1" href="Q43_Multiple_Choice.xml">
      <metadata>
        <lom xmlns="http://ltsc.ieee.org/xsd/LOM">
          <general>
            <title>
              <string>Which of the following plans is most geared toward long-term organizational performance?</string>
            </title>
          </general>
          <educational>
            <description>
              <string>Choose the types of individual and organizational incentives that best motivate employees</string>
            </description>
            <intendedEndUserRole>
              <value>teacher</value>
            </intendedEndUserRole>
            <context />
          </educational>
          <imsqti:qtiMetadata>
            <imsqti:interactionType>choiceInteraction</imsqti:interactionType>
            <imsqti:itemTemplate>false</imsqti:itemTemplate>
            <imsqti:timeDependent>false</imsqti:timeDependent>
            <imsqti:composite>false</imsqti:composite>
            <imsqti:solutionAvailable>true</imsqti:solutionAvailable>
            <imsqti:feedbackType>none</imsqti:feedbackType>
          </imsqti:qtiMetadata>
        </lom>
      </metadata>
      <file href="Q43_Multiple_Choice.xml" />
    </resource>
    <resource identifier="ID_QTIExport_Resource_44" type="imsqti_item_xmlv2p1" href="Q44_Multiple_Choice.xml">
      <metadata>
        <lom xmlns="http://ltsc.ieee.org/xsd/LOM">
          <general>
            <title>
              <string>In expectancy theory, _____ is the perceived relationship between the amount of effort an employee puts in and the resulting outcome, and ______ is the extent to which the outcome of a worker's performance will result in a particular consequence.</string>
            </title>
          </general>
          <educational>
            <description>
              <string>Consumer-Directed Health Plans</string>
            </description>
            <intendedEndUserRole>
              <value>teacher</value>
            </intendedEndUserRole>
            <context />
          </educational>
          <imsqti:qtiMetadata>
            <imsqti:interactionType>choiceInteraction</imsqti:interactionType>
            <imsqti:itemTemplate>false</imsqti:itemTemplate>
            <imsqti:timeDependent>false</imsqti:timeDependent>
            <imsqti:composite>false</imsqti:composite>
            <imsqti:solutionAvailable>true</imsqti:solutionAvailable>
            <imsqti:feedbackType>none</imsqti:feedbackType>
          </imsqti:qtiMetadata>
        </lom>
      </metadata>
      <file href="Q44_Multiple_Choice.xml" />
    </resource>
    <resource identifier="ID_QTIExport_Resource_45" type="imsqti_item_xmlv2p1" href="Q45_Multiple_Choice.xml">
      <metadata>
        <lom xmlns="http://ltsc.ieee.org/xsd/LOM">
          <general>
            <title>
              <string>In expectancy theory, the three components are ____ to get an overall motivation index.</string>
            </title>
          </general>
          <educational>
            <description>
              <string>Consumer-Directed Health Plans</string>
            </description>
            <intendedEndUserRole>
              <value>teacher</value>
            </intendedEndUserRole>
            <context />
          </educational>
          <imsqti:qtiMetadata>
            <imsqti:interactionType>choiceInteraction</imsqti:interactionType>
            <imsqti:itemTemplate>false</imsqti:itemTemplate>
            <imsqti:timeDependent>false</imsqti:timeDependent>
            <imsqti:composite>false</imsqti:composite>
            <imsqti:solutionAvailable>true</imsqti:solutionAvailable>
            <imsqti:feedbackType>none</imsqti:feedbackType>
          </imsqti:qtiMetadata>
        </lom>
      </metadata>
      <file href="Q45_Multiple_Choice.xml" />
    </resource>
    <resource identifier="ID_QTIExport_Resource_46" type="imsqti_item_xmlv2p1" href="Q46_Multiple_Choice.xml">
      <metadata>
        <lom xmlns="http://ltsc.ieee.org/xsd/LOM">
          <general>
            <title>
              <string>An employer will give $3 each month to every employee with perfect attendance. According to the _____ component of expectancy theory, this plan will not motivate employees.</string>
            </title>
          </general>
          <educational>
            <description>
              <string>Consumer-Directed Health Plans</string>
            </description>
            <intendedEndUserRole>
              <value>teacher</value>
            </intendedEndUserRole>
            <context />
          </educational>
          <imsqti:qtiMetadata>
            <imsqti:interactionType>choiceInteraction</imsqti:interactionType>
            <imsqti:itemTemplate>false</imsqti:itemTemplate>
            <imsqti:timeDependent>false</imsqti:timeDependent>
            <imsqti:composite>false</imsqti:composite>
            <imsqti:solutionAvailable>true</imsqti:solutionAvailable>
            <imsqti:feedbackType>none</imsqti:feedbackType>
          </imsqti:qtiMetadata>
        </lom>
      </metadata>
      <file href="Q46_Multiple_Choice.xml" />
    </resource>
    <resource identifier="ID_QTIExport_Resource_47" type="imsqti_item_xmlv2p1" href="Q47_Multiple_Choice.xml">
      <metadata>
        <lom xmlns="http://ltsc.ieee.org/xsd/LOM">
          <general>
            <title>
              <string>The president of Peso Bank tries to motivate employees by giving them $1,000 every time the president notices them providing excellent customer service. The problem is that the president is never in the branch offices. According to the ____ component of ex</string>
            </title>
          </general>
          <educational>
            <description>
              <string>Consumer-Directed Health Plans</string>
            </description>
            <intendedEndUserRole>
              <value>teacher</value>
            </intendedEndUserRole>
            <context />
          </educational>
          <imsqti:qtiMetadata>
            <imsqti:interactionType>choiceInteraction</imsqti:interactionType>
            <imsqti:itemTemplate>false</imsqti:itemTemplate>
            <imsqti:timeDependent>false</imsqti:timeDependent>
            <imsqti:composite>false</imsqti:composite>
            <imsqti:solutionAvailable>true</imsqti:solutionAvailable>
            <imsqti:feedbackType>none</imsqti:feedbackType>
          </imsqti:qtiMetadata>
        </lom>
      </metadata>
      <file href="Q47_Multiple_Choice.xml" />
    </resource>
    <resource identifier="ID_QTIExport_Resource_48" type="imsqti_item_xmlv2p1" href="Q48_Multiple_Choice.xml">
      <metadata>
        <lom xmlns="http://ltsc.ieee.org/xsd/LOM">
          <general>
            <title>
              <string>A server is asked to increase their check average by "suggestively selling" appetizers, salads, and desserts. It has been explained to the server that the larger their check average, the more they will make in tips. However, the server does not b</string>
            </title>
          </general>
          <educational>
            <description>
              <string>Consumer-Directed Health Plans</string>
            </description>
            <intendedEndUserRole>
              <value>teacher</value>
            </intendedEndUserRole>
            <context />
          </educational>
          <imsqti:qtiMetadata>
            <imsqti:interactionType>choiceInteraction</imsqti:interactionType>
            <imsqti:itemTemplate>false</imsqti:itemTemplate>
            <imsqti:timeDependent>false</imsqti:timeDependent>
            <imsqti:composite>false</imsqti:composite>
            <imsqti:solutionAvailable>true</imsqti:solutionAvailable>
            <imsqti:feedbackType>none</imsqti:feedbackType>
          </imsqti:qtiMetadata>
        </lom>
      </metadata>
      <file href="Q48_Multiple_Choice.xml" />
    </resource>
    <resource identifier="ID_QTIExport_Resource_49" type="imsqti_item_xmlv2p1" href="Q49_Multiple_Choice.xml">
      <metadata>
        <lom xmlns="http://ltsc.ieee.org/xsd/LOM">
          <general>
            <title>
              <string>Dave is the owner of Cohen's Sassy Designs. He takes great effort to make sure that his employees know that if Dave promises a reward, he will always keep his word. Dave seems to believe in:</string>
            </title>
          </general>
          <educational>
            <description>
              <string>Consumer-Directed Health Plans</string>
            </description>
            <intendedEndUserRole>
              <value>teacher</value>
            </intendedEndUserRole>
            <context />
          </educational>
          <imsqti:qtiMetadata>
            <imsqti:interactionType>choiceInteraction</imsqti:interactionType>
            <imsqti:itemTemplate>false</imsqti:itemTemplate>
            <imsqti:timeDependent>false</imsqti:timeDependent>
            <imsqti:composite>false</imsqti:composite>
            <imsqti:solutionAvailable>true</imsqti:solutionAvailable>
            <imsqti:feedbackType>none</imsqti:feedbackType>
          </imsqti:qtiMetadata>
        </lom>
      </metadata>
      <file href="Q49_Multiple_Choice.xml" />
    </resource>
    <resource identifier="ID_QTIExport_Resource_50" type="imsqti_item_xmlv2p1" href="Q50_Multiple_Choice.xml">
      <metadata>
        <lom xmlns="http://ltsc.ieee.org/xsd/LOM">
          <general>
            <title>
              <string>According to _______, an employee’s motivation is related to how fairly they believe they are being treated compared to other employees.</string>
            </title>
          </general>
          <educational>
            <description>
              <string>Consumer-Directed Health Plans</string>
            </description>
            <intendedEndUserRole>
              <value>teacher</value>
            </intendedEndUserRole>
            <context />
          </educational>
          <imsqti:qtiMetadata>
            <imsqti:interactionType>choiceInteraction</imsqti:interactionType>
            <imsqti:itemTemplate>false</imsqti:itemTemplate>
            <imsqti:timeDependent>false</imsqti:timeDependent>
            <imsqti:composite>false</imsqti:composite>
            <imsqti:solutionAvailable>true</imsqti:solutionAvailable>
            <imsqti:feedbackType>none</imsqti:feedbackType>
          </imsqti:qtiMetadata>
        </lom>
      </metadata>
      <file href="Q50_Multiple_Choice.xml" />
    </resource>
    <resource identifier="ID_QTIExport_Resource_51" type="imsqti_item_xmlv2p1" href="Q51_Multiple_Choice.xml">
      <metadata>
        <lom xmlns="http://ltsc.ieee.org/xsd/LOM">
          <general>
            <title>
              <string>If an employee feels they are underpaid for the effort they exert, they will probably:</string>
            </title>
          </general>
          <educational>
            <description>
              <string>Consumer-Directed Health Plans</string>
            </description>
            <intendedEndUserRole>
              <value>teacher</value>
            </intendedEndUserRole>
            <context />
          </educational>
          <imsqti:qtiMetadata>
            <imsqti:interactionType>choiceInteraction</imsqti:interactionType>
            <imsqti:itemTemplate>false</imsqti:itemTemplate>
            <imsqti:timeDependent>false</imsqti:timeDependent>
            <imsqti:composite>false</imsqti:composite>
            <imsqti:solutionAvailable>true</imsqti:solutionAvailable>
            <imsqti:feedbackType>none</imsqti:feedbackType>
          </imsqti:qtiMetadata>
        </lom>
      </metadata>
      <file href="Q51_Multiple_Choice.xml" />
    </resource>
    <resource identifier="ID_QTIExport_Resource_52" type="imsqti_item_xmlv2p1" href="Q52_Multiple_Choice.xml">
      <metadata>
        <lom xmlns="http://ltsc.ieee.org/xsd/LOM">
          <general>
            <title>
              <string>All of Armand's employees make the same amount of money but he thinks they lie to each other about how much they make. To stop this, Armand posts all salary information on the bulletin board. Armand seems to believe in _______.</string>
            </title>
          </general>
          <educational>
            <description>
              <string>Consumer-Directed Health Plans</string>
            </description>
            <intendedEndUserRole>
              <value>teacher</value>
            </intendedEndUserRole>
            <context />
          </educational>
          <imsqti:qtiMetadata>
            <imsqti:interactionType>choiceInteraction</imsqti:interactionType>
            <imsqti:itemTemplate>false</imsqti:itemTemplate>
            <imsqti:timeDependent>false</imsqti:timeDependent>
            <imsqti:composite>false</imsqti:composite>
            <imsqti:solutionAvailable>true</imsqti:solutionAvailable>
            <imsqti:feedbackType>none</imsqti:feedbackType>
          </imsqti:qtiMetadata>
        </lom>
      </metadata>
      <file href="Q52_Multiple_Choice.xml" />
    </resource>
    <resource identifier="ID_QTIExport_Resource_53" type="imsqti_item_xmlv2p1" href="Q53_Multiple_Choice.xml">
      <metadata>
        <lom xmlns="http://ltsc.ieee.org/xsd/LOM">
          <general>
            <title>
              <string>Employees who work with highly motivated coworkers are likely to be _______ than employees who work with unmotivated coworkers.</string>
            </title>
          </general>
          <educational>
            <description>
              <string>Consumer-Directed Health Plans</string>
            </description>
            <intendedEndUserRole>
              <value>teacher</value>
            </intendedEndUserRole>
            <context />
          </educational>
          <imsqti:qtiMetadata>
            <imsqti:interactionType>choiceInteraction</imsqti:interactionType>
            <imsqti:itemTemplate>false</imsqti:itemTemplate>
            <imsqti:timeDependent>false</imsqti:timeDependent>
            <imsqti:composite>false</imsqti:composite>
            <imsqti:solutionAvailable>true</imsqti:solutionAvailable>
            <imsqti:feedbackType>none</imsqti:feedbackType>
          </imsqti:qtiMetadata>
        </lom>
      </metadata>
      <file href="Q53_Multiple_Choice.xml" />
    </resource>
    <resource identifier="ID_QTIExport_Resource_54" type="imsqti_item_xmlv2p1" href="Q54_Multiple_Choice.xml">
      <metadata>
        <lom xmlns="http://ltsc.ieee.org/xsd/LOM">
          <general>
            <title>
              <string>Which of the following is not one of the drives in four-drive theory?</string>
            </title>
          </general>
          <educational>
            <description>
              <string>Types of Managed Care Organizations</string>
            </description>
            <intendedEndUserRole>
              <value>teacher</value>
            </intendedEndUserRole>
            <context />
          </educational>
          <imsqti:qtiMetadata>
            <imsqti:interactionType>choiceInteraction</imsqti:interactionType>
            <imsqti:itemTemplate>false</imsqti:itemTemplate>
            <imsqti:timeDependent>false</imsqti:timeDependent>
            <imsqti:composite>false</imsqti:composite>
            <imsqti:solutionAvailable>true</imsqti:solutionAvailable>
            <imsqti:feedbackType>none</imsqti:feedbackType>
          </imsqti:qtiMetadata>
        </lom>
      </metadata>
      <file href="Q54_Multiple_Choice.xml" />
    </resource>
    <resource identifier="ID_QTIExport_Resource_55" type="imsqti_item_xmlv2p1" href="Q55_Objective_Short_Answer.xml">
      <metadata>
        <lom xmlns="http://ltsc.ieee.org/xsd/LOM">
          <general>
            <title>
              <string>What are the three types of self-esteem?</string>
            </title>
          </general>
          <educational>
            <description>
              <string>Types of Managed Care Organizations</string>
            </description>
            <intendedEndUserRole>
              <value>teacher</value>
            </intendedEndUserRole>
            <context />
          </educational>
          <imsqti:qtiMetadata>
            <imsqti:interactionType>extendedTextInteraction</imsqti:interactionType>
            <imsqti:itemTemplate>false</imsqti:itemTemplate>
            <imsqti:timeDependent>false</imsqti:timeDependent>
            <imsqti:composite>false</imsqti:composite>
            <imsqti:solutionAvailable>true</imsqti:solutionAvailable>
            <imsqti:feedbackType>none</imsqti:feedbackType>
          </imsqti:qtiMetadata>
        </lom>
      </metadata>
      <file href="Q55_Objective_Short_Answer.xml" />
    </resource>
    <resource identifier="ID_QTIExport_Resource_56" type="imsqti_item_xmlv2p1" href="Q56_Objective_Short_Answer.xml">
      <metadata>
        <lom xmlns="http://ltsc.ieee.org/xsd/LOM">
          <general>
            <title>
              <string>What are three ways to increase self-esteem?</string>
            </title>
          </general>
          <educational>
            <description>
              <string>Types of Managed Care Organizations</string>
            </description>
            <intendedEndUserRole>
              <value>teacher</value>
            </intendedEndUserRole>
            <context />
          </educational>
          <imsqti:qtiMetadata>
            <imsqti:interactionType>extendedTextInteraction</imsqti:interactionType>
            <imsqti:itemTemplate>false</imsqti:itemTemplate>
            <imsqti:timeDependent>false</imsqti:timeDependent>
            <imsqti:composite>false</imsqti:composite>
            <imsqti:solutionAvailable>true</imsqti:solutionAvailable>
            <imsqti:feedbackType>none</imsqti:feedbackType>
          </imsqti:qtiMetadata>
        </lom>
      </metadata>
      <file href="Q56_Objective_Short_Answer.xml" />
    </resource>
    <resource identifier="ID_QTIExport_Resource_57" type="imsqti_item_xmlv2p1" href="Q57_Objective_Short_Answer.xml">
      <metadata>
        <lom xmlns="http://ltsc.ieee.org/xsd/LOM">
          <general>
            <title>
              <string>What are the three characteristics of properly set goals?</string>
            </title>
          </general>
          <educational>
            <description>
              <string>Motivate employees through goal setting</string>
            </description>
            <intendedEndUserRole>
              <value>teacher</value>
            </intendedEndUserRole>
            <context />
          </educational>
          <imsqti:qtiMetadata>
            <imsqti:interactionType>extendedTextInteraction</imsqti:interactionType>
            <imsqti:itemTemplate>false</imsqti:itemTemplate>
            <imsqti:timeDependent>false</imsqti:timeDependent>
            <imsqti:composite>false</imsqti:composite>
            <imsqti:solutionAvailable>true</imsqti:solutionAvailable>
            <imsqti:feedbackType>none</imsqti:feedbackType>
          </imsqti:qtiMetadata>
        </lom>
      </metadata>
      <file href="Q57_Objective_Short_Answer.xml" />
    </resource>
    <resource identifier="ID_QTIExport_Resource_58" type="imsqti_item_xmlv2p1" href="Q58_Objective_Short_Answer.xml">
      <metadata>
        <lom xmlns="http://ltsc.ieee.org/xsd/LOM">
          <general>
            <title>
              <string>What are the individual incentive plans?</string>
            </title>
          </general>
          <educational>
            <description>
              <string>Use operant conditioning principles to motivate employees</string>
            </description>
            <intendedEndUserRole>
              <value>teacher</value>
            </intendedEndUserRole>
            <context />
          </educational>
          <imsqti:qtiMetadata>
            <imsqti:interactionType>extendedTextInteraction</imsqti:interactionType>
            <imsqti:itemTemplate>false</imsqti:itemTemplate>
            <imsqti:timeDependent>false</imsqti:timeDependent>
            <imsqti:composite>false</imsqti:composite>
            <imsqti:solutionAvailable>true</imsqti:solutionAvailable>
            <imsqti:feedbackType>none</imsqti:feedbackType>
          </imsqti:qtiMetadata>
        </lom>
      </metadata>
      <file href="Q58_Objective_Short_Answer.xml" />
    </resource>
    <resource identifier="ID_QTIExport_Resource_59" type="imsqti_item_xmlv2p1" href="Q59_Objective_Short_Answer.xml">
      <metadata>
        <lom xmlns="http://ltsc.ieee.org/xsd/LOM">
          <general>
            <title>
              <string>What are the organizational incentive plans?</string>
            </title>
          </general>
          <educational>
            <description>
              <string>Use operant conditioning principles to motivate employees</string>
            </description>
            <intendedEndUserRole>
              <value>teacher</value>
            </intendedEndUserRole>
            <context />
          </educational>
          <imsqti:qtiMetadata>
            <imsqti:interactionType>extendedTextInteraction</imsqti:interactionType>
            <imsqti:itemTemplate>false</imsqti:itemTemplate>
            <imsqti:timeDependent>false</imsqti:timeDependent>
            <imsqti:composite>false</imsqti:composite>
            <imsqti:solutionAvailable>true</imsqti:solutionAvailable>
            <imsqti:feedbackType>none</imsqti:feedbackType>
          </imsqti:qtiMetadata>
        </lom>
      </metadata>
      <file href="Q59_Objective_Short_Answer.xml" />
    </resource>
    <resource identifier="ID_QTIExport_Resource_60" type="imsqti_item_xmlv2p1" href="Q60_Objective_Short_Answer.xml">
      <metadata>
        <lom xmlns="http://ltsc.ieee.org/xsd/LOM">
          <general>
            <title>
              <string>What are the three components to expectancy theory?</string>
            </title>
          </general>
          <educational>
            <description>
              <string>Consumer-Directed Health Plans</string>
            </description>
            <intendedEndUserRole>
              <value>teacher</value>
            </intendedEndUserRole>
            <context />
          </educational>
          <imsqti:qtiMetadata>
            <imsqti:interactionType>extendedTextInteraction</imsqti:interactionType>
            <imsqti:itemTemplate>false</imsqti:itemTemplate>
            <imsqti:timeDependent>false</imsqti:timeDependent>
            <imsqti:composite>false</imsqti:composite>
            <imsqti:solutionAvailable>true</imsqti:solutionAvailable>
            <imsqti:feedbackType>none</imsqti:feedbackType>
          </imsqti:qtiMetadata>
        </lom>
      </metadata>
      <file href="Q60_Objective_Short_Answer.xml" />
    </resource>
    <resource identifier="ID_QTIExport_Resource_61" type="imsqti_item_xmlv2p1" href="Q61_Objective_Short_Answer.xml">
      <metadata>
        <lom xmlns="http://ltsc.ieee.org/xsd/LOM">
          <general>
            <title>
              <string>Taking the entire chapter into consideration, what are the key elements in motivating employees?</string>
            </title>
          </general>
          <educational>
            <description>
              <string>The History of Managed Care</string>
            </description>
            <intendedEndUserRole>
              <value>teacher</value>
            </intendedEndUserRole>
            <context />
          </educational>
          <imsqti:qtiMetadata>
            <imsqti:interactionType>extendedTextInteraction</imsqti:interactionType>
            <imsqti:itemTemplate>false</imsqti:itemTemplate>
            <imsqti:timeDependent>false</imsqti:timeDependent>
            <imsqti:composite>false</imsqti:composite>
            <imsqti:solutionAvailable>true</imsqti:solutionAvailable>
            <imsqti:feedbackType>none</imsqti:feedbackType>
          </imsqti:qtiMetadata>
        </lom>
      </metadata>
      <file href="Q61_Objective_Short_Answer.xml" />
    </resource>
  </resources>
</manifest>