﻿<?xml version="1.0" encoding="UTF-8"?>
<assessmentItem xmlns:xsi="http://www.w3.org/2001/XMLSchema-instance" xmlns="http://www.imsglobal.org/xsd/imsqti_v2p1" xsi:schemaLocation="http://www.imsglobal.org/xsd/imsqti_v2p1 http://www.imsglobal.org/xsd/qti/qtiv2p1/imsqti_v2p1p2.xsd" identifier="test-item21" title="The supervisor at a local grocery store schedules individual monthly meetings with their four employees to let them know how they are doing in their respective areas. The supervisor is using a technique known as:" adaptive="false" timeDependent="false">
  <responseDeclaration identifier="RESPONSE" cardinality="single" baseType="identifier">
    <correctResponse>
      <value>C2</value>
    </correctResponse>
  </responseDeclaration>
  <outcomeDeclaration identifier="SCORE" cardinality="single" baseType="integer" />
  <itemBody>
    <choiceInteraction responseIdentifier="RESPONSE" shuffle="true" maxChoices="1">
      <prompt>
        <span class="p">
          <span>The supervisor at a local grocery store schedules individual monthly meetings with their four</span>
        </span>
        <p class="p">
          <span>employees to let them know how they are doing in their respective areas. The supervisor is</span>
        </p>
        <p class="p">
          <span>using a technique known as:</span>
        </p>
      </prompt>
      <simpleChoice identifier="C0">
        <span>
          <span>social learning</span>
        </span>
      </simpleChoice>
      <simpleChoice identifier="C1">
        <span>
          <span>modeling</span>
        </span>
      </simpleChoice>
      <simpleChoice identifier="C2">
        <span>
          <span>feedback</span>
        </span>
      </simpleChoice>
      <simpleChoice identifier="C3">
        <span>
          <span>goal setting</span>
        </span>
      </simpleChoice>
    </choiceInteraction>
  </itemBody>
  <responseProcessing>
    <responseCondition>
      <responseIf>
        <match>
          <variable identifier="RESPONSE" />
          <correct identifier="RESPONSE" />
        </match>
        <setOutcomeValue identifier="SCORE">
          <baseValue baseType="integer">1</baseValue>
        </setOutcomeValue>
      </responseIf>
      <responseElse>
        <setOutcomeValue identifier="SCORE">
          <baseValue baseType="integer">0</baseValue>
        </setOutcomeValue>
      </responseElse>
    </responseCondition>
  </responseProcessing>
</assessmentItem>