﻿<?xml version="1.0" encoding="UTF-8"?>
<assessmentItem xmlns:xsi="http://www.w3.org/2001/XMLSchema-instance" xmlns="http://www.imsglobal.org/xsd/imsqti_v2p1" xsi:schemaLocation="http://www.imsglobal.org/xsd/imsqti_v2p1 http://www.imsglobal.org/xsd/qti/qtiv2p1/imsqti_v2p1p2.xsd" identifier="test-item39" title="Employees at Roth Robotics receive a bonus at the end of each year. The bonus is based on the amount of money the company made during the year. Roth is using a _______ system." adaptive="false" timeDependent="false">
  <responseDeclaration identifier="RESPONSE" cardinality="single" baseType="identifier">
    <correctResponse>
      <value>C3</value>
    </correctResponse>
  </responseDeclaration>
  <outcomeDeclaration identifier="SCORE" cardinality="single" baseType="integer" />
  <itemBody>
    <choiceInteraction responseIdentifier="RESPONSE" shuffle="true" maxChoices="1">
      <prompt>
        <span class="p">
          <span>Employees at Roth Robotics receive a bonus at the end of each year. The bonus is based on the</span>
        </span>
        <p class="p">
          <span>amount of money the company made during the year. Roth is using a _______ system.</span>
        </p>
      </prompt>
      <simpleChoice identifier="C0">
        <span>
          <span>pay-for-performance</span>
        </span>
      </simpleChoice>
      <simpleChoice identifier="C1">
        <span>
          <span>merit pay</span>
        </span>
      </simpleChoice>
      <simpleChoice identifier="C2">
        <span>
          <span>gainsharing</span>
        </span>
      </simpleChoice>
      <simpleChoice identifier="C3">
        <span>
          <span>profit sharing</span>
        </span>
      </simpleChoice>
    </choiceInteraction>
  </itemBody>
  <responseProcessing>
    <responseCondition>
      <responseIf>
        <match>
          <variable identifier="RESPONSE" />
          <correct identifier="RESPONSE" />
        </match>
        <setOutcomeValue identifier="SCORE">
          <baseValue baseType="integer">1</baseValue>
        </setOutcomeValue>
      </responseIf>
      <responseElse>
        <setOutcomeValue identifier="SCORE">
          <baseValue baseType="integer">0</baseValue>
        </setOutcomeValue>
      </responseElse>
    </responseCondition>
  </responseProcessing>
</assessmentItem>