﻿<?xml version="1.0" encoding="UTF-8"?>
<assessmentItem xmlns:xsi="http://www.w3.org/2001/XMLSchema-instance" xmlns="http://www.imsglobal.org/xsd/imsqti_v2p1" xsi:schemaLocation="http://www.imsglobal.org/xsd/imsqti_v2p1 http://www.imsglobal.org/xsd/qti/qtiv2p1/imsqti_v2p1p2.xsd" identifier="test-item48" title="A server is asked to increase their check average by &amp;quot;suggestively selling&amp;quot; appetizers, salads, and desserts. It has been explained to the server that the larger their check average, the more they will make in tips. However, the server does not b" adaptive="false" timeDependent="false">
  <responseDeclaration identifier="RESPONSE" cardinality="single" baseType="identifier">
    <correctResponse>
      <value>C2</value>
    </correctResponse>
  </responseDeclaration>
  <outcomeDeclaration identifier="SCORE" cardinality="single" baseType="integer" />
  <itemBody>
    <choiceInteraction responseIdentifier="RESPONSE" shuffle="true" maxChoices="1">
      <prompt>
        <span class="p">
          <span>A server is asked to increase their check average by "suggestively selling" appetizers, salads, and desserts. It has been explained to the server that the larger their check average, the more they will make in tips. However, the server does not believe that suggestive selling will actually result in increased tips. In this scenario, the server's belief that suggestive selling is not likely to result in more tips exemplifies:</span>
        </span>
      </prompt>
      <simpleChoice identifier="C0">
        <span>
          <span>equity</span>
        </span>
      </simpleChoice>
      <simpleChoice identifier="C1">
        <span>
          <span>expectancy</span>
        </span>
      </simpleChoice>
      <simpleChoice identifier="C2">
        <span>
          <span>instrumentality</span>
        </span>
      </simpleChoice>
      <simpleChoice identifier="C3">
        <span>
          <span>valence</span>
        </span>
      </simpleChoice>
    </choiceInteraction>
  </itemBody>
  <responseProcessing>
    <responseCondition>
      <responseIf>
        <match>
          <variable identifier="RESPONSE" />
          <correct identifier="RESPONSE" />
        </match>
        <setOutcomeValue identifier="SCORE">
          <baseValue baseType="integer">1</baseValue>
        </setOutcomeValue>
      </responseIf>
      <responseElse>
        <setOutcomeValue identifier="SCORE">
          <baseValue baseType="integer">0</baseValue>
        </setOutcomeValue>
      </responseElse>
    </responseCondition>
  </responseProcessing>
</assessmentItem>