﻿<?xml version="1.0" encoding="UTF-8"?>
<assessmentItem xmlns:xsi="http://www.w3.org/2001/XMLSchema-instance" xmlns="http://www.imsglobal.org/xsd/imsqti_v2p1" xsi:schemaLocation="http://www.imsglobal.org/xsd/imsqti_v2p1 http://www.imsglobal.org/xsd/qti/qtiv2p1/imsqti_v2p1p2.xsd" identifier="test-item49" title="Dave is the owner of Cohen's Sassy Designs. He takes great effort to make sure that his employees know that if Dave promises a reward, he will always keep his word. Dave seems to believe in:" adaptive="false" timeDependent="false">
  <responseDeclaration identifier="RESPONSE" cardinality="single" baseType="identifier">
    <correctResponse>
      <value>C2</value>
    </correctResponse>
  </responseDeclaration>
  <outcomeDeclaration identifier="SCORE" cardinality="single" baseType="integer" />
  <itemBody>
    <choiceInteraction responseIdentifier="RESPONSE" shuffle="true" maxChoices="1">
      <prompt>
        <span class="p">
          <span>Dave is the owner of Cohen's Sassy Designs. He takes great effort to make sure that his employees know that if Dave promises a reward, he will always keep his word. Dave seems to believe in:</span>
        </span>
      </prompt>
      <simpleChoice identifier="C0">
        <span>
          <span>consistency theory</span>
        </span>
      </simpleChoice>
      <simpleChoice identifier="C1">
        <span>
          <span>equity theory</span>
        </span>
      </simpleChoice>
      <simpleChoice identifier="C2">
        <span>
          <span>expectancy theory</span>
        </span>
      </simpleChoice>
      <simpleChoice identifier="C3">
        <span>
          <span>social learning theory</span>
        </span>
      </simpleChoice>
    </choiceInteraction>
  </itemBody>
  <responseProcessing>
    <responseCondition>
      <responseIf>
        <match>
          <variable identifier="RESPONSE" />
          <correct identifier="RESPONSE" />
        </match>
        <setOutcomeValue identifier="SCORE">
          <baseValue baseType="integer">1</baseValue>
        </setOutcomeValue>
      </responseIf>
      <responseElse>
        <setOutcomeValue identifier="SCORE">
          <baseValue baseType="integer">0</baseValue>
        </setOutcomeValue>
      </responseElse>
    </responseCondition>
  </responseProcessing>
</assessmentItem>