﻿<?xml version="1.0" encoding="UTF-8"?>
<assessmentItem xmlns:xsi="http://www.w3.org/2001/XMLSchema-instance" xmlns="http://www.imsglobal.org/xsd/imsqti_v2p1" xsi:schemaLocation="http://www.imsglobal.org/xsd/imsqti_v2p1 http://www.imsglobal.org/xsd/qti/qtiv2p1/imsqti_v2p1p2.xsd" identifier="test-item7" title="An employee's supervisor places full confidence in the employee and believes that the employee can handle a fairly difficult task. This boosts the employee's self-esteem, which in turn increases the employee’s performance. This phenomenon is known as:" adaptive="false" timeDependent="false">
  <responseDeclaration identifier="RESPONSE" cardinality="single" baseType="identifier">
    <correctResponse>
      <value>C1</value>
    </correctResponse>
  </responseDeclaration>
  <outcomeDeclaration identifier="SCORE" cardinality="single" baseType="integer" />
  <itemBody>
    <choiceInteraction responseIdentifier="RESPONSE" shuffle="true" maxChoices="1">
      <prompt>
        <span class="p">
          <span>An employee's supervisor places full confidence in the employee and believes that the employee</span>
        </span>
        <p class="p">
          <span>can handle a fairly difficult task. This boosts the employee's self-esteem, which in turn increases</span>
        </p>
        <p class="p">
          <span>the employee’s performance. This phenomenon is known as:</span>
        </p>
      </prompt>
      <simpleChoice identifier="C0">
        <span>
          <span>consistency</span>
        </span>
      </simpleChoice>
      <simpleChoice identifier="C1">
        <span>
          <span>the Pygmalion effect</span>
        </span>
      </simpleChoice>
      <simpleChoice identifier="C2">
        <span>
          <span>the Golem effect</span>
        </span>
      </simpleChoice>
      <simpleChoice identifier="C3">
        <span>
          <span>socially influenced self-esteem</span>
        </span>
      </simpleChoice>
    </choiceInteraction>
  </itemBody>
  <responseProcessing>
    <responseCondition>
      <responseIf>
        <match>
          <variable identifier="RESPONSE" />
          <correct identifier="RESPONSE" />
        </match>
        <setOutcomeValue identifier="SCORE">
          <baseValue baseType="integer">1</baseValue>
        </setOutcomeValue>
      </responseIf>
      <responseElse>
        <setOutcomeValue identifier="SCORE">
          <baseValue baseType="integer">0</baseValue>
        </setOutcomeValue>
      </responseElse>
    </responseCondition>
  </responseProcessing>
</assessmentItem>