﻿<?xml version="1.0" encoding="UTF-8"?>
<assessmentItem xmlns:xsi="http://www.w3.org/2001/XMLSchema-instance" xmlns="http://www.imsglobal.org/xsd/imsqti_v2p1" xsi:schemaLocation="http://www.imsglobal.org/xsd/imsqti_v2p1 http://www.imsglobal.org/xsd/qti/qtiv2p1/imsqti_v2p1p2.xsd" identifier="test-item8" title="Temea spends a lot of effort selecting her employees. Thus, when Temea hires someone, she knows the employee will perform well and has a lot of confidence in them. According to _______, the employees probably will perform well." adaptive="false" timeDependent="false">
  <responseDeclaration identifier="RESPONSE" cardinality="single" baseType="identifier">
    <correctResponse>
      <value>C1</value>
    </correctResponse>
  </responseDeclaration>
  <outcomeDeclaration identifier="SCORE" cardinality="single" baseType="integer" />
  <itemBody>
    <choiceInteraction responseIdentifier="RESPONSE" shuffle="true" maxChoices="1">
      <prompt>
        <span>
          <span>Temea spends a lot of effort selecting her employees. Thus, when Temea hires someone, she knows the employee will perform well and has a lot of confidence in them. According to _______, the employees probably will perform well.</span>
        </span>
      </prompt>
      <simpleChoice identifier="C0">
        <span>
          <span>equity theory</span>
        </span>
      </simpleChoice>
      <simpleChoice identifier="C1">
        <span>
          <span>the Pygmalion effect</span>
        </span>
      </simpleChoice>
      <simpleChoice identifier="C2">
        <span>
          <span>intrinsic motivation theory</span>
        </span>
      </simpleChoice>
      <simpleChoice identifier="C3">
        <span>
          <span>goal setting theory</span>
        </span>
      </simpleChoice>
    </choiceInteraction>
  </itemBody>
  <responseProcessing>
    <responseCondition>
      <responseIf>
        <match>
          <variable identifier="RESPONSE" />
          <correct identifier="RESPONSE" />
        </match>
        <setOutcomeValue identifier="SCORE">
          <baseValue baseType="integer">1</baseValue>
        </setOutcomeValue>
      </responseIf>
      <responseElse>
        <setOutcomeValue identifier="SCORE">
          <baseValue baseType="integer">0</baseValue>
        </setOutcomeValue>
      </responseElse>
    </responseCondition>
  </responseProcessing>
</assessmentItem>