﻿<?xml version="1.0" encoding="UTF-8"?>
<assessmentItem xmlns:xsi="http://www.w3.org/2001/XMLSchema-instance" xmlns="http://www.imsglobal.org/xsd/imsqti_v2p1" xsi:schemaLocation="http://www.imsglobal.org/xsd/imsqti_v2p1 http://www.imsglobal.org/xsd/qti/qtiv2p1/imsqti_v2p1p2.xsd" identifier="test-item18" title="With a _______ validity design, the test is administered to a group of job applicants who are going to be hired. The test scores, which are not used in the actual hiring decision, are then compared to a future measure of job performance." adaptive="false" timeDependent="false">
  <responseDeclaration identifier="RESPONSE" cardinality="single" baseType="identifier">
    <correctResponse>
      <value>C1</value>
    </correctResponse>
  </responseDeclaration>
  <outcomeDeclaration identifier="SCORE" cardinality="single" baseType="integer" />
  <itemBody>
    <choiceInteraction responseIdentifier="RESPONSE" shuffle="true" maxChoices="1">
      <prompt>
        <span>
          <span>With a _______ validity design, the test is administered to a group of job applicants who are going to be hired. The test scores, which are not used in the actual hiring decision, are then compared to a future measure of job performance.</span>
        </span>
      </prompt>
      <simpleChoice identifier="C0">
        <span>
          <span>concurrent</span>
        </span>
      </simpleChoice>
      <simpleChoice identifier="C1">
        <span>
          <span>predictive</span>
        </span>
      </simpleChoice>
      <simpleChoice identifier="C2">
        <span>
          <span>content</span>
        </span>
      </simpleChoice>
      <simpleChoice identifier="C3">
        <span>
          <span>face</span>
        </span>
      </simpleChoice>
    </choiceInteraction>
  </itemBody>
  <responseProcessing>
    <responseCondition>
      <responseIf>
        <match>
          <variable identifier="RESPONSE" />
          <correct identifier="RESPONSE" />
        </match>
        <setOutcomeValue identifier="SCORE">
          <baseValue baseType="integer">1</baseValue>
        </setOutcomeValue>
      </responseIf>
      <responseElse>
        <setOutcomeValue identifier="SCORE">
          <baseValue baseType="integer">0</baseValue>
        </setOutcomeValue>
      </responseElse>
    </responseCondition>
  </responseProcessing>
</assessmentItem>