﻿<?xml version="1.0" encoding="UTF-8"?>
<assessmentItem xmlns:xsi="http://www.w3.org/2001/XMLSchema-instance" xmlns="http://www.imsglobal.org/xsd/imsqti_v2p1" xsi:schemaLocation="http://www.imsglobal.org/xsd/imsqti_v2p1 http://www.imsglobal.org/xsd/qti/qtiv2p1/imsqti_v2p1p2.xsd" identifier="test-item22" title="If a small police department uses a cognitive ability test because a meta-analysis indicated cognitive ability is the best predictor of performance in the police academy, it is:" adaptive="false" timeDependent="false">
  <responseDeclaration identifier="RESPONSE" cardinality="single" baseType="identifier">
    <correctResponse>
      <value>C3</value>
    </correctResponse>
  </responseDeclaration>
  <outcomeDeclaration identifier="SCORE" cardinality="single" baseType="integer" />
  <itemBody>
    <choiceInteraction responseIdentifier="RESPONSE" shuffle="true" maxChoices="1">
      <prompt>
        <span>
          <span>If a small police department uses a cognitive ability test because a meta-analysis indicated cognitive ability is the best predictor of performance in the police academy, it is:</span>
        </span>
      </prompt>
      <simpleChoice identifier="C0">
        <span>
          <span>breaking the law</span>
        </span>
      </simpleChoice>
      <simpleChoice identifier="C1">
        <span>
          <span>using the Taylor-Russell method</span>
        </span>
      </simpleChoice>
      <simpleChoice identifier="C2">
        <span>
          <span>going to see a reduction in quality</span>
        </span>
      </simpleChoice>
      <simpleChoice identifier="C3">
        <span>
          <span>using validity generalization</span>
        </span>
      </simpleChoice>
    </choiceInteraction>
  </itemBody>
  <responseProcessing>
    <responseCondition>
      <responseIf>
        <match>
          <variable identifier="RESPONSE" />
          <correct identifier="RESPONSE" />
        </match>
        <setOutcomeValue identifier="SCORE">
          <baseValue baseType="integer">1</baseValue>
        </setOutcomeValue>
      </responseIf>
      <responseElse>
        <setOutcomeValue identifier="SCORE">
          <baseValue baseType="integer">0</baseValue>
        </setOutcomeValue>
      </responseElse>
    </responseCondition>
  </responseProcessing>
</assessmentItem>