﻿<?xml version="1.0" encoding="UTF-8"?>
<assessmentItem xmlns:xsi="http://www.w3.org/2001/XMLSchema-instance" xmlns="http://www.imsglobal.org/xsd/imsqti_v2p1" xsi:schemaLocation="http://www.imsglobal.org/xsd/imsqti_v2p1 http://www.imsglobal.org/xsd/qti/qtiv2p1/imsqti_v2p1p2.xsd" identifier="test-item25" title="A researcher correlates scores on a test (Test 1) with scores on other tests (Test 2 and Test 3). The analysis demonstrates that the scores on Test 1 correlate highly with scores on Test 2 but do not correlate with scores on Test 3. This type of analysis i" adaptive="false" timeDependent="false">
  <responseDeclaration identifier="RESPONSE" cardinality="single" baseType="identifier">
    <correctResponse>
      <value>C1</value>
    </correctResponse>
  </responseDeclaration>
  <outcomeDeclaration identifier="SCORE" cardinality="single" baseType="integer" />
  <itemBody>
    <choiceInteraction responseIdentifier="RESPONSE" shuffle="true" maxChoices="1">
      <prompt>
        <span>
          <span>A researcher correlates scores on a test (Test 1) with scores on other tests (Test 2 and Test 3). The analysis demonstrates that the scores on Test 1 correlate highly with scores on Test 2 but do not correlate with scores on Test 3. This type of analysis is used to determine:</span>
        </span>
      </prompt>
      <simpleChoice identifier="C0">
        <span>
          <span>content validity</span>
        </span>
      </simpleChoice>
      <simpleChoice identifier="C1">
        <span>
          <span>construct validity</span>
        </span>
      </simpleChoice>
      <simpleChoice identifier="C2">
        <span>
          <span>concurrent validity</span>
        </span>
      </simpleChoice>
      <simpleChoice identifier="C3">
        <span>
          <span>predictive validity</span>
        </span>
      </simpleChoice>
    </choiceInteraction>
  </itemBody>
  <responseProcessing>
    <responseCondition>
      <responseIf>
        <match>
          <variable identifier="RESPONSE" />
          <correct identifier="RESPONSE" />
        </match>
        <setOutcomeValue identifier="SCORE">
          <baseValue baseType="integer">1</baseValue>
        </setOutcomeValue>
      </responseIf>
      <responseElse>
        <setOutcomeValue identifier="SCORE">
          <baseValue baseType="integer">0</baseValue>
        </setOutcomeValue>
      </responseElse>
    </responseCondition>
  </responseProcessing>
</assessmentItem>