﻿<?xml version="1.0" encoding="UTF-8"?>
<assessmentItem xmlns:xsi="http://www.w3.org/2001/XMLSchema-instance" xmlns="http://www.imsglobal.org/xsd/imsqti_v2p1" xsi:schemaLocation="http://www.imsglobal.org/xsd/imsqti_v2p1 http://www.imsglobal.org/xsd/qti/qtiv2p1/imsqti_v2p1p2.xsd" identifier="test-item2" title="A student takes the Scholastic Aptitude Test (SAT) as a requirement to get into college. Their score on the test is 600. Three weeks later, they are asked to take the identical test again. This time they score 500. This inconsistency in scores is an issue" adaptive="false" timeDependent="false">
  <responseDeclaration identifier="RESPONSE" cardinality="single" baseType="identifier">
    <correctResponse>
      <value>C2</value>
    </correctResponse>
  </responseDeclaration>
  <outcomeDeclaration identifier="SCORE" cardinality="single" baseType="integer" />
  <itemBody>
    <choiceInteraction responseIdentifier="RESPONSE" shuffle="true" maxChoices="1">
      <prompt>
        <span>
          <span>A student takes the Scholastic Aptitude Test (SAT) as a requirement to get into college. Their score on the test is 600. Three weeks later, they are asked to take the identical test again. This time they score 500. This inconsistency in scores is an issue of:</span>
        </span>
      </prompt>
      <simpleChoice identifier="C0">
        <span>
          <span>internal reliability</span>
        </span>
      </simpleChoice>
      <simpleChoice identifier="C1">
        <span>
          <span>parallel forms reliability</span>
        </span>
      </simpleChoice>
      <simpleChoice identifier="C2">
        <span>
          <span>test-retest reliability</span>
        </span>
      </simpleChoice>
      <simpleChoice identifier="C3">
        <span>
          <span>form stability</span>
        </span>
      </simpleChoice>
    </choiceInteraction>
  </itemBody>
  <responseProcessing>
    <responseCondition>
      <responseIf>
        <match>
          <variable identifier="RESPONSE" />
          <correct identifier="RESPONSE" />
        </match>
        <setOutcomeValue identifier="SCORE">
          <baseValue baseType="integer">1</baseValue>
        </setOutcomeValue>
      </responseIf>
      <responseElse>
        <setOutcomeValue identifier="SCORE">
          <baseValue baseType="integer">0</baseValue>
        </setOutcomeValue>
      </responseElse>
    </responseCondition>
  </responseProcessing>
</assessmentItem>