﻿<?xml version="1.0" encoding="UTF-8"?>
<assessmentItem xmlns:xsi="http://www.w3.org/2001/XMLSchema-instance" xmlns="http://www.imsglobal.org/xsd/imsqti_v2p1" xsi:schemaLocation="http://www.imsglobal.org/xsd/imsqti_v2p1 http://www.imsglobal.org/xsd/qti/qtiv2p1/imsqti_v2p1p2.xsd" identifier="test-item32" title="Even though a test is both reliable and valid, it is not necessarily useful. The _______ is/are designed to estimate the percentage of future employees who will be successful on the job if an organization uses a particular test." adaptive="false" timeDependent="false">
  <responseDeclaration identifier="RESPONSE" cardinality="single" baseType="identifier">
    <correctResponse>
      <value>C0</value>
    </correctResponse>
  </responseDeclaration>
  <outcomeDeclaration identifier="SCORE" cardinality="single" baseType="integer" />
  <itemBody>
    <choiceInteraction responseIdentifier="RESPONSE" shuffle="true" maxChoices="1">
      <prompt>
        <span>
          <span>Even though a test is both reliable and valid, it is not necessarily useful. The _______ is/are designed to estimate the <i>percentage of future employees</i> who will be successful on the job if an organization uses a particular test.</span>
        </span>
      </prompt>
      <simpleChoice identifier="C0">
        <span>
          <span>Taylor-Russell tables</span>
        </span>
      </simpleChoice>
      <simpleChoice identifier="C1">
        <span>
          <span>Expectancy charts</span>
        </span>
      </simpleChoice>
      <simpleChoice identifier="C2">
        <span>
          <span>Lawshe tables</span>
        </span>
      </simpleChoice>
      <simpleChoice identifier="C3">
        <span>
          <span>Brogden-Cronbach-Gleser utility formula</span>
        </span>
      </simpleChoice>
    </choiceInteraction>
  </itemBody>
  <responseProcessing>
    <responseCondition>
      <responseIf>
        <match>
          <variable identifier="RESPONSE" />
          <correct identifier="RESPONSE" />
        </match>
        <setOutcomeValue identifier="SCORE">
          <baseValue baseType="integer">1</baseValue>
        </setOutcomeValue>
      </responseIf>
      <responseElse>
        <setOutcomeValue identifier="SCORE">
          <baseValue baseType="integer">0</baseValue>
        </setOutcomeValue>
      </responseElse>
    </responseCondition>
  </responseProcessing>
</assessmentItem>