﻿<?xml version="1.0" encoding="UTF-8"?>
<assessmentItem xmlns:xsi="http://www.w3.org/2001/XMLSchema-instance" xmlns="http://www.imsglobal.org/xsd/imsqti_v2p1" xsi:schemaLocation="http://www.imsglobal.org/xsd/imsqti_v2p1 http://www.imsglobal.org/xsd/qti/qtiv2p1/imsqti_v2p1p2.xsd" identifier="test-item44" title="A test predicts performance for two different groups of applicants (e.g., men and women); however, the test predicts the performance significantly better for men than it does for women. This exemplifies:" adaptive="false" timeDependent="false">
  <responseDeclaration identifier="RESPONSE" cardinality="single" baseType="identifier">
    <correctResponse>
      <value>C2</value>
    </correctResponse>
  </responseDeclaration>
  <outcomeDeclaration identifier="SCORE" cardinality="single" baseType="integer" />
  <itemBody>
    <choiceInteraction responseIdentifier="RESPONSE" shuffle="true" maxChoices="1">
      <prompt>
        <span>
          <span>A test predicts performance for two different groups of applicants (e.g., men and women); however, the test predicts the performance significantly better for men than it does for women. This exemplifies:</span>
        </span>
      </prompt>
      <simpleChoice identifier="C0">
        <span>
          <span>utility</span>
        </span>
      </simpleChoice>
      <simpleChoice identifier="C1">
        <span>
          <span>single-group validity</span>
        </span>
      </simpleChoice>
      <simpleChoice identifier="C2">
        <span>
          <span>differential validity</span>
        </span>
      </simpleChoice>
      <simpleChoice identifier="C3">
        <span>
          <span>known-group validity</span>
        </span>
      </simpleChoice>
    </choiceInteraction>
  </itemBody>
  <responseProcessing>
    <responseCondition>
      <responseIf>
        <match>
          <variable identifier="RESPONSE" />
          <correct identifier="RESPONSE" />
        </match>
        <setOutcomeValue identifier="SCORE">
          <baseValue baseType="integer">1</baseValue>
        </setOutcomeValue>
      </responseIf>
      <responseElse>
        <setOutcomeValue identifier="SCORE">
          <baseValue baseType="integer">0</baseValue>
        </setOutcomeValue>
      </responseElse>
    </responseCondition>
  </responseProcessing>
</assessmentItem>