﻿<?xml version="1.0" encoding="UTF-8"?>
<assessmentItem xmlns:xsi="http://www.w3.org/2001/XMLSchema-instance" xmlns="http://www.imsglobal.org/xsd/imsqti_v2p1" xsi:schemaLocation="http://www.imsglobal.org/xsd/imsqti_v2p1 http://www.imsglobal.org/xsd/qti/qtiv2p1/imsqti_v2p1p2.xsd" identifier="test-item47" title="San Antonio, Texas, has a system in which the names of the top three applicants for promotion are submitted to the chief of police who then selects one of the three to be the new captain. This system uses:" adaptive="false" timeDependent="false">
  <responseDeclaration identifier="RESPONSE" cardinality="single" baseType="identifier">
    <correctResponse>
      <value>C0</value>
    </correctResponse>
  </responseDeclaration>
  <outcomeDeclaration identifier="SCORE" cardinality="single" baseType="integer" />
  <itemBody>
    <choiceInteraction responseIdentifier="RESPONSE" shuffle="true" maxChoices="1">
      <prompt>
        <span>
          <span>San Antonio, Texas, has a system in which the names of the top three applicants for promotion are submitted to the chief of police who then selects one of the three to be the new captain. This system uses:</span>
        </span>
      </prompt>
      <simpleChoice identifier="C0">
        <span>
          <span>the rule of three</span>
        </span>
      </simpleChoice>
      <simpleChoice identifier="C1">
        <span>
          <span>top-down selection</span>
        </span>
      </simpleChoice>
      <simpleChoice identifier="C2">
        <span>
          <span>a passing score</span>
        </span>
      </simpleChoice>
      <simpleChoice identifier="C3">
        <span>
          <span>banding</span>
        </span>
      </simpleChoice>
    </choiceInteraction>
  </itemBody>
  <responseProcessing>
    <responseCondition>
      <responseIf>
        <match>
          <variable identifier="RESPONSE" />
          <correct identifier="RESPONSE" />
        </match>
        <setOutcomeValue identifier="SCORE">
          <baseValue baseType="integer">1</baseValue>
        </setOutcomeValue>
      </responseIf>
      <responseElse>
        <setOutcomeValue identifier="SCORE">
          <baseValue baseType="integer">0</baseValue>
        </setOutcomeValue>
      </responseElse>
    </responseCondition>
  </responseProcessing>
</assessmentItem>