﻿<?xml version="1.0" encoding="UTF-8"?>
<assessmentItem xmlns:xsi="http://www.w3.org/2001/XMLSchema-instance" xmlns="http://www.imsglobal.org/xsd/imsqti_v2p1" xsi:schemaLocation="http://www.imsglobal.org/xsd/imsqti_v2p1 http://www.imsglobal.org/xsd/qti/qtiv2p1/imsqti_v2p1p2.xsd" identifier="test-item48" title="An HR director determines that all applicants who receive at least an 81 on their test will be able to perform the functions of the job. The hiring decision strategy to be used in this situation is:" adaptive="false" timeDependent="false">
  <responseDeclaration identifier="RESPONSE" cardinality="single" baseType="identifier">
    <correctResponse>
      <value>C2</value>
    </correctResponse>
  </responseDeclaration>
  <outcomeDeclaration identifier="SCORE" cardinality="single" baseType="integer" />
  <itemBody>
    <choiceInteraction responseIdentifier="RESPONSE" shuffle="true" maxChoices="1">
      <prompt>
        <span>
          <span>An HR director determines that all applicants who receive at least an 81 on their test will be able to perform the functions of the job. The hiring decision strategy to be used in this situation is:</span>
        </span>
      </prompt>
      <simpleChoice identifier="C0">
        <span>
          <span>multiple hurdle</span>
        </span>
      </simpleChoice>
      <simpleChoice identifier="C1">
        <span>
          <span>top-down selection</span>
        </span>
      </simpleChoice>
      <simpleChoice identifier="C2">
        <span>
          <span>passing score</span>
        </span>
      </simpleChoice>
      <simpleChoice identifier="C3">
        <span>
          <span>banding</span>
        </span>
      </simpleChoice>
    </choiceInteraction>
  </itemBody>
  <responseProcessing>
    <responseCondition>
      <responseIf>
        <match>
          <variable identifier="RESPONSE" />
          <correct identifier="RESPONSE" />
        </match>
        <setOutcomeValue identifier="SCORE">
          <baseValue baseType="integer">1</baseValue>
        </setOutcomeValue>
      </responseIf>
      <responseElse>
        <setOutcomeValue identifier="SCORE">
          <baseValue baseType="integer">0</baseValue>
        </setOutcomeValue>
      </responseElse>
    </responseCondition>
  </responseProcessing>
</assessmentItem>