﻿<?xml version="1.0" encoding="UTF-8"?>
<assessmentItem xmlns:xsi="http://www.w3.org/2001/XMLSchema-instance" xmlns="http://www.imsglobal.org/xsd/imsqti_v2p1" xsi:schemaLocation="http://www.imsglobal.org/xsd/imsqti_v2p1 http://www.imsglobal.org/xsd/qti/qtiv2p1/imsqti_v2p1p2.xsd" identifier="test-item20" title="Insecure leaders who are outwardly charming but resent successful people are known as _____ whereas leaders who overcome their insecurity by being overconfident are known as _____." adaptive="false" timeDependent="false">
  <responseDeclaration identifier="RESPONSE" cardinality="single" baseType="identifier">
    <correctResponse>
      <value>C3</value>
    </correctResponse>
  </responseDeclaration>
  <outcomeDeclaration identifier="SCORE" cardinality="single" baseType="integer" />
  <itemBody>
    <choiceInteraction responseIdentifier="RESPONSE" shuffle="true" maxChoices="1">
      <prompt>
        <span>Insecure leaders who are outwardly charming but resent successful people are known as _____ whereas leaders who overcome their insecurity by being overconfident are known as _____.</span>
      </prompt>
      <simpleChoice identifier="C0">
        <span>narcissists / high likability floaters</span>
      </simpleChoice>
      <simpleChoice identifier="C1">
        <span>narcissists/paranoids‑passive aggressive</span>
      </simpleChoice>
      <simpleChoice identifier="C2">
        <span>high likability floaters/narcissists</span>
      </simpleChoice>
      <simpleChoice identifier="C3">
        <span>paranoids-passive aggressive / narcissists</span>
      </simpleChoice>
    </choiceInteraction>
  </itemBody>
  <responseProcessing>
    <responseCondition>
      <responseIf>
        <match>
          <variable identifier="RESPONSE" />
          <correct identifier="RESPONSE" />
        </match>
        <setOutcomeValue identifier="SCORE">
          <baseValue baseType="integer">1</baseValue>
        </setOutcomeValue>
      </responseIf>
      <responseElse>
        <setOutcomeValue identifier="SCORE">
          <baseValue baseType="integer">0</baseValue>
        </setOutcomeValue>
      </responseElse>
    </responseCondition>
  </responseProcessing>
</assessmentItem>