﻿<?xml version="1.0" encoding="UTF-8"?>
<assessmentItem xmlns:xsi="http://www.w3.org/2001/XMLSchema-instance" xmlns="http://www.imsglobal.org/xsd/imsqti_v2p1" xsi:schemaLocation="http://www.imsglobal.org/xsd/imsqti_v2p1 http://www.imsglobal.org/xsd/qti/qtiv2p1/imsqti_v2p1p2.xsd" identifier="test-item25" title="A factor that is related to Fiedler's Contingency Model is the favorableness of a situation. According to this theory, the favorableness of a situation is determined by three variables. Which of the following is NOT one of these three variables?" adaptive="false" timeDependent="false">
  <responseDeclaration identifier="RESPONSE" cardinality="single" baseType="identifier">
    <correctResponse>
      <value>C2</value>
    </correctResponse>
  </responseDeclaration>
  <outcomeDeclaration identifier="SCORE" cardinality="single" baseType="integer" />
  <itemBody>
    <choiceInteraction responseIdentifier="RESPONSE" shuffle="true" maxChoices="1">
      <prompt>
        <span>A factor that is related to Fiedler's Contingency Model is the favorableness of a situation. According to this theory, the favorableness of a situation is determined by three variables. Which of the following is NOT one of these three variables?</span>
      </prompt>
      <simpleChoice identifier="C0">
        <span>Task structure</span>
      </simpleChoice>
      <simpleChoice identifier="C1">
        <span>Leader position power</span>
      </simpleChoice>
      <simpleChoice identifier="C2">
        <span>Size of the organization</span>
      </simpleChoice>
      <simpleChoice identifier="C3">
        <span>Leader-member relations</span>
      </simpleChoice>
    </choiceInteraction>
  </itemBody>
  <responseProcessing>
    <responseCondition>
      <responseIf>
        <match>
          <variable identifier="RESPONSE" />
          <correct identifier="RESPONSE" />
        </match>
        <setOutcomeValue identifier="SCORE">
          <baseValue baseType="integer">1</baseValue>
        </setOutcomeValue>
      </responseIf>
      <responseElse>
        <setOutcomeValue identifier="SCORE">
          <baseValue baseType="integer">0</baseValue>
        </setOutcomeValue>
      </responseElse>
    </responseCondition>
  </responseProcessing>
</assessmentItem>