﻿<?xml version="1.0" encoding="UTF-8"?>
<assessmentItem xmlns:xsi="http://www.w3.org/2001/XMLSchema-instance" xmlns="http://www.imsglobal.org/xsd/imsqti_v2p1" xsi:schemaLocation="http://www.imsglobal.org/xsd/imsqti_v2p1 http://www.imsglobal.org/xsd/qti/qtiv2p1/imsqti_v2p1p2.xsd" identifier="test-item59" title="According to IMPACT theory, what are the six leadership styles and their corresponding climates?" adaptive="false" timeDependent="false">
  <responseDeclaration identifier="RESPONSE" cardinality="single" baseType="string" />
  <outcomeDeclaration identifier="SCORE" cardinality="single" baseType="integer" />
  <itemBody>
    <extendedTextInteraction responseIdentifier="RESPONSE" expectedLength="260">
      <prompt>
        <span>According to IMPACT theory, what are the six leadership styles and their corresponding climates?</span>
      </prompt>
    </extendedTextInteraction>
  </itemBody>
  <responseProcessing>
    <responseCondition>
      <responseIf>
        <or>
          <stringMatch caseSensitive="false">
            <variable identifier="RESPONSE" />
            <baseValue baseType="string">informational style in a climate of ignorancemagnetic style in a climate of despairposition style in a climate of instabilityaffiliation style in a climate of anxietycoercive style in a climate of crisistactical style in a climate of disorganization</baseValue>
          </stringMatch>
        </or>
        <setOutcomeValue identifier="SCORE">
          <baseValue baseType="integer">1</baseValue>
        </setOutcomeValue>
      </responseIf>
      <responseElse>
        <setOutcomeValue identifier="SCORE">
          <baseValue baseType="integer">0</baseValue>
        </setOutcomeValue>
      </responseElse>
    </responseCondition>
  </responseProcessing>
</assessmentItem>