﻿<?xml version="1.0" encoding="UTF-8"?>
<assessmentItem xmlns:xsi="http://www.w3.org/2001/XMLSchema-instance" xmlns="http://www.imsglobal.org/xsd/imsqti_v2p1" xsi:schemaLocation="http://www.imsglobal.org/xsd/imsqti_v2p1 http://www.imsglobal.org/xsd/qti/qtiv2p1/imsqti_v2p1p2.xsd" identifier="test-item5" title="An interesting extension of the trait theory of leader performance suggests that certain traits are necessary requirements for leadership excellence but do not guarantee it. Instead, leadership excellence is a function of:" adaptive="false" timeDependent="false">
  <responseDeclaration identifier="RESPONSE" cardinality="single" baseType="identifier">
    <correctResponse>
      <value>C2</value>
    </correctResponse>
  </responseDeclaration>
  <outcomeDeclaration identifier="SCORE" cardinality="single" baseType="integer" />
  <itemBody>
    <choiceInteraction responseIdentifier="RESPONSE" shuffle="true" maxChoices="1">
      <prompt>
        <span>An interesting extension of the trait theory of leader performance suggests that certain traits are necessary requirements for leadership excellence but do not guarantee it. Instead, leadership excellence is a function of:</span>
      </prompt>
      <simpleChoice identifier="C0">
        <span>specific behaviors performed as a leader</span>
      </simpleChoice>
      <simpleChoice identifier="C1">
        <span>how well people follow your leadership</span>
      </simpleChoice>
      <simpleChoice identifier="C2">
        <span>the right person being in the right place</span>
      </simpleChoice>
      <simpleChoice identifier="C3">
        <span>appropriate modeling behavior training</span>
      </simpleChoice>
    </choiceInteraction>
  </itemBody>
  <responseProcessing>
    <responseCondition>
      <responseIf>
        <match>
          <variable identifier="RESPONSE" />
          <correct identifier="RESPONSE" />
        </match>
        <setOutcomeValue identifier="SCORE">
          <baseValue baseType="integer">1</baseValue>
        </setOutcomeValue>
      </responseIf>
      <responseElse>
        <setOutcomeValue identifier="SCORE">
          <baseValue baseType="integer">0</baseValue>
        </setOutcomeValue>
      </responseElse>
    </responseCondition>
  </responseProcessing>
</assessmentItem>