﻿<?xml version="1.0" encoding="UTF-8"?>
<assessmentItem xmlns:xsi="http://www.w3.org/2001/XMLSchema-instance" xmlns="http://www.imsglobal.org/xsd/imsqti_v2p1" xsi:schemaLocation="http://www.imsglobal.org/xsd/imsqti_v2p1 http://www.imsglobal.org/xsd/qti/qtiv2p1/imsqti_v2p1p2.xsd" identifier="test-item7" title="Research by McClelland and Burnham (1976) and McClelland and Boyatzis (1982) has demonstrated that high performance managers have a &amp;quot;leadership motive pattern.&amp;quot; This pattern is characterized by a high need for ____ and a low need for ______." adaptive="false" timeDependent="false">
  <responseDeclaration identifier="RESPONSE" cardinality="single" baseType="identifier">
    <correctResponse>
      <value>C0</value>
    </correctResponse>
  </responseDeclaration>
  <outcomeDeclaration identifier="SCORE" cardinality="single" baseType="integer" />
  <itemBody>
    <choiceInteraction responseIdentifier="RESPONSE" shuffle="true" maxChoices="1">
      <prompt>
        <span>Research by McClelland and Burnham (1976) and McClelland and Boyatzis (1982) has demonstrated that high performance managers have a "leadership motive pattern." This pattern is characterized by a high need for ____ and a low need for ______.</span>
      </prompt>
      <simpleChoice identifier="C0">
        <span>power / affiliation</span>
      </simpleChoice>
      <simpleChoice identifier="C1">
        <span>affiliation / power</span>
      </simpleChoice>
      <simpleChoice identifier="C2">
        <span>achievement / power</span>
      </simpleChoice>
      <simpleChoice identifier="C3">
        <span>power / achievement</span>
      </simpleChoice>
    </choiceInteraction>
  </itemBody>
  <responseProcessing>
    <responseCondition>
      <responseIf>
        <match>
          <variable identifier="RESPONSE" />
          <correct identifier="RESPONSE" />
        </match>
        <setOutcomeValue identifier="SCORE">
          <baseValue baseType="integer">1</baseValue>
        </setOutcomeValue>
      </responseIf>
      <responseElse>
        <setOutcomeValue identifier="SCORE">
          <baseValue baseType="integer">0</baseValue>
        </setOutcomeValue>
      </responseElse>
    </responseCondition>
  </responseProcessing>
</assessmentItem>