﻿<?xml version="1.0" encoding="UTF-8"?>
<manifest identifier="ID_a919af28-9f2e-404a-8826-4fc6b8bfa541" xmlns="http://www.imsglobal.org/xsd/imscp_v1p1" xmlns:imsqti="http://www.imsglobal.org/xsd/imsqti_v2p1" xmlns:xsi="http://www.w3.org/2001/XMLSchema-instance" xsi:schemaLocation="http://ltsc.ieee.org/xsd/LOM http://www.imsglobal.org/xsd/imsmd_loose_v1p3p2.xsd http://www.imsglobal.org/xsd/imsqti_metadata_v2p1 http://www.imsglobal.org/xsd/qti/qtiv2p1/imsqti_metadata_v2p1p1.xsd http://www.imsglobal.org/xsd/imscp_v1p1 http://www.imsglobal.org/xsd/qti/qtiv2p1/qtiv2p1_imscpv1p2_v1p0.xsd http://www.imsglobal.org/xsd/imsqti_v2p1 http://www.imsglobal.org/xsd/qti/qtiv2p1/imsqti_v2p1p2.xsd">
  <metadata>
    <schema>QTIv2.1 Package</schema>
    <schemaversion>1.0.0</schemaversion>
    <lom xmlns="http://ltsc.ieee.org/xsd/LOM">
      <general>
        <title>
          <string>Chapter 03: Legal Issues in Employee Selection</string>
        </title>
        <language>en</language>
      </general>
      <metaMetadata xmlns="http://ltsc.ieee.org/xsd/LOM">
        <metadataschema>LOMv1.0</metadataschema>
        <metadataschema>QTIv2.1</metadataschema>
        <language>en</language>
      </metaMetadata>
    </lom>
  </metadata>
  <organizations />
  <resources>
    <resource identifier="ID_QTIExport_Resource_0" type="imsqti_item_xmlv2p1" href="Q0_Multiple_Choice.xml">
      <metadata>
        <lom xmlns="http://ltsc.ieee.org/xsd/LOM">
          <general>
            <title>
              <string>In 2020, about _____ discrimination complaints were filed with the Equal Employment Opportunity Commission.</string>
            </title>
          </general>
          <educational>
            <description>
              <string>Describe the legal process involving employment law</string>
            </description>
            <intendedEndUserRole>
              <value>teacher</value>
            </intendedEndUserRole>
            <context />
          </educational>
          <imsqti:qtiMetadata>
            <imsqti:interactionType>choiceInteraction</imsqti:interactionType>
            <imsqti:itemTemplate>false</imsqti:itemTemplate>
            <imsqti:timeDependent>false</imsqti:timeDependent>
            <imsqti:composite>false</imsqti:composite>
            <imsqti:solutionAvailable>true</imsqti:solutionAvailable>
            <imsqti:feedbackType>none</imsqti:feedbackType>
          </imsqti:qtiMetadata>
        </lom>
      </metadata>
      <file href="Q0_Multiple_Choice.xml" />
    </resource>
    <resource identifier="ID_QTIExport_Resource_1" type="imsqti_item_xmlv2p1" href="Q1_Multiple_Choice.xml">
      <metadata>
        <lom xmlns="http://ltsc.ieee.org/xsd/LOM">
          <general>
            <title>
              <string>The first step in the legal process is for some legislative body to:</string>
            </title>
          </general>
          <educational>
            <description>
              <string>Describe the legal process involving employment law</string>
            </description>
            <intendedEndUserRole>
              <value>teacher</value>
            </intendedEndUserRole>
            <context />
          </educational>
          <imsqti:qtiMetadata>
            <imsqti:interactionType>choiceInteraction</imsqti:interactionType>
            <imsqti:itemTemplate>false</imsqti:itemTemplate>
            <imsqti:timeDependent>false</imsqti:timeDependent>
            <imsqti:composite>false</imsqti:composite>
            <imsqti:solutionAvailable>true</imsqti:solutionAvailable>
            <imsqti:feedbackType>none</imsqti:feedbackType>
          </imsqti:qtiMetadata>
        </lom>
      </metadata>
      <file href="Q1_Multiple_Choice.xml" />
    </resource>
    <resource identifier="ID_QTIExport_Resource_2" type="imsqti_item_xmlv2p1" href="Q2_Multiple_Choice.xml">
      <metadata>
        <lom xmlns="http://ltsc.ieee.org/xsd/LOM">
          <general>
            <title>
              <string>If a law is passed at the federal level, states may pass laws that _____ the rights granted in the federal law, states may not pass laws that will _____ the rights granted in the federal law.</string>
            </title>
          </general>
          <educational>
            <description>
              <string>Describe the legal process involving employment law</string>
            </description>
            <intendedEndUserRole>
              <value>teacher</value>
            </intendedEndUserRole>
            <context />
          </educational>
          <imsqti:qtiMetadata>
            <imsqti:interactionType>choiceInteraction</imsqti:interactionType>
            <imsqti:itemTemplate>false</imsqti:itemTemplate>
            <imsqti:timeDependent>false</imsqti:timeDependent>
            <imsqti:composite>false</imsqti:composite>
            <imsqti:solutionAvailable>true</imsqti:solutionAvailable>
            <imsqti:feedbackType>none</imsqti:feedbackType>
          </imsqti:qtiMetadata>
        </lom>
      </metadata>
      <file href="Q2_Multiple_Choice.xml" />
    </resource>
    <resource identifier="ID_QTIExport_Resource_3" type="imsqti_item_xmlv2p1" href="Q3_Multiple_Choice.xml">
      <metadata>
        <lom xmlns="http://ltsc.ieee.org/xsd/LOM">
          <general>
            <title>
              <string>In which of the following ADR methods does a neutral third-party make a decision that both sides must abide by?</string>
            </title>
          </general>
          <educational>
            <description>
              <string>Describe the legal process involving employment law</string>
            </description>
            <intendedEndUserRole>
              <value>teacher</value>
            </intendedEndUserRole>
            <context />
          </educational>
          <imsqti:qtiMetadata>
            <imsqti:interactionType>choiceInteraction</imsqti:interactionType>
            <imsqti:itemTemplate>false</imsqti:itemTemplate>
            <imsqti:timeDependent>false</imsqti:timeDependent>
            <imsqti:composite>false</imsqti:composite>
            <imsqti:solutionAvailable>true</imsqti:solutionAvailable>
            <imsqti:feedbackType>none</imsqti:feedbackType>
          </imsqti:qtiMetadata>
        </lom>
      </metadata>
      <file href="Q3_Multiple_Choice.xml" />
    </resource>
    <resource identifier="ID_QTIExport_Resource_4" type="imsqti_item_xmlv2p1" href="Q4_Multiple_Choice.xml">
      <metadata>
        <lom xmlns="http://ltsc.ieee.org/xsd/LOM">
          <general>
            <title>
              <string>The EEOC usually handles alleged violations of:</string>
            </title>
          </general>
          <educational>
            <description>
              <string>Describe the legal process involving employment law</string>
            </description>
            <intendedEndUserRole>
              <value>teacher</value>
            </intendedEndUserRole>
            <context />
          </educational>
          <imsqti:qtiMetadata>
            <imsqti:interactionType>choiceInteraction</imsqti:interactionType>
            <imsqti:itemTemplate>false</imsqti:itemTemplate>
            <imsqti:timeDependent>false</imsqti:timeDependent>
            <imsqti:composite>false</imsqti:composite>
            <imsqti:solutionAvailable>true</imsqti:solutionAvailable>
            <imsqti:feedbackType>none</imsqti:feedbackType>
          </imsqti:qtiMetadata>
        </lom>
      </metadata>
      <file href="Q4_Multiple_Choice.xml" />
    </resource>
    <resource identifier="ID_QTIExport_Resource_5" type="imsqti_item_xmlv2p1" href="Q5_Multiple_Choice.xml">
      <metadata>
        <lom xmlns="http://ltsc.ieee.org/xsd/LOM">
          <general>
            <title>
              <string>According to the Lilly Ledbetter Fair Pay Act, an employee filing a discrimination complaint with the EEOC regarding pay discrimination, has 180 days from when they:</string>
            </title>
          </general>
          <educational>
            <description>
              <string>Describe the legal process involving employment law</string>
            </description>
            <intendedEndUserRole>
              <value>teacher</value>
            </intendedEndUserRole>
            <context />
          </educational>
          <imsqti:qtiMetadata>
            <imsqti:interactionType>choiceInteraction</imsqti:interactionType>
            <imsqti:itemTemplate>false</imsqti:itemTemplate>
            <imsqti:timeDependent>false</imsqti:timeDependent>
            <imsqti:composite>false</imsqti:composite>
            <imsqti:solutionAvailable>true</imsqti:solutionAvailable>
            <imsqti:feedbackType>none</imsqti:feedbackType>
          </imsqti:qtiMetadata>
        </lom>
      </metadata>
      <file href="Q5_Multiple_Choice.xml" />
    </resource>
    <resource identifier="ID_QTIExport_Resource_6" type="imsqti_item_xmlv2p1" href="Q6_Multiple_Choice.xml">
      <metadata>
        <lom xmlns="http://ltsc.ieee.org/xsd/LOM">
          <general>
            <title>
              <string>When the courts make a decision, the decision becomes:</string>
            </title>
          </general>
          <educational>
            <description>
              <string>Describe the legal process involving employment law</string>
            </description>
            <intendedEndUserRole>
              <value>teacher</value>
            </intendedEndUserRole>
            <context />
          </educational>
          <imsqti:qtiMetadata>
            <imsqti:interactionType>choiceInteraction</imsqti:interactionType>
            <imsqti:itemTemplate>false</imsqti:itemTemplate>
            <imsqti:timeDependent>false</imsqti:timeDependent>
            <imsqti:composite>false</imsqti:composite>
            <imsqti:solutionAvailable>true</imsqti:solutionAvailable>
            <imsqti:feedbackType>none</imsqti:feedbackType>
          </imsqti:qtiMetadata>
        </lom>
      </metadata>
      <file href="Q6_Multiple_Choice.xml" />
    </resource>
    <resource identifier="ID_QTIExport_Resource_7" type="imsqti_item_xmlv2p1" href="Q7_Multiple_Choice.xml">
      <metadata>
        <lom xmlns="http://ltsc.ieee.org/xsd/LOM">
          <general>
            <title>
              <string>_______ is a judicial interpretation of a law and is important because it establishes a precedent for future cases.</string>
            </title>
          </general>
          <educational>
            <description>
              <string>Describe the legal process involving employment law</string>
            </description>
            <intendedEndUserRole>
              <value>teacher</value>
            </intendedEndUserRole>
            <context />
          </educational>
          <imsqti:qtiMetadata>
            <imsqti:interactionType>choiceInteraction</imsqti:interactionType>
            <imsqti:itemTemplate>false</imsqti:itemTemplate>
            <imsqti:timeDependent>false</imsqti:timeDependent>
            <imsqti:composite>false</imsqti:composite>
            <imsqti:solutionAvailable>true</imsqti:solutionAvailable>
            <imsqti:feedbackType>none</imsqti:feedbackType>
          </imsqti:qtiMetadata>
        </lom>
      </metadata>
      <file href="Q7_Multiple_Choice.xml" />
    </resource>
    <resource identifier="ID_QTIExport_Resource_8" type="imsqti_item_xmlv2p1" href="Q8_Multiple_Choice.xml">
      <metadata>
        <lom xmlns="http://ltsc.ieee.org/xsd/LOM">
          <general>
            <title>
              <string>According to Congress, all of the following are federally protected classes in the United States, except:</string>
            </title>
          </general>
          <educational>
            <description>
              <string>Identify what classes of people are protected by federal law</string>
            </description>
            <intendedEndUserRole>
              <value>teacher</value>
            </intendedEndUserRole>
            <context />
          </educational>
          <imsqti:qtiMetadata>
            <imsqti:interactionType>choiceInteraction</imsqti:interactionType>
            <imsqti:itemTemplate>false</imsqti:itemTemplate>
            <imsqti:timeDependent>false</imsqti:timeDependent>
            <imsqti:composite>false</imsqti:composite>
            <imsqti:solutionAvailable>true</imsqti:solutionAvailable>
            <imsqti:feedbackType>none</imsqti:feedbackType>
          </imsqti:qtiMetadata>
        </lom>
      </metadata>
      <file href="Q8_Multiple_Choice.xml" />
    </resource>
    <resource identifier="ID_QTIExport_Resource_9" type="imsqti_item_xmlv2p1" href="Q9_Multiple_Choice.xml">
      <metadata>
        <lom xmlns="http://ltsc.ieee.org/xsd/LOM">
          <general>
            <title>
              <string>The "equal protection" clause of the Fourteenth Amendment mandates that no state may deny a person equal protection under the law. Because any lawsuit filed under the Fourteenth Amendment must demonstrate ______, it is not often used.</string>
            </title>
          </general>
          <educational>
            <description>
              <string>Identify what classes of people are protected by federal law</string>
            </description>
            <intendedEndUserRole>
              <value>teacher</value>
            </intendedEndUserRole>
            <context />
          </educational>
          <imsqti:qtiMetadata>
            <imsqti:interactionType>choiceInteraction</imsqti:interactionType>
            <imsqti:itemTemplate>false</imsqti:itemTemplate>
            <imsqti:timeDependent>false</imsqti:timeDependent>
            <imsqti:composite>false</imsqti:composite>
            <imsqti:solutionAvailable>true</imsqti:solutionAvailable>
            <imsqti:feedbackType>none</imsqti:feedbackType>
          </imsqti:qtiMetadata>
        </lom>
      </metadata>
      <file href="Q9_Multiple_Choice.xml" />
    </resource>
    <resource identifier="ID_QTIExport_Resource_10" type="imsqti_item_xmlv2p1" href="Q10_Multiple_Choice.xml">
      <metadata>
        <lom xmlns="http://ltsc.ieee.org/xsd/LOM">
          <general>
            <title>
              <string>The 1964 Civil Rights Act (Title VII) and its 1972 and 1991 amendments do not cover:</string>
            </title>
          </general>
          <educational>
            <description>
              <string>Identify what classes of people are protected by federal law</string>
            </description>
            <intendedEndUserRole>
              <value>teacher</value>
            </intendedEndUserRole>
            <context />
          </educational>
          <imsqti:qtiMetadata>
            <imsqti:interactionType>choiceInteraction</imsqti:interactionType>
            <imsqti:itemTemplate>false</imsqti:itemTemplate>
            <imsqti:timeDependent>false</imsqti:timeDependent>
            <imsqti:composite>false</imsqti:composite>
            <imsqti:solutionAvailable>true</imsqti:solutionAvailable>
            <imsqti:feedbackType>none</imsqti:feedbackType>
          </imsqti:qtiMetadata>
        </lom>
      </metadata>
      <file href="Q10_Multiple_Choice.xml" />
    </resource>
    <resource identifier="ID_QTIExport_Resource_11" type="imsqti_item_xmlv2p1" href="Q11_Multiple_Choice.xml">
      <metadata>
        <lom xmlns="http://ltsc.ieee.org/xsd/LOM">
          <general>
            <title>
              <string>Unlike the Fourteenth Amendment, for an employment practice to be potentially illegal under the Civil Rights Act, the discrimination does not have to:</string>
            </title>
          </general>
          <educational>
            <description>
              <string>Identify what classes of people are protected by federal law</string>
            </description>
            <intendedEndUserRole>
              <value>teacher</value>
            </intendedEndUserRole>
            <context />
          </educational>
          <imsqti:qtiMetadata>
            <imsqti:interactionType>choiceInteraction</imsqti:interactionType>
            <imsqti:itemTemplate>false</imsqti:itemTemplate>
            <imsqti:timeDependent>false</imsqti:timeDependent>
            <imsqti:composite>false</imsqti:composite>
            <imsqti:solutionAvailable>true</imsqti:solutionAvailable>
            <imsqti:feedbackType>none</imsqti:feedbackType>
          </imsqti:qtiMetadata>
        </lom>
      </metadata>
      <file href="Q11_Multiple_Choice.xml" />
    </resource>
    <resource identifier="ID_QTIExport_Resource_12" type="imsqti_item_xmlv2p1" href="Q12_Multiple_Choice.xml">
      <metadata>
        <lom xmlns="http://ltsc.ieee.org/xsd/LOM">
          <general>
            <title>
              <string>The Civil Rights Act has also been interpreted by the courts to cover such issues as sexual harassment, age harassment, and race harassment. These issues are related to the organization's:</string>
            </title>
          </general>
          <educational>
            <description>
              <string>Identify what classes of people are protected by federal law</string>
            </description>
            <intendedEndUserRole>
              <value>teacher</value>
            </intendedEndUserRole>
            <context />
          </educational>
          <imsqti:qtiMetadata>
            <imsqti:interactionType>choiceInteraction</imsqti:interactionType>
            <imsqti:itemTemplate>false</imsqti:itemTemplate>
            <imsqti:timeDependent>false</imsqti:timeDependent>
            <imsqti:composite>false</imsqti:composite>
            <imsqti:solutionAvailable>true</imsqti:solutionAvailable>
            <imsqti:feedbackType>none</imsqti:feedbackType>
          </imsqti:qtiMetadata>
        </lom>
      </metadata>
      <file href="Q12_Multiple_Choice.xml" />
    </resource>
    <resource identifier="ID_QTIExport_Resource_13" type="imsqti_item_xmlv2p1" href="Q13_Multiple_Choice.xml">
      <metadata>
        <lom xmlns="http://ltsc.ieee.org/xsd/LOM">
          <general>
            <title>
              <string>In the 1989 case of Walker v. Secretary of the Treasury, a district court found that a darker skinned Black employer illegally fired a lighter skinned Black employee. Which of the following protected classes were at issue in this case?</string>
            </title>
          </general>
          <educational>
            <description>
              <string>Identify what classes of people are protected by federal law</string>
            </description>
            <intendedEndUserRole>
              <value>teacher</value>
            </intendedEndUserRole>
            <context />
          </educational>
          <imsqti:qtiMetadata>
            <imsqti:interactionType>choiceInteraction</imsqti:interactionType>
            <imsqti:itemTemplate>false</imsqti:itemTemplate>
            <imsqti:timeDependent>false</imsqti:timeDependent>
            <imsqti:composite>false</imsqti:composite>
            <imsqti:solutionAvailable>true</imsqti:solutionAvailable>
            <imsqti:feedbackType>none</imsqti:feedbackType>
          </imsqti:qtiMetadata>
        </lom>
      </metadata>
      <file href="Q13_Multiple_Choice.xml" />
    </resource>
    <resource identifier="ID_QTIExport_Resource_14" type="imsqti_item_xmlv2p1" href="Q14_Multiple_Choice.xml">
      <metadata>
        <lom xmlns="http://ltsc.ieee.org/xsd/LOM">
          <general>
            <title>
              <string>“English only” requirements at work are:</string>
            </title>
          </general>
          <educational>
            <description>
              <string>Identify what classes of people are protected by federal law</string>
            </description>
            <intendedEndUserRole>
              <value>teacher</value>
            </intendedEndUserRole>
            <context />
          </educational>
          <imsqti:qtiMetadata>
            <imsqti:interactionType>choiceInteraction</imsqti:interactionType>
            <imsqti:itemTemplate>false</imsqti:itemTemplate>
            <imsqti:timeDependent>false</imsqti:timeDependent>
            <imsqti:composite>false</imsqti:composite>
            <imsqti:solutionAvailable>true</imsqti:solutionAvailable>
            <imsqti:feedbackType>none</imsqti:feedbackType>
          </imsqti:qtiMetadata>
        </lom>
      </metadata>
      <file href="Q14_Multiple_Choice.xml" />
    </resource>
    <resource identifier="ID_QTIExport_Resource_15" type="imsqti_item_xmlv2p1" href="Q15_Multiple_Choice.xml">
      <metadata>
        <lom xmlns="http://ltsc.ieee.org/xsd/LOM">
          <general>
            <title>
              <string>All employees at Wally World Amusement Park are required to work on weekends because that is when 80% of the customers visit the park. Janice likes to go to church on Sunday morning and asks that she not have to work on Sunday. Must the park accommodate he</string>
            </title>
          </general>
          <educational>
            <description>
              <string>Identify what classes of people are protected by federal law</string>
            </description>
            <intendedEndUserRole>
              <value>teacher</value>
            </intendedEndUserRole>
            <context />
          </educational>
          <imsqti:qtiMetadata>
            <imsqti:interactionType>choiceInteraction</imsqti:interactionType>
            <imsqti:itemTemplate>false</imsqti:itemTemplate>
            <imsqti:timeDependent>false</imsqti:timeDependent>
            <imsqti:composite>false</imsqti:composite>
            <imsqti:solutionAvailable>true</imsqti:solutionAvailable>
            <imsqti:feedbackType>none</imsqti:feedbackType>
          </imsqti:qtiMetadata>
        </lom>
      </metadata>
      <file href="Q15_Multiple_Choice.xml" />
    </resource>
    <resource identifier="ID_QTIExport_Resource_16" type="imsqti_item_xmlv2p1" href="Q16_Multiple_Choice.xml">
      <metadata>
        <lom xmlns="http://ltsc.ieee.org/xsd/LOM">
          <general>
            <title>
              <string>It is illegal to use an individual's religion in an employment decision unless the nature of the job involves:</string>
            </title>
          </general>
          <educational>
            <description>
              <string>Identify what classes of people are protected by federal law</string>
            </description>
            <intendedEndUserRole>
              <value>teacher</value>
            </intendedEndUserRole>
            <context />
          </educational>
          <imsqti:qtiMetadata>
            <imsqti:interactionType>choiceInteraction</imsqti:interactionType>
            <imsqti:itemTemplate>false</imsqti:itemTemplate>
            <imsqti:timeDependent>false</imsqti:timeDependent>
            <imsqti:composite>false</imsqti:composite>
            <imsqti:solutionAvailable>true</imsqti:solutionAvailable>
            <imsqti:feedbackType>none</imsqti:feedbackType>
          </imsqti:qtiMetadata>
        </lom>
      </metadata>
      <file href="Q16_Multiple_Choice.xml" />
    </resource>
    <resource identifier="ID_QTIExport_Resource_17" type="imsqti_item_xmlv2p1" href="Q17_Multiple_Choice.xml">
      <metadata>
        <lom xmlns="http://ltsc.ieee.org/xsd/LOM">
          <general>
            <title>
              <string>In determining if an employment decision is legal, the first question to ask is "does the employment practice directly refer to a member of a federally protected class?” Which of the following is NOT a federally protected class?</string>
            </title>
          </general>
          <educational>
            <description>
              <string>Identify what classes of people are protected by federal law</string>
            </description>
            <intendedEndUserRole>
              <value>teacher</value>
            </intendedEndUserRole>
            <context />
          </educational>
          <imsqti:qtiMetadata>
            <imsqti:interactionType>choiceInteraction</imsqti:interactionType>
            <imsqti:itemTemplate>false</imsqti:itemTemplate>
            <imsqti:timeDependent>false</imsqti:timeDependent>
            <imsqti:composite>false</imsqti:composite>
            <imsqti:solutionAvailable>true</imsqti:solutionAvailable>
            <imsqti:feedbackType>none</imsqti:feedbackType>
          </imsqti:qtiMetadata>
        </lom>
      </metadata>
      <file href="Q17_Multiple_Choice.xml" />
    </resource>
    <resource identifier="ID_QTIExport_Resource_18" type="imsqti_item_xmlv2p1" href="Q18_Multiple_Choice.xml">
      <metadata>
        <lom xmlns="http://ltsc.ieee.org/xsd/LOM">
          <general>
            <title>
              <string>The Age Discrimination in Employment Act (ADEA) forbids an employer from discriminating against an individual over the age of:</string>
            </title>
          </general>
          <educational>
            <description>
              <string>Identify what classes of people are protected by federal law</string>
            </description>
            <intendedEndUserRole>
              <value>teacher</value>
            </intendedEndUserRole>
            <context />
          </educational>
          <imsqti:qtiMetadata>
            <imsqti:interactionType>choiceInteraction</imsqti:interactionType>
            <imsqti:itemTemplate>false</imsqti:itemTemplate>
            <imsqti:timeDependent>false</imsqti:timeDependent>
            <imsqti:composite>false</imsqti:composite>
            <imsqti:solutionAvailable>true</imsqti:solutionAvailable>
            <imsqti:feedbackType>none</imsqti:feedbackType>
          </imsqti:qtiMetadata>
        </lom>
      </metadata>
      <file href="Q18_Multiple_Choice.xml" />
    </resource>
    <resource identifier="ID_QTIExport_Resource_19" type="imsqti_item_xmlv2p1" href="Q19_Multiple_Choice.xml">
      <metadata>
        <lom xmlns="http://ltsc.ieee.org/xsd/LOM">
          <general>
            <title>
              <string>Which of the following is not an important factor in filing a complaint of age discrimination?</string>
            </title>
          </general>
          <educational>
            <description>
              <string>Identify what classes of people are protected by federal law</string>
            </description>
            <intendedEndUserRole>
              <value>teacher</value>
            </intendedEndUserRole>
            <context />
          </educational>
          <imsqti:qtiMetadata>
            <imsqti:interactionType>choiceInteraction</imsqti:interactionType>
            <imsqti:itemTemplate>false</imsqti:itemTemplate>
            <imsqti:timeDependent>false</imsqti:timeDependent>
            <imsqti:composite>false</imsqti:composite>
            <imsqti:solutionAvailable>true</imsqti:solutionAvailable>
            <imsqti:feedbackType>none</imsqti:feedbackType>
          </imsqti:qtiMetadata>
        </lom>
      </metadata>
      <file href="Q19_Multiple_Choice.xml" />
    </resource>
    <resource identifier="ID_QTIExport_Resource_20" type="imsqti_item_xmlv2p1" href="Q20_Multiple_Choice.xml">
      <metadata>
        <lom xmlns="http://ltsc.ieee.org/xsd/LOM">
          <general>
            <title>
              <string>The _______ is thought to be the most important piece of employment legislation since the 1964 Civil Rights Act.</string>
            </title>
          </general>
          <educational>
            <description>
              <string>Identify what classes of people are protected by federal law</string>
            </description>
            <intendedEndUserRole>
              <value>teacher</value>
            </intendedEndUserRole>
            <context />
          </educational>
          <imsqti:qtiMetadata>
            <imsqti:interactionType>choiceInteraction</imsqti:interactionType>
            <imsqti:itemTemplate>false</imsqti:itemTemplate>
            <imsqti:timeDependent>false</imsqti:timeDependent>
            <imsqti:composite>false</imsqti:composite>
            <imsqti:solutionAvailable>true</imsqti:solutionAvailable>
            <imsqti:feedbackType>none</imsqti:feedbackType>
          </imsqti:qtiMetadata>
        </lom>
      </metadata>
      <file href="Q20_Multiple_Choice.xml" />
    </resource>
    <resource identifier="ID_QTIExport_Resource_21" type="imsqti_item_xmlv2p1" href="Q21_Multiple_Choice.xml">
      <metadata>
        <lom xmlns="http://ltsc.ieee.org/xsd/LOM">
          <general>
            <title>
              <string>Though Congress did not provide a list of disabilities, it did define disability in part as "having a record of such impairment." Which of the following "disabilities" would qualify under this part of the definition?</string>
            </title>
          </general>
          <educational>
            <description>
              <string>Identify what classes of people are protected by federal law</string>
            </description>
            <intendedEndUserRole>
              <value>teacher</value>
            </intendedEndUserRole>
            <context />
          </educational>
          <imsqti:qtiMetadata>
            <imsqti:interactionType>choiceInteraction</imsqti:interactionType>
            <imsqti:itemTemplate>false</imsqti:itemTemplate>
            <imsqti:timeDependent>false</imsqti:timeDependent>
            <imsqti:composite>false</imsqti:composite>
            <imsqti:solutionAvailable>true</imsqti:solutionAvailable>
            <imsqti:feedbackType>none</imsqti:feedbackType>
          </imsqti:qtiMetadata>
        </lom>
      </metadata>
      <file href="Q21_Multiple_Choice.xml" />
    </resource>
    <resource identifier="ID_QTIExport_Resource_22" type="imsqti_item_xmlv2p1" href="Q22_Multiple_Choice.xml">
      <metadata>
        <lom xmlns="http://ltsc.ieee.org/xsd/LOM">
          <general>
            <title>
              <string>Though Congress did not provide a list of disabilities, it did define disability in part as "being regarded as having such an impairment." Which of the following "disabilities" would qualify under this part of the definition?</string>
            </title>
          </general>
          <educational>
            <description>
              <string>Identify what classes of people are protected by federal law</string>
            </description>
            <intendedEndUserRole>
              <value>teacher</value>
            </intendedEndUserRole>
            <context />
          </educational>
          <imsqti:qtiMetadata>
            <imsqti:interactionType>choiceInteraction</imsqti:interactionType>
            <imsqti:itemTemplate>false</imsqti:itemTemplate>
            <imsqti:timeDependent>false</imsqti:timeDependent>
            <imsqti:composite>false</imsqti:composite>
            <imsqti:solutionAvailable>true</imsqti:solutionAvailable>
            <imsqti:feedbackType>none</imsqti:feedbackType>
          </imsqti:qtiMetadata>
        </lom>
      </metadata>
      <file href="Q22_Multiple_Choice.xml" />
    </resource>
    <resource identifier="ID_QTIExport_Resource_23" type="imsqti_item_xmlv2p1" href="Q23_Multiple_Choice.xml">
      <metadata>
        <lom xmlns="http://ltsc.ieee.org/xsd/LOM">
          <general>
            <title>
              <string>If a disability keeps a person from performing the _______ of a job, the person does not have to be hired or retained.</string>
            </title>
          </general>
          <educational>
            <description>
              <string>Identify what classes of people are protected by federal law</string>
            </description>
            <intendedEndUserRole>
              <value>teacher</value>
            </intendedEndUserRole>
            <context />
          </educational>
          <imsqti:qtiMetadata>
            <imsqti:interactionType>choiceInteraction</imsqti:interactionType>
            <imsqti:itemTemplate>false</imsqti:itemTemplate>
            <imsqti:timeDependent>false</imsqti:timeDependent>
            <imsqti:composite>false</imsqti:composite>
            <imsqti:solutionAvailable>true</imsqti:solutionAvailable>
            <imsqti:feedbackType>none</imsqti:feedbackType>
          </imsqti:qtiMetadata>
        </lom>
      </metadata>
      <file href="Q23_Multiple_Choice.xml" />
    </resource>
    <resource identifier="ID_QTIExport_Resource_24" type="imsqti_item_xmlv2p1" href="Q24_Multiple_Choice.xml">
      <metadata>
        <lom xmlns="http://ltsc.ieee.org/xsd/LOM">
          <general>
            <title>
              <string>Nagy Industries is considering reserving the best parking spots for employees who are 7 months pregnant. Is this legal?</string>
            </title>
          </general>
          <educational>
            <description>
              <string>Identify what classes of people are protected by federal law</string>
            </description>
            <intendedEndUserRole>
              <value>teacher</value>
            </intendedEndUserRole>
            <context />
          </educational>
          <imsqti:qtiMetadata>
            <imsqti:interactionType>choiceInteraction</imsqti:interactionType>
            <imsqti:itemTemplate>false</imsqti:itemTemplate>
            <imsqti:timeDependent>false</imsqti:timeDependent>
            <imsqti:composite>false</imsqti:composite>
            <imsqti:solutionAvailable>true</imsqti:solutionAvailable>
            <imsqti:feedbackType>none</imsqti:feedbackType>
          </imsqti:qtiMetadata>
        </lom>
      </metadata>
      <file href="Q24_Multiple_Choice.xml" />
    </resource>
    <resource identifier="ID_QTIExport_Resource_25" type="imsqti_item_xmlv2p1" href="Q25_Multiple_Choice.xml">
      <metadata>
        <lom xmlns="http://ltsc.ieee.org/xsd/LOM">
          <general>
            <title>
              <string>If a job can only be performed by a person in a particular class, the requirement is considered:</string>
            </title>
          </general>
          <educational>
            <description>
              <string>The Medical Care Marketplace</string>
            </description>
            <intendedEndUserRole>
              <value>teacher</value>
            </intendedEndUserRole>
            <context />
          </educational>
          <imsqti:qtiMetadata>
            <imsqti:interactionType>choiceInteraction</imsqti:interactionType>
            <imsqti:itemTemplate>false</imsqti:itemTemplate>
            <imsqti:timeDependent>false</imsqti:timeDependent>
            <imsqti:composite>false</imsqti:composite>
            <imsqti:solutionAvailable>true</imsqti:solutionAvailable>
            <imsqti:feedbackType>none</imsqti:feedbackType>
          </imsqti:qtiMetadata>
        </lom>
      </metadata>
      <file href="Q25_Multiple_Choice.xml" />
    </resource>
    <resource identifier="ID_QTIExport_Resource_26" type="imsqti_item_xmlv2p1" href="Q26_Multiple_Choice.xml">
      <metadata>
        <lom xmlns="http://ltsc.ieee.org/xsd/LOM">
          <general>
            <title>
              <string>The courts have clearly ruled that a customer's satisfaction and/or preference ________ used to determine if a job requirement is a BFOQ.</string>
            </title>
          </general>
          <educational>
            <description>
              <string>The Medical Care Marketplace</string>
            </description>
            <intendedEndUserRole>
              <value>teacher</value>
            </intendedEndUserRole>
            <context />
          </educational>
          <imsqti:qtiMetadata>
            <imsqti:interactionType>choiceInteraction</imsqti:interactionType>
            <imsqti:itemTemplate>false</imsqti:itemTemplate>
            <imsqti:timeDependent>false</imsqti:timeDependent>
            <imsqti:composite>false</imsqti:composite>
            <imsqti:solutionAvailable>true</imsqti:solutionAvailable>
            <imsqti:feedbackType>none</imsqti:feedbackType>
          </imsqti:qtiMetadata>
        </lom>
      </metadata>
      <file href="Q26_Multiple_Choice.xml" />
    </resource>
    <resource identifier="ID_QTIExport_Resource_27" type="imsqti_item_xmlv2p1" href="Q27_Multiple_Choice.xml">
      <metadata>
        <lom xmlns="http://ltsc.ieee.org/xsd/LOM">
          <general>
            <title>
              <string>_______ means a particular employment decision results in negative consequences more often for members of one protected group than for another.</string>
            </title>
          </general>
          <educational>
            <description>
              <string>Explain the concept of adverse impact</string>
            </description>
            <intendedEndUserRole>
              <value>teacher</value>
            </intendedEndUserRole>
            <context />
          </educational>
          <imsqti:qtiMetadata>
            <imsqti:interactionType>choiceInteraction</imsqti:interactionType>
            <imsqti:itemTemplate>false</imsqti:itemTemplate>
            <imsqti:timeDependent>false</imsqti:timeDependent>
            <imsqti:composite>false</imsqti:composite>
            <imsqti:solutionAvailable>true</imsqti:solutionAvailable>
            <imsqti:feedbackType>none</imsqti:feedbackType>
          </imsqti:qtiMetadata>
        </lom>
      </metadata>
      <file href="Q27_Multiple_Choice.xml" />
    </resource>
    <resource identifier="ID_QTIExport_Resource_28" type="imsqti_item_xmlv2p1" href="Q28_Multiple_Choice.xml">
      <metadata>
        <lom xmlns="http://ltsc.ieee.org/xsd/LOM">
          <general>
            <title>
              <string>Which of the following can establish practical significance for adverse impact?</string>
            </title>
          </general>
          <educational>
            <description>
              <string>Explain the concept of adverse impact</string>
            </description>
            <intendedEndUserRole>
              <value>teacher</value>
            </intendedEndUserRole>
            <context />
          </educational>
          <imsqti:qtiMetadata>
            <imsqti:interactionType>choiceInteraction</imsqti:interactionType>
            <imsqti:itemTemplate>false</imsqti:itemTemplate>
            <imsqti:timeDependent>false</imsqti:timeDependent>
            <imsqti:composite>false</imsqti:composite>
            <imsqti:solutionAvailable>true</imsqti:solutionAvailable>
            <imsqti:feedbackType>none</imsqti:feedbackType>
          </imsqti:qtiMetadata>
        </lom>
      </metadata>
      <file href="Q28_Multiple_Choice.xml" />
    </resource>
    <resource identifier="ID_QTIExport_Resource_29" type="imsqti_item_xmlv2p1" href="Q29_Multiple_Choice.xml">
      <metadata>
        <lom xmlns="http://ltsc.ieee.org/xsd/LOM">
          <general>
            <title>
              <string>For adverse impact to have practical significance, the minority selection ratio must be less than ____ percent of the majority selection ratio.</string>
            </title>
          </general>
          <educational>
            <description>
              <string>Explain the concept of adverse impact</string>
            </description>
            <intendedEndUserRole>
              <value>teacher</value>
            </intendedEndUserRole>
            <context />
          </educational>
          <imsqti:qtiMetadata>
            <imsqti:interactionType>choiceInteraction</imsqti:interactionType>
            <imsqti:itemTemplate>false</imsqti:itemTemplate>
            <imsqti:timeDependent>false</imsqti:timeDependent>
            <imsqti:composite>false</imsqti:composite>
            <imsqti:solutionAvailable>true</imsqti:solutionAvailable>
            <imsqti:feedbackType>none</imsqti:feedbackType>
          </imsqti:qtiMetadata>
        </lom>
      </metadata>
      <file href="Q29_Multiple_Choice.xml" />
    </resource>
    <resource identifier="ID_QTIExport_Resource_30" type="imsqti_item_xmlv2p1" href="Q30_Multiple_Choice.xml">
      <metadata>
        <lom xmlns="http://ltsc.ieee.org/xsd/LOM">
          <general>
            <title>
              <string>If ____ White applicants and ____ Black applicants were hired, adverse impact would occur.</string>
            </title>
          </general>
          <educational>
            <description>
              <string>Explain the concept of adverse impact</string>
            </description>
            <intendedEndUserRole>
              <value>teacher</value>
            </intendedEndUserRole>
            <context />
          </educational>
          <imsqti:qtiMetadata>
            <imsqti:interactionType>choiceInteraction</imsqti:interactionType>
            <imsqti:itemTemplate>false</imsqti:itemTemplate>
            <imsqti:timeDependent>false</imsqti:timeDependent>
            <imsqti:composite>false</imsqti:composite>
            <imsqti:solutionAvailable>true</imsqti:solutionAvailable>
            <imsqti:feedbackType>none</imsqti:feedbackType>
          </imsqti:qtiMetadata>
        </lom>
      </metadata>
      <file href="Q30_Multiple_Choice.xml" />
    </resource>
    <resource identifier="ID_QTIExport_Resource_31" type="imsqti_item_xmlv2p1" href="Q31_Multiple_Choice.xml">
      <metadata>
        <lom xmlns="http://ltsc.ieee.org/xsd/LOM">
          <general>
            <title>
              <string>An employment practice resulting in adverse impact may still be legal as long as:</string>
            </title>
          </general>
          <educational>
            <description>
              <string>The Medical Care Marketplace</string>
            </description>
            <intendedEndUserRole>
              <value>teacher</value>
            </intendedEndUserRole>
            <context />
          </educational>
          <imsqti:qtiMetadata>
            <imsqti:interactionType>choiceInteraction</imsqti:interactionType>
            <imsqti:itemTemplate>false</imsqti:itemTemplate>
            <imsqti:timeDependent>false</imsqti:timeDependent>
            <imsqti:composite>false</imsqti:composite>
            <imsqti:solutionAvailable>true</imsqti:solutionAvailable>
            <imsqti:feedbackType>none</imsqti:feedbackType>
          </imsqti:qtiMetadata>
        </lom>
      </metadata>
      <file href="Q31_Multiple_Choice.xml" />
    </resource>
    <resource identifier="ID_QTIExport_Resource_32" type="imsqti_item_xmlv2p1" href="Q32_Multiple_Choice.xml">
      <metadata>
        <lom xmlns="http://ltsc.ieee.org/xsd/LOM">
          <general>
            <title>
              <string>Based on the material presented in your text, which of the following is NOT an exception to the requirement of determining that an employment practice is job related?</string>
            </title>
          </general>
          <educational>
            <description>
              <string>The Medical Care Marketplace</string>
            </description>
            <intendedEndUserRole>
              <value>teacher</value>
            </intendedEndUserRole>
            <context />
          </educational>
          <imsqti:qtiMetadata>
            <imsqti:interactionType>choiceInteraction</imsqti:interactionType>
            <imsqti:itemTemplate>false</imsqti:itemTemplate>
            <imsqti:timeDependent>false</imsqti:timeDependent>
            <imsqti:composite>false</imsqti:composite>
            <imsqti:solutionAvailable>true</imsqti:solutionAvailable>
            <imsqti:feedbackType>none</imsqti:feedbackType>
          </imsqti:qtiMetadata>
        </lom>
      </metadata>
      <file href="Q32_Multiple_Choice.xml" />
    </resource>
    <resource identifier="ID_QTIExport_Resource_33" type="imsqti_item_xmlv2p1" href="Q33_Multiple_Choice.xml">
      <metadata>
        <lom xmlns="http://ltsc.ieee.org/xsd/LOM">
          <general>
            <title>
              <string>Which of the following types of harassment are NOT illegal?</string>
            </title>
          </general>
          <educational>
            <description>
              <string>The Medical Care Marketplace</string>
            </description>
            <intendedEndUserRole>
              <value>teacher</value>
            </intendedEndUserRole>
            <context />
          </educational>
          <imsqti:qtiMetadata>
            <imsqti:interactionType>choiceInteraction</imsqti:interactionType>
            <imsqti:itemTemplate>false</imsqti:itemTemplate>
            <imsqti:timeDependent>false</imsqti:timeDependent>
            <imsqti:composite>false</imsqti:composite>
            <imsqti:solutionAvailable>true</imsqti:solutionAvailable>
            <imsqti:feedbackType>none</imsqti:feedbackType>
          </imsqti:qtiMetadata>
        </lom>
      </metadata>
      <file href="Q33_Multiple_Choice.xml" />
    </resource>
    <resource identifier="ID_QTIExport_Resource_34" type="imsqti_item_xmlv2p1" href="Q34_Multiple_Choice.xml">
      <metadata>
        <lom xmlns="http://ltsc.ieee.org/xsd/LOM">
          <general>
            <title>
              <string>A supervisor offering a promotion in exchange for sex would fall under the ______ form of sexual harassment.</string>
            </title>
          </general>
          <educational>
            <description>
              <string>The Medical Care Marketplace</string>
            </description>
            <intendedEndUserRole>
              <value>teacher</value>
            </intendedEndUserRole>
            <context />
          </educational>
          <imsqti:qtiMetadata>
            <imsqti:interactionType>choiceInteraction</imsqti:interactionType>
            <imsqti:itemTemplate>false</imsqti:itemTemplate>
            <imsqti:timeDependent>false</imsqti:timeDependent>
            <imsqti:composite>false</imsqti:composite>
            <imsqti:solutionAvailable>true</imsqti:solutionAvailable>
            <imsqti:feedbackType>none</imsqti:feedbackType>
          </imsqti:qtiMetadata>
        </lom>
      </metadata>
      <file href="Q34_Multiple_Choice.xml" />
    </resource>
    <resource identifier="ID_QTIExport_Resource_35" type="imsqti_item_xmlv2p1" href="Q35_Multiple_Choice.xml">
      <metadata>
        <lom xmlns="http://ltsc.ieee.org/xsd/LOM">
          <general>
            <title>
              <string>In a quid pro quo case of sexual harassment, ____ sexual advance(s) must have been made.</string>
            </title>
          </general>
          <educational>
            <description>
              <string>The Medical Care Marketplace</string>
            </description>
            <intendedEndUserRole>
              <value>teacher</value>
            </intendedEndUserRole>
            <context />
          </educational>
          <imsqti:qtiMetadata>
            <imsqti:interactionType>choiceInteraction</imsqti:interactionType>
            <imsqti:itemTemplate>false</imsqti:itemTemplate>
            <imsqti:timeDependent>false</imsqti:timeDependent>
            <imsqti:composite>false</imsqti:composite>
            <imsqti:solutionAvailable>true</imsqti:solutionAvailable>
            <imsqti:feedbackType>none</imsqti:feedbackType>
          </imsqti:qtiMetadata>
        </lom>
      </metadata>
      <file href="Q35_Multiple_Choice.xml" />
    </resource>
    <resource identifier="ID_QTIExport_Resource_36" type="imsqti_item_xmlv2p1" href="Q36_Multiple_Choice.xml">
      <metadata>
        <lom xmlns="http://ltsc.ieee.org/xsd/LOM">
          <general>
            <title>
              <string>Asking a coworker out on a date is sexual harassment if:</string>
            </title>
          </general>
          <educational>
            <description>
              <string>The Medical Care Marketplace</string>
            </description>
            <intendedEndUserRole>
              <value>teacher</value>
            </intendedEndUserRole>
            <context />
          </educational>
          <imsqti:qtiMetadata>
            <imsqti:interactionType>choiceInteraction</imsqti:interactionType>
            <imsqti:itemTemplate>false</imsqti:itemTemplate>
            <imsqti:timeDependent>false</imsqti:timeDependent>
            <imsqti:composite>false</imsqti:composite>
            <imsqti:solutionAvailable>true</imsqti:solutionAvailable>
            <imsqti:feedbackType>none</imsqti:feedbackType>
          </imsqti:qtiMetadata>
        </lom>
      </metadata>
      <file href="Q36_Multiple_Choice.xml" />
    </resource>
    <resource identifier="ID_QTIExport_Resource_37" type="imsqti_item_xmlv2p1" href="Q37_Multiple_Choice.xml">
      <metadata>
        <lom xmlns="http://ltsc.ieee.org/xsd/LOM">
          <general>
            <title>
              <string>Which of the following is not a required component of a sexual harassment policy?</string>
            </title>
          </general>
          <educational>
            <description>
              <string>The Medical Care Marketplace</string>
            </description>
            <intendedEndUserRole>
              <value>teacher</value>
            </intendedEndUserRole>
            <context />
          </educational>
          <imsqti:qtiMetadata>
            <imsqti:interactionType>choiceInteraction</imsqti:interactionType>
            <imsqti:itemTemplate>false</imsqti:itemTemplate>
            <imsqti:timeDependent>false</imsqti:timeDependent>
            <imsqti:composite>false</imsqti:composite>
            <imsqti:solutionAvailable>true</imsqti:solutionAvailable>
            <imsqti:feedbackType>none</imsqti:feedbackType>
          </imsqti:qtiMetadata>
        </lom>
      </metadata>
      <file href="Q37_Multiple_Choice.xml" />
    </resource>
    <resource identifier="ID_QTIExport_Resource_38" type="imsqti_item_xmlv2p1" href="Q38_Multiple_Choice.xml">
      <metadata>
        <lom xmlns="http://ltsc.ieee.org/xsd/LOM">
          <general>
            <title>
              <string>Sexual harassment results in all of the following except:</string>
            </title>
          </general>
          <educational>
            <description>
              <string>The Medical Care Marketplace</string>
            </description>
            <intendedEndUserRole>
              <value>teacher</value>
            </intendedEndUserRole>
            <context />
          </educational>
          <imsqti:qtiMetadata>
            <imsqti:interactionType>choiceInteraction</imsqti:interactionType>
            <imsqti:itemTemplate>false</imsqti:itemTemplate>
            <imsqti:timeDependent>false</imsqti:timeDependent>
            <imsqti:composite>false</imsqti:composite>
            <imsqti:solutionAvailable>true</imsqti:solutionAvailable>
            <imsqti:feedbackType>none</imsqti:feedbackType>
          </imsqti:qtiMetadata>
        </lom>
      </metadata>
      <file href="Q38_Multiple_Choice.xml" />
    </resource>
    <resource identifier="ID_QTIExport_Resource_39" type="imsqti_item_xmlv2p1" href="Q39_Multiple_Choice.xml">
      <metadata>
        <lom xmlns="http://ltsc.ieee.org/xsd/LOM">
          <general>
            <title>
              <string>Employees using the Family Medical Leave Act (FMLA) must:</string>
            </title>
          </general>
          <educational>
            <description>
              <string>The Medical Care Marketplace</string>
            </description>
            <intendedEndUserRole>
              <value>teacher</value>
            </intendedEndUserRole>
            <context />
          </educational>
          <imsqti:qtiMetadata>
            <imsqti:interactionType>choiceInteraction</imsqti:interactionType>
            <imsqti:itemTemplate>false</imsqti:itemTemplate>
            <imsqti:timeDependent>false</imsqti:timeDependent>
            <imsqti:composite>false</imsqti:composite>
            <imsqti:solutionAvailable>true</imsqti:solutionAvailable>
            <imsqti:feedbackType>none</imsqti:feedbackType>
          </imsqti:qtiMetadata>
        </lom>
      </metadata>
      <file href="Q39_Multiple_Choice.xml" />
    </resource>
    <resource identifier="ID_QTIExport_Resource_40" type="imsqti_item_xmlv2p1" href="Q40_Multiple_Choice.xml">
      <metadata>
        <lom xmlns="http://ltsc.ieee.org/xsd/LOM">
          <general>
            <title>
              <string>Jean is the chief financial officer at Reilly, Inc. Jean has worked there 3 years and wants to take 4 weeks of unpaid leave to have a baby. Jean gave the company 45 days notice but they rejected the request. Under the FMLA, the company can do this because</string>
            </title>
          </general>
          <educational>
            <description>
              <string>The Medical Care Marketplace</string>
            </description>
            <intendedEndUserRole>
              <value>teacher</value>
            </intendedEndUserRole>
            <context />
          </educational>
          <imsqti:qtiMetadata>
            <imsqti:interactionType>choiceInteraction</imsqti:interactionType>
            <imsqti:itemTemplate>false</imsqti:itemTemplate>
            <imsqti:timeDependent>false</imsqti:timeDependent>
            <imsqti:composite>false</imsqti:composite>
            <imsqti:solutionAvailable>true</imsqti:solutionAvailable>
            <imsqti:feedbackType>none</imsqti:feedbackType>
          </imsqti:qtiMetadata>
        </lom>
      </metadata>
      <file href="Q40_Multiple_Choice.xml" />
    </resource>
    <resource identifier="ID_QTIExport_Resource_41" type="imsqti_item_xmlv2p1" href="Q41_Multiple_Choice.xml">
      <metadata>
        <lom xmlns="http://ltsc.ieee.org/xsd/LOM">
          <general>
            <title>
              <string>There are several affirmative action strategies an employer could use. If an employer advertised in magazines and newspapers with a primarily Hispanic or Latinx readership, it would be using which of the following strategies?</string>
            </title>
          </general>
          <educational>
            <description>
              <string>Define affirmative action</string>
            </description>
            <intendedEndUserRole>
              <value>teacher</value>
            </intendedEndUserRole>
            <context />
          </educational>
          <imsqti:qtiMetadata>
            <imsqti:interactionType>choiceInteraction</imsqti:interactionType>
            <imsqti:itemTemplate>false</imsqti:itemTemplate>
            <imsqti:timeDependent>false</imsqti:timeDependent>
            <imsqti:composite>false</imsqti:composite>
            <imsqti:solutionAvailable>true</imsqti:solutionAvailable>
            <imsqti:feedbackType>none</imsqti:feedbackType>
          </imsqti:qtiMetadata>
        </lom>
      </metadata>
      <file href="Q41_Multiple_Choice.xml" />
    </resource>
    <resource identifier="ID_QTIExport_Resource_42" type="imsqti_item_xmlv2p1" href="Q42_Multiple_Choice.xml">
      <metadata>
        <lom xmlns="http://ltsc.ieee.org/xsd/LOM">
          <general>
            <title>
              <string>Which of the affirmative action strategies would involve an employer changing the company policy or the way an organization is decorated?</string>
            </title>
          </general>
          <educational>
            <description>
              <string>Define affirmative action</string>
            </description>
            <intendedEndUserRole>
              <value>teacher</value>
            </intendedEndUserRole>
            <context />
          </educational>
          <imsqti:qtiMetadata>
            <imsqti:interactionType>choiceInteraction</imsqti:interactionType>
            <imsqti:itemTemplate>false</imsqti:itemTemplate>
            <imsqti:timeDependent>false</imsqti:timeDependent>
            <imsqti:composite>false</imsqti:composite>
            <imsqti:solutionAvailable>true</imsqti:solutionAvailable>
            <imsqti:feedbackType>none</imsqti:feedbackType>
          </imsqti:qtiMetadata>
        </lom>
      </metadata>
      <file href="Q42_Multiple_Choice.xml" />
    </resource>
    <resource identifier="ID_QTIExport_Resource_43" type="imsqti_item_xmlv2p1" href="Q43_Multiple_Choice.xml">
      <metadata>
        <lom xmlns="http://ltsc.ieee.org/xsd/LOM">
          <general>
            <title>
              <string>Organizations have affirmative action plans for one of four reasons. Which of the following is NOT one of the four reasons?</string>
            </title>
          </general>
          <educational>
            <description>
              <string>Define affirmative action</string>
            </description>
            <intendedEndUserRole>
              <value>teacher</value>
            </intendedEndUserRole>
            <context />
          </educational>
          <imsqti:qtiMetadata>
            <imsqti:interactionType>choiceInteraction</imsqti:interactionType>
            <imsqti:itemTemplate>false</imsqti:itemTemplate>
            <imsqti:timeDependent>false</imsqti:timeDependent>
            <imsqti:composite>false</imsqti:composite>
            <imsqti:solutionAvailable>true</imsqti:solutionAvailable>
            <imsqti:feedbackType>none</imsqti:feedbackType>
          </imsqti:qtiMetadata>
        </lom>
      </metadata>
      <file href="Q43_Multiple_Choice.xml" />
    </resource>
    <resource identifier="ID_QTIExport_Resource_44" type="imsqti_item_xmlv2p1" href="Q44_Multiple_Choice.xml">
      <metadata>
        <lom xmlns="http://ltsc.ieee.org/xsd/LOM">
          <general>
            <title>
              <string>With a _______, the organization agrees with a judge that it has not hired or promoted enough members of a protected class and is willing to make changes.</string>
            </title>
          </general>
          <educational>
            <description>
              <string>Define affirmative action</string>
            </description>
            <intendedEndUserRole>
              <value>teacher</value>
            </intendedEndUserRole>
            <context />
          </educational>
          <imsqti:qtiMetadata>
            <imsqti:interactionType>choiceInteraction</imsqti:interactionType>
            <imsqti:itemTemplate>false</imsqti:itemTemplate>
            <imsqti:timeDependent>false</imsqti:timeDependent>
            <imsqti:composite>false</imsqti:composite>
            <imsqti:solutionAvailable>true</imsqti:solutionAvailable>
            <imsqti:feedbackType>none</imsqti:feedbackType>
          </imsqti:qtiMetadata>
        </lom>
      </metadata>
      <file href="Q44_Multiple_Choice.xml" />
    </resource>
    <resource identifier="ID_QTIExport_Resource_45" type="imsqti_item_xmlv2p1" href="Q45_Multiple_Choice.xml">
      <metadata>
        <lom xmlns="http://ltsc.ieee.org/xsd/LOM">
          <general>
            <title>
              <string>Which of the following populations is used to statistically determine discrimination?</string>
            </title>
          </general>
          <educational>
            <description>
              <string>Define affirmative action</string>
            </description>
            <intendedEndUserRole>
              <value>teacher</value>
            </intendedEndUserRole>
            <context />
          </educational>
          <imsqti:qtiMetadata>
            <imsqti:interactionType>choiceInteraction</imsqti:interactionType>
            <imsqti:itemTemplate>false</imsqti:itemTemplate>
            <imsqti:timeDependent>false</imsqti:timeDependent>
            <imsqti:composite>false</imsqti:composite>
            <imsqti:solutionAvailable>true</imsqti:solutionAvailable>
            <imsqti:feedbackType>none</imsqti:feedbackType>
          </imsqti:qtiMetadata>
        </lom>
      </metadata>
      <file href="Q45_Multiple_Choice.xml" />
    </resource>
    <resource identifier="ID_QTIExport_Resource_46" type="imsqti_item_xmlv2p1" href="Q46_Multiple_Choice.xml">
      <metadata>
        <lom xmlns="http://ltsc.ieee.org/xsd/LOM">
          <general>
            <title>
              <string>AT&amp;G does not have any women employees. Ann Smith applied for a job as a machine operator. Though she did not obtain the minimum score of 40 on the machine operator test, AT&amp;G plans to hire her as part of their new affirmative action plan. There ar</string>
            </title>
          </general>
          <educational>
            <description>
              <string>Define affirmative action</string>
            </description>
            <intendedEndUserRole>
              <value>teacher</value>
            </intendedEndUserRole>
            <context />
          </educational>
          <imsqti:qtiMetadata>
            <imsqti:interactionType>choiceInteraction</imsqti:interactionType>
            <imsqti:itemTemplate>false</imsqti:itemTemplate>
            <imsqti:timeDependent>false</imsqti:timeDependent>
            <imsqti:composite>false</imsqti:composite>
            <imsqti:solutionAvailable>true</imsqti:solutionAvailable>
            <imsqti:feedbackType>none</imsqti:feedbackType>
          </imsqti:qtiMetadata>
        </lom>
      </metadata>
      <file href="Q46_Multiple_Choice.xml" />
    </resource>
    <resource identifier="ID_QTIExport_Resource_47" type="imsqti_item_xmlv2p1" href="Q47_Multiple_Choice.xml">
      <metadata>
        <lom xmlns="http://ltsc.ieee.org/xsd/LOM">
          <general>
            <title>
              <string>Research has indicated that employees hired due to affirmative action programs are perceived by coworkers as:</string>
            </title>
          </general>
          <educational>
            <description>
              <string>Define affirmative action</string>
            </description>
            <intendedEndUserRole>
              <value>teacher</value>
            </intendedEndUserRole>
            <context />
          </educational>
          <imsqti:qtiMetadata>
            <imsqti:interactionType>choiceInteraction</imsqti:interactionType>
            <imsqti:itemTemplate>false</imsqti:itemTemplate>
            <imsqti:timeDependent>false</imsqti:timeDependent>
            <imsqti:composite>false</imsqti:composite>
            <imsqti:solutionAvailable>true</imsqti:solutionAvailable>
            <imsqti:feedbackType>none</imsqti:feedbackType>
          </imsqti:qtiMetadata>
        </lom>
      </metadata>
      <file href="Q47_Multiple_Choice.xml" />
    </resource>
    <resource identifier="ID_QTIExport_Resource_48" type="imsqti_item_xmlv2p1" href="Q48_Multiple_Choice.xml">
      <metadata>
        <lom xmlns="http://ltsc.ieee.org/xsd/LOM">
          <general>
            <title>
              <string>The ______ protects against unreasonable search and seizure.</string>
            </title>
          </general>
          <educational>
            <description>
              <string>Describe the important issues involving employee privacy rights</string>
            </description>
            <intendedEndUserRole>
              <value>teacher</value>
            </intendedEndUserRole>
            <context />
          </educational>
          <imsqti:qtiMetadata>
            <imsqti:interactionType>choiceInteraction</imsqti:interactionType>
            <imsqti:itemTemplate>false</imsqti:itemTemplate>
            <imsqti:timeDependent>false</imsqti:timeDependent>
            <imsqti:composite>false</imsqti:composite>
            <imsqti:solutionAvailable>true</imsqti:solutionAvailable>
            <imsqti:feedbackType>none</imsqti:feedbackType>
          </imsqti:qtiMetadata>
        </lom>
      </metadata>
      <file href="Q48_Multiple_Choice.xml" />
    </resource>
    <resource identifier="ID_QTIExport_Resource_49" type="imsqti_item_xmlv2p1" href="Q49_Multiple_Choice.xml">
      <metadata>
        <lom xmlns="http://ltsc.ieee.org/xsd/LOM">
          <general>
            <title>
              <string>When rendering decisions involving the 4th Amendment, as it applies to drug testing, courts have based their decisions on all of the following factors except:</string>
            </title>
          </general>
          <educational>
            <description>
              <string>Describe the important issues involving employee privacy rights</string>
            </description>
            <intendedEndUserRole>
              <value>teacher</value>
            </intendedEndUserRole>
            <context />
          </educational>
          <imsqti:qtiMetadata>
            <imsqti:interactionType>choiceInteraction</imsqti:interactionType>
            <imsqti:itemTemplate>false</imsqti:itemTemplate>
            <imsqti:timeDependent>false</imsqti:timeDependent>
            <imsqti:composite>false</imsqti:composite>
            <imsqti:solutionAvailable>true</imsqti:solutionAvailable>
            <imsqti:feedbackType>none</imsqti:feedbackType>
          </imsqti:qtiMetadata>
        </lom>
      </metadata>
      <file href="Q49_Multiple_Choice.xml" />
    </resource>
    <resource identifier="ID_QTIExport_Resource_50" type="imsqti_item_xmlv2p1" href="Q50_Multiple_Choice.xml">
      <metadata>
        <lom xmlns="http://ltsc.ieee.org/xsd/LOM">
          <general>
            <title>
              <string>Allowing employees to _________ removes the right of the organization to search the lockers.</string>
            </title>
          </general>
          <educational>
            <description>
              <string>Describe the important issues involving employee privacy rights</string>
            </description>
            <intendedEndUserRole>
              <value>teacher</value>
            </intendedEndUserRole>
            <context />
          </educational>
          <imsqti:qtiMetadata>
            <imsqti:interactionType>choiceInteraction</imsqti:interactionType>
            <imsqti:itemTemplate>false</imsqti:itemTemplate>
            <imsqti:timeDependent>false</imsqti:timeDependent>
            <imsqti:composite>false</imsqti:composite>
            <imsqti:solutionAvailable>true</imsqti:solutionAvailable>
            <imsqti:feedbackType>none</imsqti:feedbackType>
          </imsqti:qtiMetadata>
        </lom>
      </metadata>
      <file href="Q50_Multiple_Choice.xml" />
    </resource>
    <resource identifier="ID_QTIExport_Resource_51" type="imsqti_item_xmlv2p1" href="Q51_Multiple_Choice.xml">
      <metadata>
        <lom xmlns="http://ltsc.ieee.org/xsd/LOM">
          <general>
            <title>
              <string>A test asking questions about sexual orientation or belief in God might be illegal due to:</string>
            </title>
          </general>
          <educational>
            <description>
              <string>Describe the important issues involving employee privacy rights</string>
            </description>
            <intendedEndUserRole>
              <value>teacher</value>
            </intendedEndUserRole>
            <context />
          </educational>
          <imsqti:qtiMetadata>
            <imsqti:interactionType>choiceInteraction</imsqti:interactionType>
            <imsqti:itemTemplate>false</imsqti:itemTemplate>
            <imsqti:timeDependent>false</imsqti:timeDependent>
            <imsqti:composite>false</imsqti:composite>
            <imsqti:solutionAvailable>true</imsqti:solutionAvailable>
            <imsqti:feedbackType>none</imsqti:feedbackType>
          </imsqti:qtiMetadata>
        </lom>
      </metadata>
      <file href="Q51_Multiple_Choice.xml" />
    </resource>
    <resource identifier="ID_QTIExport_Resource_52" type="imsqti_item_xmlv2p1" href="Q52_Multiple_Choice.xml">
      <metadata>
        <lom xmlns="http://ltsc.ieee.org/xsd/LOM">
          <general>
            <title>
              <string>The case law most pertinent to privacy issues and psychological testing is:</string>
            </title>
          </general>
          <educational>
            <description>
              <string>Describe the important issues involving employee privacy rights</string>
            </description>
            <intendedEndUserRole>
              <value>teacher</value>
            </intendedEndUserRole>
            <context />
          </educational>
          <imsqti:qtiMetadata>
            <imsqti:interactionType>choiceInteraction</imsqti:interactionType>
            <imsqti:itemTemplate>false</imsqti:itemTemplate>
            <imsqti:timeDependent>false</imsqti:timeDependent>
            <imsqti:composite>false</imsqti:composite>
            <imsqti:solutionAvailable>true</imsqti:solutionAvailable>
            <imsqti:feedbackType>none</imsqti:feedbackType>
          </imsqti:qtiMetadata>
        </lom>
      </metadata>
      <file href="Q52_Multiple_Choice.xml" />
    </resource>
    <resource identifier="ID_QTIExport_Resource_53" type="imsqti_item_xmlv2p1" href="Q53_Objective_Short_Answer.xml">
      <metadata>
        <lom xmlns="http://ltsc.ieee.org/xsd/LOM">
          <general>
            <title>
              <string>What are the federally protected classes?</string>
            </title>
          </general>
          <educational>
            <description>
              <string>Identify what classes of people are protected by federal law</string>
            </description>
            <intendedEndUserRole>
              <value>teacher</value>
            </intendedEndUserRole>
            <context />
          </educational>
          <imsqti:qtiMetadata>
            <imsqti:interactionType>extendedTextInteraction</imsqti:interactionType>
            <imsqti:itemTemplate>false</imsqti:itemTemplate>
            <imsqti:timeDependent>false</imsqti:timeDependent>
            <imsqti:composite>false</imsqti:composite>
            <imsqti:solutionAvailable>true</imsqti:solutionAvailable>
            <imsqti:feedbackType>none</imsqti:feedbackType>
          </imsqti:qtiMetadata>
        </lom>
      </metadata>
      <file href="Q53_Objective_Short_Answer.xml" />
    </resource>
    <resource identifier="ID_QTIExport_Resource_54" type="imsqti_item_xmlv2p1" href="Q54_Objective_Short_Answer.xml">
      <metadata>
        <lom xmlns="http://ltsc.ieee.org/xsd/LOM">
          <general>
            <title>
              <string>What employment practices are most subject to invasion of privacy issues?</string>
            </title>
          </general>
          <educational>
            <description>
              <string>Describe the important issues involving employee privacy rights</string>
            </description>
            <intendedEndUserRole>
              <value>teacher</value>
            </intendedEndUserRole>
            <context />
          </educational>
          <imsqti:qtiMetadata>
            <imsqti:interactionType>extendedTextInteraction</imsqti:interactionType>
            <imsqti:itemTemplate>false</imsqti:itemTemplate>
            <imsqti:timeDependent>false</imsqti:timeDependent>
            <imsqti:composite>false</imsqti:composite>
            <imsqti:solutionAvailable>true</imsqti:solutionAvailable>
            <imsqti:feedbackType>none</imsqti:feedbackType>
          </imsqti:qtiMetadata>
        </lom>
      </metadata>
      <file href="Q54_Objective_Short_Answer.xml" />
    </resource>
    <resource identifier="ID_QTIExport_Resource_55" type="imsqti_item_xmlv2p1" href="Q55_Objective_Short_Answer.xml">
      <metadata>
        <lom xmlns="http://ltsc.ieee.org/xsd/LOM">
          <general>
            <title>
              <string>What are the two types of sexual harassment?</string>
            </title>
          </general>
          <educational>
            <description>
              <string>The Medical Care Marketplace</string>
            </description>
            <intendedEndUserRole>
              <value>teacher</value>
            </intendedEndUserRole>
            <context />
          </educational>
          <imsqti:qtiMetadata>
            <imsqti:interactionType>extendedTextInteraction</imsqti:interactionType>
            <imsqti:itemTemplate>false</imsqti:itemTemplate>
            <imsqti:timeDependent>false</imsqti:timeDependent>
            <imsqti:composite>false</imsqti:composite>
            <imsqti:solutionAvailable>true</imsqti:solutionAvailable>
            <imsqti:feedbackType>none</imsqti:feedbackType>
          </imsqti:qtiMetadata>
        </lom>
      </metadata>
      <file href="Q55_Objective_Short_Answer.xml" />
    </resource>
    <resource identifier="ID_QTIExport_Resource_56" type="imsqti_item_xmlv2p1" href="Q56_Objective_Short_Answer.xml">
      <metadata>
        <lom xmlns="http://ltsc.ieee.org/xsd/LOM">
          <general>
            <title>
              <string>What are the three major affirmative action strategies?</string>
            </title>
          </general>
          <educational>
            <description>
              <string>Define affirmative action</string>
            </description>
            <intendedEndUserRole>
              <value>teacher</value>
            </intendedEndUserRole>
            <context />
          </educational>
          <imsqti:qtiMetadata>
            <imsqti:interactionType>extendedTextInteraction</imsqti:interactionType>
            <imsqti:itemTemplate>false</imsqti:itemTemplate>
            <imsqti:timeDependent>false</imsqti:timeDependent>
            <imsqti:composite>false</imsqti:composite>
            <imsqti:solutionAvailable>true</imsqti:solutionAvailable>
            <imsqti:feedbackType>none</imsqti:feedbackType>
          </imsqti:qtiMetadata>
        </lom>
      </metadata>
      <file href="Q56_Objective_Short_Answer.xml" />
    </resource>
    <resource identifier="ID_QTIExport_Resource_57" type="imsqti_item_xmlv2p1" href="Q57_Objective_Short_Answer.xml">
      <metadata>
        <lom xmlns="http://ltsc.ieee.org/xsd/LOM">
          <general>
            <title>
              <string>What are the four common reasons for affirmative action plans?</string>
            </title>
          </general>
          <educational>
            <description>
              <string>Define affirmative action</string>
            </description>
            <intendedEndUserRole>
              <value>teacher</value>
            </intendedEndUserRole>
            <context />
          </educational>
          <imsqti:qtiMetadata>
            <imsqti:interactionType>extendedTextInteraction</imsqti:interactionType>
            <imsqti:itemTemplate>false</imsqti:itemTemplate>
            <imsqti:timeDependent>false</imsqti:timeDependent>
            <imsqti:composite>false</imsqti:composite>
            <imsqti:solutionAvailable>true</imsqti:solutionAvailable>
            <imsqti:feedbackType>none</imsqti:feedbackType>
          </imsqti:qtiMetadata>
        </lom>
      </metadata>
      <file href="Q57_Objective_Short_Answer.xml" />
    </resource>
    <resource identifier="ID_QTIExport_Resource_58" type="imsqti_item_xmlv2p1" href="Q58_Objective_Short_Answer.xml">
      <metadata>
        <lom xmlns="http://ltsc.ieee.org/xsd/LOM">
          <general>
            <title>
              <string>What are the five key issues in determining the legality of an affirmative action plan involving preferential hiring or promotion of minorities?</string>
            </title>
          </general>
          <educational>
            <description>
              <string>Define affirmative action</string>
            </description>
            <intendedEndUserRole>
              <value>teacher</value>
            </intendedEndUserRole>
            <context />
          </educational>
          <imsqti:qtiMetadata>
            <imsqti:interactionType>extendedTextInteraction</imsqti:interactionType>
            <imsqti:itemTemplate>false</imsqti:itemTemplate>
            <imsqti:timeDependent>false</imsqti:timeDependent>
            <imsqti:composite>false</imsqti:composite>
            <imsqti:solutionAvailable>true</imsqti:solutionAvailable>
            <imsqti:feedbackType>none</imsqti:feedbackType>
          </imsqti:qtiMetadata>
        </lom>
      </metadata>
      <file href="Q58_Objective_Short_Answer.xml" />
    </resource>
  </resources>
</manifest>