﻿<?xml version="1.0" encoding="UTF-8"?>
<assessmentItem xmlns:xsi="http://www.w3.org/2001/XMLSchema-instance" xmlns="http://www.imsglobal.org/xsd/imsqti_v2p1" xsi:schemaLocation="http://www.imsglobal.org/xsd/imsqti_v2p1 http://www.imsglobal.org/xsd/qti/qtiv2p1/imsqti_v2p1p2.xsd" identifier="test-item10" title="The 1964 Civil Rights Act (Title VII) and its 1972 and 1991 amendments do not cover:" adaptive="false" timeDependent="false">
  <responseDeclaration identifier="RESPONSE" cardinality="single" baseType="identifier">
    <correctResponse>
      <value>C3</value>
    </correctResponse>
  </responseDeclaration>
  <outcomeDeclaration identifier="SCORE" cardinality="single" baseType="integer" />
  <itemBody>
    <choiceInteraction responseIdentifier="RESPONSE" shuffle="true" maxChoices="1">
      <prompt>
        <span>
          <span>The 1964 Civil Rights Act (Title VII) and its 1972 and 1991 amendments do not cover:</span>
        </span>
      </prompt>
      <simpleChoice identifier="C0">
        <span>
          <span>unintentional discrimination</span>
        </span>
      </simpleChoice>
      <simpleChoice identifier="C1">
        <span>
          <span>race, color, sex, religion, national origin</span>
        </span>
      </simpleChoice>
      <simpleChoice identifier="C2">
        <span>
          <span>companies with 15 or more people</span>
        </span>
      </simpleChoice>
      <simpleChoice identifier="C3">
        <span>
          <span>marital status</span>
        </span>
      </simpleChoice>
    </choiceInteraction>
  </itemBody>
  <responseProcessing>
    <responseCondition>
      <responseIf>
        <match>
          <variable identifier="RESPONSE" />
          <correct identifier="RESPONSE" />
        </match>
        <setOutcomeValue identifier="SCORE">
          <baseValue baseType="integer">1</baseValue>
        </setOutcomeValue>
      </responseIf>
      <responseElse>
        <setOutcomeValue identifier="SCORE">
          <baseValue baseType="integer">0</baseValue>
        </setOutcomeValue>
      </responseElse>
    </responseCondition>
  </responseProcessing>
</assessmentItem>