﻿<?xml version="1.0" encoding="UTF-8"?>
<assessmentItem xmlns:xsi="http://www.w3.org/2001/XMLSchema-instance" xmlns="http://www.imsglobal.org/xsd/imsqti_v2p1" xsi:schemaLocation="http://www.imsglobal.org/xsd/imsqti_v2p1 http://www.imsglobal.org/xsd/qti/qtiv2p1/imsqti_v2p1p2.xsd" identifier="test-item15" title="All employees at Wally World Amusement Park are required to work on weekends because that is when 80% of the customers visit the park. Janice likes to go to church on Sunday morning and asks that she not have to work on Sunday. Must the park accommodate he" adaptive="false" timeDependent="false">
  <responseDeclaration identifier="RESPONSE" cardinality="single" baseType="identifier">
    <correctResponse>
      <value>C1</value>
    </correctResponse>
  </responseDeclaration>
  <outcomeDeclaration identifier="SCORE" cardinality="single" baseType="integer" />
  <itemBody>
    <choiceInteraction responseIdentifier="RESPONSE" shuffle="true" maxChoices="1">
      <prompt>
        <span>
          <span>All employees at Wally World Amusement Park are required to work on weekends because that is when 80% of the customers visit the park. Janice likes to go to church on Sunday morning and asks that she not have to work on Sunday. Must the park accommodate her request?</span>
        </span>
      </prompt>
      <simpleChoice identifier="C0">
        <span>
          <span>Yes, religious accommodations must always be made</span>
        </span>
      </simpleChoice>
      <simpleChoice identifier="C1">
        <span>
          <span>No, because going to church in the morning is a preference and Janice can go in the evening</span>
        </span>
      </simpleChoice>
      <simpleChoice identifier="C2">
        <span>
          <span>No, private sector organizations are not required to accommodate days of worship</span>
        </span>
      </simpleChoice>
      <simpleChoice identifier="C3">
        <span>
          <span>Yes, preferences for days and time of worship are protected</span>
        </span>
      </simpleChoice>
    </choiceInteraction>
  </itemBody>
  <responseProcessing>
    <responseCondition>
      <responseIf>
        <match>
          <variable identifier="RESPONSE" />
          <correct identifier="RESPONSE" />
        </match>
        <setOutcomeValue identifier="SCORE">
          <baseValue baseType="integer">1</baseValue>
        </setOutcomeValue>
      </responseIf>
      <responseElse>
        <setOutcomeValue identifier="SCORE">
          <baseValue baseType="integer">0</baseValue>
        </setOutcomeValue>
      </responseElse>
    </responseCondition>
  </responseProcessing>
</assessmentItem>