﻿<?xml version="1.0" encoding="UTF-8"?>
<assessmentItem xmlns:xsi="http://www.w3.org/2001/XMLSchema-instance" xmlns="http://www.imsglobal.org/xsd/imsqti_v2p1" xsi:schemaLocation="http://www.imsglobal.org/xsd/imsqti_v2p1 http://www.imsglobal.org/xsd/qti/qtiv2p1/imsqti_v2p1p2.xsd" identifier="test-item26" title="The courts have clearly ruled that a customer's satisfaction and/or preference ________ used to determine if a job requirement is a BFOQ." adaptive="false" timeDependent="false">
  <responseDeclaration identifier="RESPONSE" cardinality="single" baseType="identifier">
    <correctResponse>
      <value>C2</value>
    </correctResponse>
  </responseDeclaration>
  <outcomeDeclaration identifier="SCORE" cardinality="single" baseType="integer" />
  <itemBody>
    <choiceInteraction responseIdentifier="RESPONSE" shuffle="true" maxChoices="1">
      <prompt>
        <span>
          <span>The courts have clearly ruled that a customer's satisfaction and/or preference ________ used to determine if a job requirement is a BFOQ.</span>
        </span>
      </prompt>
      <simpleChoice identifier="C0">
        <span>
          <span>should be</span>
        </span>
      </simpleChoice>
      <simpleChoice identifier="C1">
        <span>
          <span>must be</span>
        </span>
      </simpleChoice>
      <simpleChoice identifier="C2">
        <span>
          <span>cannot be</span>
        </span>
      </simpleChoice>
      <simpleChoice identifier="C3">
        <span>
          <span>none of these; the courts haven't ruled on this issue</span>
        </span>
      </simpleChoice>
    </choiceInteraction>
  </itemBody>
  <responseProcessing>
    <responseCondition>
      <responseIf>
        <match>
          <variable identifier="RESPONSE" />
          <correct identifier="RESPONSE" />
        </match>
        <setOutcomeValue identifier="SCORE">
          <baseValue baseType="integer">1</baseValue>
        </setOutcomeValue>
      </responseIf>
      <responseElse>
        <setOutcomeValue identifier="SCORE">
          <baseValue baseType="integer">0</baseValue>
        </setOutcomeValue>
      </responseElse>
    </responseCondition>
  </responseProcessing>
</assessmentItem>