﻿<?xml version="1.0" encoding="UTF-8"?>
<assessmentItem xmlns:xsi="http://www.w3.org/2001/XMLSchema-instance" xmlns="http://www.imsglobal.org/xsd/imsqti_v2p1" xsi:schemaLocation="http://www.imsglobal.org/xsd/imsqti_v2p1 http://www.imsglobal.org/xsd/qti/qtiv2p1/imsqti_v2p1p2.xsd" identifier="test-item30" title="If ____ White applicants and ____ Black applicants were hired, adverse impact would occur." adaptive="false" timeDependent="false">
  <responseDeclaration identifier="RESPONSE" cardinality="single" baseType="identifier">
    <correctResponse>
      <value>C1</value>
    </correctResponse>
  </responseDeclaration>
  <outcomeDeclaration identifier="SCORE" cardinality="single" baseType="integer" />
  <itemBody>
    <choiceInteraction responseIdentifier="RESPONSE" shuffle="true" maxChoices="1">
      <prompt>
        <span>
          <span>If ____ White applicants and ____ Black applicants were hired, adverse impact would occur.</span>
        </span>
      </prompt>
      <simpleChoice identifier="C0">
        <span>
          <span>35 of 50 / 12 of 20</span>
        </span>
      </simpleChoice>
      <simpleChoice identifier="C1">
        <span>
          <span>15 of 50 / 2 of 25</span>
        </span>
      </simpleChoice>
      <simpleChoice identifier="C2">
        <span>
          <span>12 of 24 / 11 of 25</span>
        </span>
      </simpleChoice>
      <simpleChoice identifier="C3">
        <span>
          <span>12 of 20 / 35 of 50</span>
        </span>
      </simpleChoice>
    </choiceInteraction>
  </itemBody>
  <responseProcessing>
    <responseCondition>
      <responseIf>
        <match>
          <variable identifier="RESPONSE" />
          <correct identifier="RESPONSE" />
        </match>
        <setOutcomeValue identifier="SCORE">
          <baseValue baseType="integer">1</baseValue>
        </setOutcomeValue>
      </responseIf>
      <responseElse>
        <setOutcomeValue identifier="SCORE">
          <baseValue baseType="integer">0</baseValue>
        </setOutcomeValue>
      </responseElse>
    </responseCondition>
  </responseProcessing>
</assessmentItem>