﻿<?xml version="1.0" encoding="UTF-8"?>
<assessmentItem xmlns:xsi="http://www.w3.org/2001/XMLSchema-instance" xmlns="http://www.imsglobal.org/xsd/imsqti_v2p1" xsi:schemaLocation="http://www.imsglobal.org/xsd/imsqti_v2p1 http://www.imsglobal.org/xsd/qti/qtiv2p1/imsqti_v2p1p2.xsd" identifier="test-item34" title="A supervisor offering a promotion in exchange for sex would fall under the ______ form of sexual harassment." adaptive="false" timeDependent="false">
  <responseDeclaration identifier="RESPONSE" cardinality="single" baseType="identifier">
    <correctResponse>
      <value>C1</value>
    </correctResponse>
  </responseDeclaration>
  <outcomeDeclaration identifier="SCORE" cardinality="single" baseType="integer" />
  <itemBody>
    <choiceInteraction responseIdentifier="RESPONSE" shuffle="true" maxChoices="1">
      <prompt>
        <span class="p">
          <span>A supervisor offering a promotion in exchange for sex would fall under the ______ form</span>
        </span>
        <p>
          <span>of sexual harassment.</span>
        </p>
      </prompt>
      <simpleChoice identifier="C0">
        <span>
          <span>BFOQ</span>
        </span>
      </simpleChoice>
      <simpleChoice identifier="C1">
        <span>
          <i>
            <span>quid pro quo</span>
          </i>
        </span>
      </simpleChoice>
      <simpleChoice identifier="C2">
        <span>
          <i>
            <span>sine qua non</span>
          </i>
        </span>
      </simpleChoice>
      <simpleChoice identifier="C3">
        <span>
          <span>hostile environment</span>
        </span>
      </simpleChoice>
    </choiceInteraction>
  </itemBody>
  <responseProcessing>
    <responseCondition>
      <responseIf>
        <match>
          <variable identifier="RESPONSE" />
          <correct identifier="RESPONSE" />
        </match>
        <setOutcomeValue identifier="SCORE">
          <baseValue baseType="integer">1</baseValue>
        </setOutcomeValue>
      </responseIf>
      <responseElse>
        <setOutcomeValue identifier="SCORE">
          <baseValue baseType="integer">0</baseValue>
        </setOutcomeValue>
      </responseElse>
    </responseCondition>
  </responseProcessing>
</assessmentItem>