﻿<?xml version="1.0" encoding="UTF-8"?>
<assessmentItem xmlns:xsi="http://www.w3.org/2001/XMLSchema-instance" xmlns="http://www.imsglobal.org/xsd/imsqti_v2p1" xsi:schemaLocation="http://www.imsglobal.org/xsd/imsqti_v2p1 http://www.imsglobal.org/xsd/qti/qtiv2p1/imsqti_v2p1p2.xsd" identifier="test-item40" title="Jean is the chief financial officer at Reilly, Inc. Jean has worked there 3 years and wants to take 4 weeks of unpaid leave to have a baby. Jean gave the company 45 days notice but they rejected the request. Under the FMLA, the company can do this because" adaptive="false" timeDependent="false">
  <responseDeclaration identifier="RESPONSE" cardinality="single" baseType="identifier">
    <correctResponse>
      <value>C0</value>
    </correctResponse>
  </responseDeclaration>
  <outcomeDeclaration identifier="SCORE" cardinality="single" baseType="integer" />
  <itemBody>
    <choiceInteraction responseIdentifier="RESPONSE" shuffle="true" maxChoices="1">
      <prompt>
        <span>
          <span>Jean is the chief financial officer at Reilly, Inc. Jean has worked there 3 years and wants to take 4 weeks of unpaid leave to have a baby. Jean gave the company 45 days notice but they rejected the request. Under the FMLA, the company can do this because Jean:</span>
        </span>
      </prompt>
      <simpleChoice identifier="C0">
        <span>
          <span>is a key employee</span>
        </span>
      </simpleChoice>
      <simpleChoice identifier="C1">
        <span>
          <span>hasn't worked at the company long enough</span>
        </span>
      </simpleChoice>
      <simpleChoice identifier="C2">
        <span>
          <span>asked for too much leave</span>
        </span>
      </simpleChoice>
      <simpleChoice identifier="C3">
        <span>
          <span>did not give the required amount of notice</span>
        </span>
      </simpleChoice>
    </choiceInteraction>
  </itemBody>
  <responseProcessing>
    <responseCondition>
      <responseIf>
        <match>
          <variable identifier="RESPONSE" />
          <correct identifier="RESPONSE" />
        </match>
        <setOutcomeValue identifier="SCORE">
          <baseValue baseType="integer">1</baseValue>
        </setOutcomeValue>
      </responseIf>
      <responseElse>
        <setOutcomeValue identifier="SCORE">
          <baseValue baseType="integer">0</baseValue>
        </setOutcomeValue>
      </responseElse>
    </responseCondition>
  </responseProcessing>
</assessmentItem>