﻿<?xml version="1.0" encoding="UTF-8"?>
<assessmentItem xmlns:xsi="http://www.w3.org/2001/XMLSchema-instance" xmlns="http://www.imsglobal.org/xsd/imsqti_v2p1" xsi:schemaLocation="http://www.imsglobal.org/xsd/imsqti_v2p1 http://www.imsglobal.org/xsd/qti/qtiv2p1/imsqti_v2p1p2.xsd" identifier="test-item46" title="AT&amp;amp;G does not have any women employees. Ann Smith applied for a job as a machine operator. Though she did not obtain the minimum score of 40 on the machine operator test, AT&amp;amp;G plans to hire her as part of their new affirmative action plan. There ar" adaptive="false" timeDependent="false">
  <responseDeclaration identifier="RESPONSE" cardinality="single" baseType="identifier">
    <correctResponse>
      <value>C0</value>
    </correctResponse>
  </responseDeclaration>
  <outcomeDeclaration identifier="SCORE" cardinality="single" baseType="integer" />
  <itemBody>
    <choiceInteraction responseIdentifier="RESPONSE" shuffle="true" maxChoices="1">
      <prompt>
        <span>
          <span>AT&amp;G does not have any women employees. Ann Smith applied for a job as a machine operator. Though she did not obtain the minimum score of 40 on the machine operator test, AT&amp;G plans to hire her as part of their new affirmative action plan. There are 10 men who passed the test who did not get hired. Is this legal?</span>
        </span>
      </prompt>
      <simpleChoice identifier="C0">
        <span>
          <span>No, an applicant must be qualified to be given preference based on gender or race</span>
        </span>
      </simpleChoice>
      <simpleChoice identifier="C1">
        <span>
          <span>No, preference is never allowed</span>
        </span>
      </simpleChoice>
      <simpleChoice identifier="C2">
        <span>
          <span>Yes, because AT&amp;G has no women employees, they can do this</span>
        </span>
      </simpleChoice>
      <simpleChoice identifier="C3">
        <span>
          <span>Yes, because they are only changing their rules for one person, this would be a reasonable plan</span>
        </span>
      </simpleChoice>
    </choiceInteraction>
  </itemBody>
  <responseProcessing>
    <responseCondition>
      <responseIf>
        <match>
          <variable identifier="RESPONSE" />
          <correct identifier="RESPONSE" />
        </match>
        <setOutcomeValue identifier="SCORE">
          <baseValue baseType="integer">1</baseValue>
        </setOutcomeValue>
      </responseIf>
      <responseElse>
        <setOutcomeValue identifier="SCORE">
          <baseValue baseType="integer">0</baseValue>
        </setOutcomeValue>
      </responseElse>
    </responseCondition>
  </responseProcessing>
</assessmentItem>