﻿<?xml version="1.0" encoding="UTF-8"?>
<assessmentItem xmlns:xsi="http://www.w3.org/2001/XMLSchema-instance" xmlns="http://www.imsglobal.org/xsd/imsqti_v2p1" xsi:schemaLocation="http://www.imsglobal.org/xsd/imsqti_v2p1 http://www.imsglobal.org/xsd/qti/qtiv2p1/imsqti_v2p1p2.xsd" identifier="test-item52" title="The case law most pertinent to privacy issues and psychological testing is:" adaptive="false" timeDependent="false">
  <responseDeclaration identifier="RESPONSE" cardinality="single" baseType="identifier">
    <correctResponse>
      <value>C0</value>
    </correctResponse>
  </responseDeclaration>
  <outcomeDeclaration identifier="SCORE" cardinality="single" baseType="integer" />
  <itemBody>
    <choiceInteraction responseIdentifier="RESPONSE" shuffle="true" maxChoices="1">
      <prompt>
        <span>
          <span>The case law most pertinent to privacy issues and psychological testing is:</span>
        </span>
      </prompt>
      <simpleChoice identifier="C0">
        <span>
          <i>
            <span>Soroka v. Dayton Hudson</span>
          </i>
        </span>
      </simpleChoice>
      <simpleChoice identifier="C1">
        <span>
          <i>
            <span>Oncale v. Sundowner Offshore Services</span>
          </i>
        </span>
      </simpleChoice>
      <simpleChoice identifier="C2">
        <span>
          <i>
            <span>Griggs v. Duke Power</span>
          </i>
        </span>
      </simpleChoice>
      <simpleChoice identifier="C3">
        <span>
          <i>
            <span>Harris v. Forklift Systems</span>
          </i>
        </span>
      </simpleChoice>
    </choiceInteraction>
  </itemBody>
  <responseProcessing>
    <responseCondition>
      <responseIf>
        <match>
          <variable identifier="RESPONSE" />
          <correct identifier="RESPONSE" />
        </match>
        <setOutcomeValue identifier="SCORE">
          <baseValue baseType="integer">1</baseValue>
        </setOutcomeValue>
      </responseIf>
      <responseElse>
        <setOutcomeValue identifier="SCORE">
          <baseValue baseType="integer">0</baseValue>
        </setOutcomeValue>
      </responseElse>
    </responseCondition>
  </responseProcessing>
</assessmentItem>