﻿<?xml version="1.0" encoding="UTF-8"?>
<assessmentItem xmlns:xsi="http://www.w3.org/2001/XMLSchema-instance" xmlns="http://www.imsglobal.org/xsd/imsqti_v2p1" xsi:schemaLocation="http://www.imsglobal.org/xsd/imsqti_v2p1 http://www.imsglobal.org/xsd/qti/qtiv2p1/imsqti_v2p1p2.xsd" identifier="test-item58" title="What are the five key issues in determining the legality of an affirmative action plan involving preferential hiring or promotion of minorities?" adaptive="false" timeDependent="false">
  <responseDeclaration identifier="RESPONSE" cardinality="single" baseType="string" />
  <outcomeDeclaration identifier="SCORE" cardinality="single" baseType="integer" />
  <itemBody>
    <extendedTextInteraction responseIdentifier="RESPONSE" expectedLength="320">
      <prompt>
        <span>
          <span>What are the five key issues in determining the legality of an affirmative action plan involving preferential hiring or promotion of minorities?</span>
        </span>
      </prompt>
    </extendedTextInteraction>
  </itemBody>
  <responseProcessing>
    <responseCondition>
      <responseIf>
        <or>
          <stringMatch caseSensitive="false">
            <variable identifier="RESPONSE" />
            <baseValue baseType="string">Was there a history of discrimination?Does the plan benefit people who were not actual victims of discrimination?What population (area or qualified work force) was used to set goals?What is the impact of the plan on people who are not in an underrepresented group?Is there an ending point to the plan?</baseValue>
          </stringMatch>
        </or>
        <setOutcomeValue identifier="SCORE">
          <baseValue baseType="integer">1</baseValue>
        </setOutcomeValue>
      </responseIf>
      <responseElse>
        <setOutcomeValue identifier="SCORE">
          <baseValue baseType="integer">0</baseValue>
        </setOutcomeValue>
      </responseElse>
    </responseCondition>
  </responseProcessing>
</assessmentItem>