﻿<?xml version="1.0" encoding="UTF-8"?>
<assessmentItem xmlns:xsi="http://www.w3.org/2001/XMLSchema-instance" xmlns="http://www.imsglobal.org/xsd/imsqti_v2p1" xsi:schemaLocation="http://www.imsglobal.org/xsd/imsqti_v2p1 http://www.imsglobal.org/xsd/qti/qtiv2p1/imsqti_v2p1p2.xsd" identifier="test-item5" title="According to the Lilly Ledbetter Fair Pay Act, an employee filing a discrimination complaint with the EEOC regarding pay discrimination, has 180 days from when they:" adaptive="false" timeDependent="false">
  <responseDeclaration identifier="RESPONSE" cardinality="single" baseType="identifier">
    <correctResponse>
      <value>C1</value>
    </correctResponse>
  </responseDeclaration>
  <outcomeDeclaration identifier="SCORE" cardinality="single" baseType="integer" />
  <itemBody>
    <choiceInteraction responseIdentifier="RESPONSE" shuffle="true" maxChoices="1">
      <prompt>
        <span>
          <span>According to the Lilly Ledbetter Fair Pay Act, an employee filing a discrimination complaint with the EEOC regarding pay discrimination, has 180 days from when they:</span>
        </span>
      </prompt>
      <simpleChoice identifier="C0">
        <span>
          <span>were hired</span>
        </span>
      </simpleChoice>
      <simpleChoice identifier="C1">
        <span>
          <span>received their last pay check</span>
        </span>
      </simpleChoice>
      <simpleChoice identifier="C2">
        <span>
          <span>was told of their salary</span>
        </span>
      </simpleChoice>
      <simpleChoice identifier="C3">
        <span>
          <span>discovered they were underpaid</span>
        </span>
      </simpleChoice>
    </choiceInteraction>
  </itemBody>
  <responseProcessing>
    <responseCondition>
      <responseIf>
        <match>
          <variable identifier="RESPONSE" />
          <correct identifier="RESPONSE" />
        </match>
        <setOutcomeValue identifier="SCORE">
          <baseValue baseType="integer">1</baseValue>
        </setOutcomeValue>
      </responseIf>
      <responseElse>
        <setOutcomeValue identifier="SCORE">
          <baseValue baseType="integer">0</baseValue>
        </setOutcomeValue>
      </responseElse>
    </responseCondition>
  </responseProcessing>
</assessmentItem>