﻿<?xml version="1.0" encoding="UTF-8"?>
<assessmentItem xmlns:xsi="http://www.w3.org/2001/XMLSchema-instance" xmlns="http://www.imsglobal.org/xsd/imsqti_v2p1" xsi:schemaLocation="http://www.imsglobal.org/xsd/imsqti_v2p1 http://www.imsglobal.org/xsd/qti/qtiv2p1/imsqti_v2p1p2.xsd" identifier="test-item9" title="The &amp;quot;equal protection&amp;quot; clause of the Fourteenth Amendment mandates that no state may deny a person equal protection under the law. Because any lawsuit filed under the Fourteenth Amendment must demonstrate ______, it is not often used." adaptive="false" timeDependent="false">
  <responseDeclaration identifier="RESPONSE" cardinality="single" baseType="identifier">
    <correctResponse>
      <value>C0</value>
    </correctResponse>
  </responseDeclaration>
  <outcomeDeclaration identifier="SCORE" cardinality="single" baseType="integer" />
  <itemBody>
    <choiceInteraction responseIdentifier="RESPONSE" shuffle="true" maxChoices="1">
      <prompt>
        <span>
          <span>The "equal protection" clause of the Fourteenth Amendment mandates that no state may deny a person equal protection under the law. Because any lawsuit filed under the Fourteenth Amendment must demonstrate ______, it is not often used.</span>
        </span>
      </prompt>
      <simpleChoice identifier="C0">
        <span>
          <span>intent</span>
        </span>
      </simpleChoice>
      <simpleChoice identifier="C1">
        <span>
          <span>past discrimination</span>
        </span>
      </simpleChoice>
      <simpleChoice identifier="C2">
        <span>
          <span>equal protection</span>
        </span>
      </simpleChoice>
      <simpleChoice identifier="C3">
        <span>
          <span>due process</span>
        </span>
      </simpleChoice>
    </choiceInteraction>
  </itemBody>
  <responseProcessing>
    <responseCondition>
      <responseIf>
        <match>
          <variable identifier="RESPONSE" />
          <correct identifier="RESPONSE" />
        </match>
        <setOutcomeValue identifier="SCORE">
          <baseValue baseType="integer">1</baseValue>
        </setOutcomeValue>
      </responseIf>
      <responseElse>
        <setOutcomeValue identifier="SCORE">
          <baseValue baseType="integer">0</baseValue>
        </setOutcomeValue>
      </responseElse>
    </responseCondition>
  </responseProcessing>
</assessmentItem>