﻿<?xml version="1.0" encoding="UTF-8"?>
<assessmentItem xmlns:xsi="http://www.w3.org/2001/XMLSchema-instance" xmlns="http://www.imsglobal.org/xsd/imsqti_v2p1" xsi:schemaLocation="http://www.imsglobal.org/xsd/imsqti_v2p1 http://www.imsglobal.org/xsd/qti/qtiv2p1/imsqti_v2p1p2.xsd" identifier="test-item1" title="The statement &amp;quot;It's not fair to pay a bad employee the same amount of money as an excellent employee&amp;quot; exemplifies the need for accurate performance appraisals in:" adaptive="false" timeDependent="false">
  <responseDeclaration identifier="RESPONSE" cardinality="single" baseType="identifier">
    <correctResponse>
      <value>C0</value>
    </correctResponse>
  </responseDeclaration>
  <outcomeDeclaration identifier="SCORE" cardinality="single" baseType="integer" />
  <itemBody>
    <choiceInteraction responseIdentifier="RESPONSE" shuffle="true" maxChoices="1">
      <prompt>
        <span>
          <span>The statement "It's not fair to pay a bad employee the same amount of money as an excellent employee" exemplifies the need for accurate performance appraisals in:</span>
        </span>
      </prompt>
      <simpleChoice identifier="C0">
        <span>
          <span>determining salary increases</span>
        </span>
      </simpleChoice>
      <simpleChoice identifier="C1">
        <span>
          <span>making promotion decisions</span>
        </span>
      </simpleChoice>
      <simpleChoice identifier="C2">
        <span>
          <span>employee training and feedback</span>
        </span>
      </simpleChoice>
      <simpleChoice identifier="C3">
        <span>
          <span>training needs assessment</span>
        </span>
      </simpleChoice>
    </choiceInteraction>
  </itemBody>
  <responseProcessing>
    <responseCondition>
      <responseIf>
        <match>
          <variable identifier="RESPONSE" />
          <correct identifier="RESPONSE" />
        </match>
        <setOutcomeValue identifier="SCORE">
          <baseValue baseType="integer">1</baseValue>
        </setOutcomeValue>
      </responseIf>
      <responseElse>
        <setOutcomeValue identifier="SCORE">
          <baseValue baseType="integer">0</baseValue>
        </setOutcomeValue>
      </responseElse>
    </responseCondition>
  </responseProcessing>
</assessmentItem>