﻿<?xml version="1.0" encoding="UTF-8"?>
<assessmentItem xmlns:xsi="http://www.w3.org/2001/XMLSchema-instance" xmlns="http://www.imsglobal.org/xsd/imsqti_v2p1" xsi:schemaLocation="http://www.imsglobal.org/xsd/imsqti_v2p1 http://www.imsglobal.org/xsd/qti/qtiv2p1/imsqti_v2p1p2.xsd" identifier="test-item47" title="Maria is perceived by her dining room manager, Sarah, as the best server who ever worked for her. Naturally, Maria's ratings on her performance appraisal are all high. Dong-Hyun, on the other hand, is an average server; yet, after evaluating Maria, Sarah's" adaptive="false" timeDependent="false">
  <responseDeclaration identifier="RESPONSE" cardinality="single" baseType="identifier">
    <correctResponse>
      <value>C0</value>
    </correctResponse>
  </responseDeclaration>
  <outcomeDeclaration identifier="SCORE" cardinality="single" baseType="integer" />
  <itemBody>
    <choiceInteraction responseIdentifier="RESPONSE" shuffle="true" maxChoices="1">
      <prompt>
        <span>
          <span>Maria is perceived by her dining room manager, Sarah, as the best server who ever worked for her. Naturally, Maria's ratings on her performance appraisal are all high. Dong-Hyun, on the other hand, is an average server; yet, after evaluating Maria, Sarah's ratings of Dong-Hyun are below average. This type of rating error is referred to as:</span>
        </span>
      </prompt>
      <simpleChoice identifier="C0">
        <span>
          <span>contrast error</span>
        </span>
      </simpleChoice>
      <simpleChoice identifier="C1">
        <span>
          <span>halo error</span>
        </span>
      </simpleChoice>
      <simpleChoice identifier="C2">
        <span>
          <span>proximity error</span>
        </span>
      </simpleChoice>
      <simpleChoice identifier="C3">
        <span>
          <span>preference error</span>
        </span>
      </simpleChoice>
    </choiceInteraction>
  </itemBody>
  <responseProcessing>
    <responseCondition>
      <responseIf>
        <match>
          <variable identifier="RESPONSE" />
          <correct identifier="RESPONSE" />
        </match>
        <setOutcomeValue identifier="SCORE">
          <baseValue baseType="integer">1</baseValue>
        </setOutcomeValue>
      </responseIf>
      <responseElse>
        <setOutcomeValue identifier="SCORE">
          <baseValue baseType="integer">0</baseValue>
        </setOutcomeValue>
      </responseElse>
    </responseCondition>
  </responseProcessing>
</assessmentItem>