﻿<?xml version="1.0" encoding="UTF-8"?>
<assessmentItem xmlns:xsi="http://www.w3.org/2001/XMLSchema-instance" xmlns="http://www.imsglobal.org/xsd/imsqti_v2p1" xsi:schemaLocation="http://www.imsglobal.org/xsd/imsqti_v2p1 http://www.imsglobal.org/xsd/qti/qtiv2p1/imsqti_v2p1p2.xsd" identifier="test-item48" title="Mateo has been a model employee all year except for the last two to three weeks, yet, Mateo's performance appraisal ratings reflect his performance during this last two-week to three-week period. This type of rating bias is referred to as:" adaptive="false" timeDependent="false">
  <responseDeclaration identifier="RESPONSE" cardinality="single" baseType="identifier">
    <correctResponse>
      <value>C2</value>
    </correctResponse>
  </responseDeclaration>
  <outcomeDeclaration identifier="SCORE" cardinality="single" baseType="integer" />
  <itemBody>
    <choiceInteraction responseIdentifier="RESPONSE" shuffle="true" maxChoices="1">
      <prompt>
        <span>
          <span>Mateo has been a model employee all year except for the last two to three weeks, yet, Mateo's performance appraisal ratings reflect his performance during this last two-week to three-week period. This type of rating bias is referred to as:</span>
        </span>
      </prompt>
      <simpleChoice identifier="C0">
        <span>
          <span>strictness error</span>
        </span>
      </simpleChoice>
      <simpleChoice identifier="C1">
        <span>
          <span>contrast error</span>
        </span>
      </simpleChoice>
      <simpleChoice identifier="C2">
        <span>
          <span>the recency effect</span>
        </span>
      </simpleChoice>
      <simpleChoice identifier="C3">
        <span>
          <span>infrequent observation</span>
        </span>
      </simpleChoice>
    </choiceInteraction>
  </itemBody>
  <responseProcessing>
    <responseCondition>
      <responseIf>
        <match>
          <variable identifier="RESPONSE" />
          <correct identifier="RESPONSE" />
        </match>
        <setOutcomeValue identifier="SCORE">
          <baseValue baseType="integer">1</baseValue>
        </setOutcomeValue>
      </responseIf>
      <responseElse>
        <setOutcomeValue identifier="SCORE">
          <baseValue baseType="integer">0</baseValue>
        </setOutcomeValue>
      </responseElse>
    </responseCondition>
  </responseProcessing>
</assessmentItem>