﻿<?xml version="1.0" encoding="UTF-8"?>
<assessmentItem xmlns:xsi="http://www.w3.org/2001/XMLSchema-instance" xmlns="http://www.imsglobal.org/xsd/imsqti_v2p1" xsi:schemaLocation="http://www.imsglobal.org/xsd/imsqti_v2p1 http://www.imsglobal.org/xsd/qti/qtiv2p1/imsqti_v2p1p2.xsd" identifier="test-item62" title="If an employee is to be terminated for violation of a company rule, what are the five things the courts will consider?" adaptive="false" timeDependent="false">
  <responseDeclaration identifier="RESPONSE" cardinality="single" baseType="string" />
  <outcomeDeclaration identifier="SCORE" cardinality="single" baseType="integer" />
  <itemBody>
    <extendedTextInteraction responseIdentifier="RESPONSE" expectedLength="180">
      <prompt>
        <span>
          <span>If an employee is to be terminated for violation of a company rule, what are the five things the courts will consider?</span>
        </span>
      </prompt>
    </extendedTextInteraction>
  </itemBody>
  <responseProcessing>
    <responseCondition>
      <responseIf>
        <or>
          <stringMatch caseSensitive="false">
            <variable identifier="RESPONSE" />
            <baseValue baseType="string">Did a rule exist?Did the employee know the rule?Did the organization prove the employee broke the rule?Were the rules equally enforced?Was progressive discipline used?</baseValue>
          </stringMatch>
        </or>
        <setOutcomeValue identifier="SCORE">
          <baseValue baseType="integer">1</baseValue>
        </setOutcomeValue>
      </responseIf>
      <responseElse>
        <setOutcomeValue identifier="SCORE">
          <baseValue baseType="integer">0</baseValue>
        </setOutcomeValue>
      </responseElse>
    </responseCondition>
  </responseProcessing>
</assessmentItem>