﻿<?xml version="1.0" encoding="UTF-8"?>
<assessmentItem xmlns:xsi="http://www.w3.org/2001/XMLSchema-instance" xmlns="http://www.imsglobal.org/xsd/imsqti_v2p1" xsi:schemaLocation="http://www.imsglobal.org/xsd/imsqti_v2p1 http://www.imsglobal.org/xsd/qti/qtiv2p1/imsqti_v2p1p2.xsd" identifier="test-item12" title="Bob has been frustrated with his job for the last three months. He was given two new assignments to complete in addition to his regular duties. To make matters worse, Bob’s computer is too slow to handle the programs he needs to run. Bob's stress level can" adaptive="false" timeDependent="false">
  <responseDeclaration identifier="RESPONSE" cardinality="single" baseType="identifier">
    <correctResponse>
      <value>C3</value>
    </correctResponse>
  </responseDeclaration>
  <outcomeDeclaration identifier="SCORE" cardinality="single" baseType="integer" />
  <itemBody>
    <choiceInteraction responseIdentifier="RESPONSE" shuffle="true" maxChoices="1">
      <prompt>
        <span>
          <span>Bob has been frustrated with his job for the last three months. He was given two new assignments to complete in addition to his regular duties. To make matters worse, Bob’s computer is too slow to handle the programs he needs to run. Bob's stress level can probably be explained by:</span>
        </span>
      </prompt>
      <simpleChoice identifier="C0">
        <span>
          <span>a lack of person-organization fit</span>
        </span>
      </simpleChoice>
      <simpleChoice identifier="C1">
        <span>
          <span>role ambiguity</span>
        </span>
      </simpleChoice>
      <simpleChoice identifier="C2">
        <span>
          <span>role conflict</span>
        </span>
      </simpleChoice>
      <simpleChoice identifier="C3">
        <span>
          <span>role overload</span>
        </span>
      </simpleChoice>
    </choiceInteraction>
  </itemBody>
  <responseProcessing>
    <responseCondition>
      <responseIf>
        <match>
          <variable identifier="RESPONSE" />
          <correct identifier="RESPONSE" />
        </match>
        <setOutcomeValue identifier="SCORE">
          <baseValue baseType="integer">1</baseValue>
        </setOutcomeValue>
      </responseIf>
      <responseElse>
        <setOutcomeValue identifier="SCORE">
          <baseValue baseType="integer">0</baseValue>
        </setOutcomeValue>
      </responseElse>
    </responseCondition>
  </responseProcessing>
</assessmentItem>