﻿<?xml version="1.0" encoding="UTF-8"?>
<assessmentItem xmlns:xsi="http://www.w3.org/2001/XMLSchema-instance" xmlns="http://www.imsglobal.org/xsd/imsqti_v2p1" xsi:schemaLocation="http://www.imsglobal.org/xsd/imsqti_v2p1 http://www.imsglobal.org/xsd/qti/qtiv2p1/imsqti_v2p1p2.xsd" identifier="test-item33" title="Clarence has been under a great deal of stress at work. His spouse told him that they should watch some sitcoms on TV. The spouse’s advice is sound because laughter can do all of the following except:" adaptive="false" timeDependent="false">
  <responseDeclaration identifier="RESPONSE" cardinality="single" baseType="identifier">
    <correctResponse>
      <value>C3</value>
    </correctResponse>
  </responseDeclaration>
  <outcomeDeclaration identifier="SCORE" cardinality="single" baseType="integer" />
  <itemBody>
    <choiceInteraction responseIdentifier="RESPONSE" shuffle="true" maxChoices="1">
      <prompt>
        <span>
          <span>Clarence has been under a great deal of stress at work. His spouse told him that they should watch some sitcoms on TV. The spouse’s advice is sound because laughter can do all of the following except:</span>
        </span>
      </prompt>
      <simpleChoice identifier="C0">
        <span>
          <span>put a new perspective on a situation</span>
        </span>
      </simpleChoice>
      <simpleChoice identifier="C1">
        <span>
          <span>reduce blood pressure</span>
        </span>
      </simpleChoice>
      <simpleChoice identifier="C2">
        <span>
          <span>help distance you from a stressor</span>
        </span>
      </simpleChoice>
      <simpleChoice identifier="C3">
        <span>
          <span>result in a healthier diet</span>
        </span>
      </simpleChoice>
    </choiceInteraction>
  </itemBody>
  <responseProcessing>
    <responseCondition>
      <responseIf>
        <match>
          <variable identifier="RESPONSE" />
          <correct identifier="RESPONSE" />
        </match>
        <setOutcomeValue identifier="SCORE">
          <baseValue baseType="integer">1</baseValue>
        </setOutcomeValue>
      </responseIf>
      <responseElse>
        <setOutcomeValue identifier="SCORE">
          <baseValue baseType="integer">0</baseValue>
        </setOutcomeValue>
      </responseElse>
    </responseCondition>
  </responseProcessing>
</assessmentItem>