﻿<?xml version="1.0" encoding="UTF-8"?>
<assessmentItem xmlns:xsi="http://www.w3.org/2001/XMLSchema-instance" xmlns="http://www.imsglobal.org/xsd/imsqti_v2p1" xsi:schemaLocation="http://www.imsglobal.org/xsd/imsqti_v2p1 http://www.imsglobal.org/xsd/qti/qtiv2p1/imsqti_v2p1p2.xsd" identifier="test-item50" title="Andrew is a 21-year old White male. He is an excellent employee who doesn't seem to have much of a life outside of work. Andrew’s only hobby is hunting and gun collecting. Which is the only part of this profile that is not consistent with the typical perpe" adaptive="false" timeDependent="false">
  <responseDeclaration identifier="RESPONSE" cardinality="single" baseType="identifier">
    <correctResponse>
      <value>C3</value>
    </correctResponse>
  </responseDeclaration>
  <outcomeDeclaration identifier="SCORE" cardinality="single" baseType="integer" />
  <itemBody>
    <choiceInteraction responseIdentifier="RESPONSE" shuffle="true" maxChoices="1">
      <prompt>
        <span>
          <span>Andrew is a 21-year old male. He is an excellent employee who doesn't seem to have much of a life outside of work. Andrew’s only hobby is hunting and gun collecting. Which is the only part of this profile that is not consistent with the typical perpetrator of workplace violence?</span>
        </span>
      </prompt>
      <simpleChoice identifier="C0">
        <span>
          <span>His gender</span>
        </span>
      </simpleChoice>
      <simpleChoice identifier="C1">
        <span>
          <span>His fascination with guns</span>
        </span>
      </simpleChoice>
      <simpleChoice identifier="C2">
        <span>
          <span>His self-esteem tied to his job</span>
        </span>
      </simpleChoice>
      <simpleChoice identifier="C3">
        <span>
          <span>His age</span>
        </span>
      </simpleChoice>
    </choiceInteraction>
  </itemBody>
  <responseProcessing>
    <responseCondition>
      <responseIf>
        <match>
          <variable identifier="RESPONSE" />
          <correct identifier="RESPONSE" />
        </match>
        <setOutcomeValue identifier="SCORE">
          <baseValue baseType="integer">1</baseValue>
        </setOutcomeValue>
      </responseIf>
      <responseElse>
        <setOutcomeValue identifier="SCORE">
          <baseValue baseType="integer">0</baseValue>
        </setOutcomeValue>
      </responseElse>
    </responseCondition>
  </responseProcessing>
</assessmentItem>