﻿<?xml version="1.0" encoding="UTF-8"?>
<manifest identifier="ID_1a5eee0c-44a1-43a8-a82c-c829673304eb" xmlns="http://www.imsglobal.org/xsd/imscp_v1p1" xmlns:imsqti="http://www.imsglobal.org/xsd/imsqti_v2p1" xmlns:xsi="http://www.w3.org/2001/XMLSchema-instance" xsi:schemaLocation="http://ltsc.ieee.org/xsd/LOM http://www.imsglobal.org/xsd/imsmd_loose_v1p3p2.xsd http://www.imsglobal.org/xsd/imsqti_metadata_v2p1 http://www.imsglobal.org/xsd/qti/qtiv2p1/imsqti_metadata_v2p1p1.xsd http://www.imsglobal.org/xsd/imscp_v1p1 http://www.imsglobal.org/xsd/qti/qtiv2p1/qtiv2p1_imscpv1p2_v1p0.xsd http://www.imsglobal.org/xsd/imsqti_v2p1 http://www.imsglobal.org/xsd/qti/qtiv2p1/imsqti_v2p1p2.xsd">
  <metadata>
    <schema>QTIv2.1 Package</schema>
    <schemaversion>1.0.0</schemaversion>
    <lom xmlns="http://ltsc.ieee.org/xsd/LOM">
      <general>
        <title>
          <string>Chapter 13: Group Behavior, Teams, and Conflict</string>
        </title>
        <language>en</language>
      </general>
      <metaMetadata xmlns="http://ltsc.ieee.org/xsd/LOM">
        <metadataschema>LOMv1.0</metadataschema>
        <metadataschema>QTIv2.1</metadataschema>
        <language>en</language>
      </metaMetadata>
    </lom>
  </metadata>
  <organizations />
  <resources>
    <resource identifier="ID_QTIExport_Resource_0" type="imsqti_item_xmlv2p1" href="Q0_Multiple_Choice.xml">
      <metadata>
        <lom xmlns="http://ltsc.ieee.org/xsd/LOM">
          <general>
            <title>
              <string>Which of the following is NOT a criterion for being a group?</string>
            </title>
          </general>
          <educational>
            <description>
              <string>Medical Care for the Older Americans</string>
            </description>
            <intendedEndUserRole>
              <value>teacher</value>
            </intendedEndUserRole>
            <context />
          </educational>
          <imsqti:qtiMetadata>
            <imsqti:interactionType>choiceInteraction</imsqti:interactionType>
            <imsqti:itemTemplate>false</imsqti:itemTemplate>
            <imsqti:timeDependent>false</imsqti:timeDependent>
            <imsqti:composite>false</imsqti:composite>
            <imsqti:solutionAvailable>true</imsqti:solutionAvailable>
            <imsqti:feedbackType>none</imsqti:feedbackType>
          </imsqti:qtiMetadata>
        </lom>
      </metadata>
      <file href="Q0_Multiple_Choice.xml" />
    </resource>
    <resource identifier="ID_QTIExport_Resource_1" type="imsqti_item_xmlv2p1" href="Q1_Multiple_Choice.xml">
      <metadata>
        <lom xmlns="http://ltsc.ieee.org/xsd/LOM">
          <general>
            <title>
              <string>When something affects one member of the group, it affects all members. This is known as ______ and is a criterion for being considered a group.</string>
            </title>
          </general>
          <educational>
            <description>
              <string>Medical Care for the Older Americans</string>
            </description>
            <intendedEndUserRole>
              <value>teacher</value>
            </intendedEndUserRole>
            <context />
          </educational>
          <imsqti:qtiMetadata>
            <imsqti:interactionType>choiceInteraction</imsqti:interactionType>
            <imsqti:itemTemplate>false</imsqti:itemTemplate>
            <imsqti:timeDependent>false</imsqti:timeDependent>
            <imsqti:composite>false</imsqti:composite>
            <imsqti:solutionAvailable>true</imsqti:solutionAvailable>
            <imsqti:feedbackType>none</imsqti:feedbackType>
          </imsqti:qtiMetadata>
        </lom>
      </metadata>
      <file href="Q1_Multiple_Choice.xml" />
    </resource>
    <resource identifier="ID_QTIExport_Resource_2" type="imsqti_item_xmlv2p1" href="Q2_Multiple_Choice.xml">
      <metadata>
        <lom xmlns="http://ltsc.ieee.org/xsd/LOM">
          <general>
            <title>
              <string>A hotel room attendant does not show up to clean their rooms on a given day. Due to the person’s absence, the other room attendants are assigned additional rooms to clean. This scenario BEST exemplifies which criteria of group membership?</string>
            </title>
          </general>
          <educational>
            <description>
              <string>Medical Care for the Older Americans</string>
            </description>
            <intendedEndUserRole>
              <value>teacher</value>
            </intendedEndUserRole>
            <context />
          </educational>
          <imsqti:qtiMetadata>
            <imsqti:interactionType>choiceInteraction</imsqti:interactionType>
            <imsqti:itemTemplate>false</imsqti:itemTemplate>
            <imsqti:timeDependent>false</imsqti:timeDependent>
            <imsqti:composite>false</imsqti:composite>
            <imsqti:solutionAvailable>true</imsqti:solutionAvailable>
            <imsqti:feedbackType>none</imsqti:feedbackType>
          </imsqti:qtiMetadata>
        </lom>
      </metadata>
      <file href="Q2_Multiple_Choice.xml" />
    </resource>
    <resource identifier="ID_QTIExport_Resource_3" type="imsqti_item_xmlv2p1" href="Q3_Multiple_Choice.xml">
      <metadata>
        <lom xmlns="http://ltsc.ieee.org/xsd/LOM">
          <general>
            <title>
              <string>Employees on the 7th floor go to lunch together and employees on the 2nd floor play together in a city basketball league. These examples demonstrate the importance of ____ in forming groups.</string>
            </title>
          </general>
          <educational>
            <description>
              <string>Institutional Features</string>
            </description>
            <intendedEndUserRole>
              <value>teacher</value>
            </intendedEndUserRole>
            <context />
          </educational>
          <imsqti:qtiMetadata>
            <imsqti:interactionType>choiceInteraction</imsqti:interactionType>
            <imsqti:itemTemplate>false</imsqti:itemTemplate>
            <imsqti:timeDependent>false</imsqti:timeDependent>
            <imsqti:composite>false</imsqti:composite>
            <imsqti:solutionAvailable>true</imsqti:solutionAvailable>
            <imsqti:feedbackType>none</imsqti:feedbackType>
          </imsqti:qtiMetadata>
        </lom>
      </metadata>
      <file href="Q3_Multiple_Choice.xml" />
    </resource>
    <resource identifier="ID_QTIExport_Resource_4" type="imsqti_item_xmlv2p1" href="Q4_Multiple_Choice.xml">
      <metadata>
        <lom xmlns="http://ltsc.ieee.org/xsd/LOM">
          <general>
            <title>
              <string>People who join a group to be with other people have ______ needs.</string>
            </title>
          </general>
          <educational>
            <description>
              <string>Institutional Features</string>
            </description>
            <intendedEndUserRole>
              <value>teacher</value>
            </intendedEndUserRole>
            <context />
          </educational>
          <imsqti:qtiMetadata>
            <imsqti:interactionType>choiceInteraction</imsqti:interactionType>
            <imsqti:itemTemplate>false</imsqti:itemTemplate>
            <imsqti:timeDependent>false</imsqti:timeDependent>
            <imsqti:composite>false</imsqti:composite>
            <imsqti:solutionAvailable>true</imsqti:solutionAvailable>
            <imsqti:feedbackType>none</imsqti:feedbackType>
          </imsqti:qtiMetadata>
        </lom>
      </metadata>
      <file href="Q4_Multiple_Choice.xml" />
    </resource>
    <resource identifier="ID_QTIExport_Resource_5" type="imsqti_item_xmlv2p1" href="Q5_Multiple_Choice.xml">
      <metadata>
        <lom xmlns="http://ltsc.ieee.org/xsd/LOM">
          <general>
            <title>
              <string>POWs who were isolated from other prisoners had a lower desire to live than POWs housed with other soldiers. This negative emotional reaction demonstrates the need for:</string>
            </title>
          </general>
          <educational>
            <description>
              <string>Institutional Features</string>
            </description>
            <intendedEndUserRole>
              <value>teacher</value>
            </intendedEndUserRole>
            <context />
          </educational>
          <imsqti:qtiMetadata>
            <imsqti:interactionType>choiceInteraction</imsqti:interactionType>
            <imsqti:itemTemplate>false</imsqti:itemTemplate>
            <imsqti:timeDependent>false</imsqti:timeDependent>
            <imsqti:composite>false</imsqti:composite>
            <imsqti:solutionAvailable>true</imsqti:solutionAvailable>
            <imsqti:feedbackType>none</imsqti:feedbackType>
          </imsqti:qtiMetadata>
        </lom>
      </metadata>
      <file href="Q5_Multiple_Choice.xml" />
    </resource>
    <resource identifier="ID_QTIExport_Resource_6" type="imsqti_item_xmlv2p1" href="Q6_Multiple_Choice.xml">
      <metadata>
        <lom xmlns="http://ltsc.ieee.org/xsd/LOM">
          <general>
            <title>
              <string>______ refers to the extent to which group members like and trust one another.</string>
            </title>
          </general>
          <educational>
            <description>
              <string>Economic Consequences</string>
            </description>
            <intendedEndUserRole>
              <value>teacher</value>
            </intendedEndUserRole>
            <context />
          </educational>
          <imsqti:qtiMetadata>
            <imsqti:interactionType>choiceInteraction</imsqti:interactionType>
            <imsqti:itemTemplate>false</imsqti:itemTemplate>
            <imsqti:timeDependent>false</imsqti:timeDependent>
            <imsqti:composite>false</imsqti:composite>
            <imsqti:solutionAvailable>true</imsqti:solutionAvailable>
            <imsqti:feedbackType>none</imsqti:feedbackType>
          </imsqti:qtiMetadata>
        </lom>
      </metadata>
      <file href="Q6_Multiple_Choice.xml" />
    </resource>
    <resource identifier="ID_QTIExport_Resource_7" type="imsqti_item_xmlv2p1" href="Q7_Multiple_Choice.xml">
      <metadata>
        <lom xmlns="http://ltsc.ieee.org/xsd/LOM">
          <general>
            <title>
              <string>______ refers to the extent to which group members are similar.</string>
            </title>
          </general>
          <educational>
            <description>
              <string>Economic Consequences</string>
            </description>
            <intendedEndUserRole>
              <value>teacher</value>
            </intendedEndUserRole>
            <context />
          </educational>
          <imsqti:qtiMetadata>
            <imsqti:interactionType>choiceInteraction</imsqti:interactionType>
            <imsqti:itemTemplate>false</imsqti:itemTemplate>
            <imsqti:timeDependent>false</imsqti:timeDependent>
            <imsqti:composite>false</imsqti:composite>
            <imsqti:solutionAvailable>true</imsqti:solutionAvailable>
            <imsqti:feedbackType>none</imsqti:feedbackType>
          </imsqti:qtiMetadata>
        </lom>
      </metadata>
      <file href="Q7_Multiple_Choice.xml" />
    </resource>
    <resource identifier="ID_QTIExport_Resource_8" type="imsqti_item_xmlv2p1" href="Q8_Multiple_Choice.xml">
      <metadata>
        <lom xmlns="http://ltsc.ieee.org/xsd/LOM">
          <general>
            <title>
              <string>According to your text, if you are interested in improving group performance, what should the group's composition be in terms of the homogeneity of its members?</string>
            </title>
          </general>
          <educational>
            <description>
              <string>Economic Consequences</string>
            </description>
            <intendedEndUserRole>
              <value>teacher</value>
            </intendedEndUserRole>
            <context />
          </educational>
          <imsqti:qtiMetadata>
            <imsqti:interactionType>choiceInteraction</imsqti:interactionType>
            <imsqti:itemTemplate>false</imsqti:itemTemplate>
            <imsqti:timeDependent>false</imsqti:timeDependent>
            <imsqti:composite>false</imsqti:composite>
            <imsqti:solutionAvailable>true</imsqti:solutionAvailable>
            <imsqti:feedbackType>none</imsqti:feedbackType>
          </imsqti:qtiMetadata>
        </lom>
      </metadata>
      <file href="Q8_Multiple_Choice.xml" />
    </resource>
    <resource identifier="ID_QTIExport_Resource_9" type="imsqti_item_xmlv2p1" href="Q9_Multiple_Choice.xml">
      <metadata>
        <lom xmlns="http://ltsc.ieee.org/xsd/LOM">
          <general>
            <title>
              <string>The East Barbarians softball team in the Great White North Softball League has continually improved its record over the nine years it has been in the league. Most recently, the East Barbarians, with the same team members as in the previous eight years, won</string>
            </title>
          </general>
          <educational>
            <description>
              <string>Economic Consequences</string>
            </description>
            <intendedEndUserRole>
              <value>teacher</value>
            </intendedEndUserRole>
            <context />
          </educational>
          <imsqti:qtiMetadata>
            <imsqti:interactionType>choiceInteraction</imsqti:interactionType>
            <imsqti:itemTemplate>false</imsqti:itemTemplate>
            <imsqti:timeDependent>false</imsqti:timeDependent>
            <imsqti:composite>false</imsqti:composite>
            <imsqti:solutionAvailable>true</imsqti:solutionAvailable>
            <imsqti:feedbackType>none</imsqti:feedbackType>
          </imsqti:qtiMetadata>
        </lom>
      </metadata>
      <file href="Q9_Multiple_Choice.xml" />
    </resource>
    <resource identifier="ID_QTIExport_Resource_10" type="imsqti_item_xmlv2p1" href="Q10_Multiple_Choice.xml">
      <metadata>
        <lom xmlns="http://ltsc.ieee.org/xsd/LOM">
          <general>
            <title>
              <string>In Yellowstone National Park, a small group of employees runs a fast-food operation that is physically removed from all of the larger lodges in town. These employees comment that they feel separated from the company's other operations; however, each summer</string>
            </title>
          </general>
          <educational>
            <description>
              <string>Economic Consequences</string>
            </description>
            <intendedEndUserRole>
              <value>teacher</value>
            </intendedEndUserRole>
            <context />
          </educational>
          <imsqti:qtiMetadata>
            <imsqti:interactionType>choiceInteraction</imsqti:interactionType>
            <imsqti:itemTemplate>false</imsqti:itemTemplate>
            <imsqti:timeDependent>false</imsqti:timeDependent>
            <imsqti:composite>false</imsqti:composite>
            <imsqti:solutionAvailable>true</imsqti:solutionAvailable>
            <imsqti:feedbackType>none</imsqti:feedbackType>
          </imsqti:qtiMetadata>
        </lom>
      </metadata>
      <file href="Q10_Multiple_Choice.xml" />
    </resource>
    <resource identifier="ID_QTIExport_Resource_11" type="imsqti_item_xmlv2p1" href="Q11_Multiple_Choice.xml">
      <metadata>
        <lom xmlns="http://ltsc.ieee.org/xsd/LOM">
          <general>
            <title>
              <string>A group comprised of 12 members will be _____ cohesive and have ____ performance than one comprised of 5 members.</string>
            </title>
          </general>
          <educational>
            <description>
              <string>Economic Consequences</string>
            </description>
            <intendedEndUserRole>
              <value>teacher</value>
            </intendedEndUserRole>
            <context />
          </educational>
          <imsqti:qtiMetadata>
            <imsqti:interactionType>choiceInteraction</imsqti:interactionType>
            <imsqti:itemTemplate>false</imsqti:itemTemplate>
            <imsqti:timeDependent>false</imsqti:timeDependent>
            <imsqti:composite>false</imsqti:composite>
            <imsqti:solutionAvailable>true</imsqti:solutionAvailable>
            <imsqti:feedbackType>none</imsqti:feedbackType>
          </imsqti:qtiMetadata>
        </lom>
      </metadata>
      <file href="Q11_Multiple_Choice.xml" />
    </resource>
    <resource identifier="ID_QTIExport_Resource_12" type="imsqti_item_xmlv2p1" href="Q12_Multiple_Choice.xml">
      <metadata>
        <lom xmlns="http://ltsc.ieee.org/xsd/LOM">
          <general>
            <title>
              <string>Social impact theory is related to:</string>
            </title>
          </general>
          <educational>
            <description>
              <string>Economic Consequences</string>
            </description>
            <intendedEndUserRole>
              <value>teacher</value>
            </intendedEndUserRole>
            <context />
          </educational>
          <imsqti:qtiMetadata>
            <imsqti:interactionType>choiceInteraction</imsqti:interactionType>
            <imsqti:itemTemplate>false</imsqti:itemTemplate>
            <imsqti:timeDependent>false</imsqti:timeDependent>
            <imsqti:composite>false</imsqti:composite>
            <imsqti:solutionAvailable>true</imsqti:solutionAvailable>
            <imsqti:feedbackType>none</imsqti:feedbackType>
          </imsqti:qtiMetadata>
        </lom>
      </metadata>
      <file href="Q12_Multiple_Choice.xml" />
    </resource>
    <resource identifier="ID_QTIExport_Resource_13" type="imsqti_item_xmlv2p1" href="Q13_Multiple_Choice.xml">
      <metadata>
        <lom xmlns="http://ltsc.ieee.org/xsd/LOM">
          <general>
            <title>
              <string>Increasing the perception that a group is difficult to obtain membership in helps to increase:</string>
            </title>
          </general>
          <educational>
            <description>
              <string>Economic Consequences</string>
            </description>
            <intendedEndUserRole>
              <value>teacher</value>
            </intendedEndUserRole>
            <context />
          </educational>
          <imsqti:qtiMetadata>
            <imsqti:interactionType>choiceInteraction</imsqti:interactionType>
            <imsqti:itemTemplate>false</imsqti:itemTemplate>
            <imsqti:timeDependent>false</imsqti:timeDependent>
            <imsqti:composite>false</imsqti:composite>
            <imsqti:solutionAvailable>true</imsqti:solutionAvailable>
            <imsqti:feedbackType>none</imsqti:feedbackType>
          </imsqti:qtiMetadata>
        </lom>
      </metadata>
      <file href="Q13_Multiple_Choice.xml" />
    </resource>
    <resource identifier="ID_QTIExport_Resource_14" type="imsqti_item_xmlv2p1" href="Q14_Multiple_Choice.xml">
      <metadata>
        <lom xmlns="http://ltsc.ieee.org/xsd/LOM">
          <general>
            <title>
              <string>Julie provides information to Temea who provides information to Juan who provides information to Julie. This is an example of which type of communication network?</string>
            </title>
          </general>
          <educational>
            <description>
              <string>Economic Consequences</string>
            </description>
            <intendedEndUserRole>
              <value>teacher</value>
            </intendedEndUserRole>
            <context />
          </educational>
          <imsqti:qtiMetadata>
            <imsqti:interactionType>choiceInteraction</imsqti:interactionType>
            <imsqti:itemTemplate>false</imsqti:itemTemplate>
            <imsqti:timeDependent>false</imsqti:timeDependent>
            <imsqti:composite>false</imsqti:composite>
            <imsqti:solutionAvailable>true</imsqti:solutionAvailable>
            <imsqti:feedbackType>none</imsqti:feedbackType>
          </imsqti:qtiMetadata>
        </lom>
      </metadata>
      <file href="Q14_Multiple_Choice.xml" />
    </resource>
    <resource identifier="ID_QTIExport_Resource_15" type="imsqti_item_xmlv2p1" href="Q15_Multiple_Choice.xml">
      <metadata>
        <lom xmlns="http://ltsc.ieee.org/xsd/LOM">
          <general>
            <title>
              <string>Which of the following group roles encourages group cohesiveness and group participation?</string>
            </title>
          </general>
          <educational>
            <description>
              <string>Economic Consequences</string>
            </description>
            <intendedEndUserRole>
              <value>teacher</value>
            </intendedEndUserRole>
            <context />
          </educational>
          <imsqti:qtiMetadata>
            <imsqti:interactionType>choiceInteraction</imsqti:interactionType>
            <imsqti:itemTemplate>false</imsqti:itemTemplate>
            <imsqti:timeDependent>false</imsqti:timeDependent>
            <imsqti:composite>false</imsqti:composite>
            <imsqti:solutionAvailable>true</imsqti:solutionAvailable>
            <imsqti:feedbackType>none</imsqti:feedbackType>
          </imsqti:qtiMetadata>
        </lom>
      </metadata>
      <file href="Q15_Multiple_Choice.xml" />
    </resource>
    <resource identifier="ID_QTIExport_Resource_16" type="imsqti_item_xmlv2p1" href="Q16_Multiple_Choice.xml">
      <metadata>
        <lom xmlns="http://ltsc.ieee.org/xsd/LOM">
          <general>
            <title>
              <string>A group member who coordinates the group's activities and finds new information is ____ oriented whereas one who's main role is encouraging and supporting others is ____ oriented.</string>
            </title>
          </general>
          <educational>
            <description>
              <string>Economic Consequences</string>
            </description>
            <intendedEndUserRole>
              <value>teacher</value>
            </intendedEndUserRole>
            <context />
          </educational>
          <imsqti:qtiMetadata>
            <imsqti:interactionType>choiceInteraction</imsqti:interactionType>
            <imsqti:itemTemplate>false</imsqti:itemTemplate>
            <imsqti:timeDependent>false</imsqti:timeDependent>
            <imsqti:composite>false</imsqti:composite>
            <imsqti:solutionAvailable>true</imsqti:solutionAvailable>
            <imsqti:feedbackType>none</imsqti:feedbackType>
          </imsqti:qtiMetadata>
        </lom>
      </metadata>
      <file href="Q16_Multiple_Choice.xml" />
    </resource>
    <resource identifier="ID_QTIExport_Resource_17" type="imsqti_item_xmlv2p1" href="Q17_Multiple_Choice.xml">
      <metadata>
        <lom xmlns="http://ltsc.ieee.org/xsd/LOM">
          <general>
            <title>
              <string>A group member consistently avoids group interaction and blocks the group's activities. The group member would be considered:</string>
            </title>
          </general>
          <educational>
            <description>
              <string>Economic Consequences</string>
            </description>
            <intendedEndUserRole>
              <value>teacher</value>
            </intendedEndUserRole>
            <context />
          </educational>
          <imsqti:qtiMetadata>
            <imsqti:interactionType>choiceInteraction</imsqti:interactionType>
            <imsqti:itemTemplate>false</imsqti:itemTemplate>
            <imsqti:timeDependent>false</imsqti:timeDependent>
            <imsqti:composite>false</imsqti:composite>
            <imsqti:solutionAvailable>true</imsqti:solutionAvailable>
            <imsqti:feedbackType>none</imsqti:feedbackType>
          </imsqti:qtiMetadata>
        </lom>
      </metadata>
      <file href="Q17_Multiple_Choice.xml" />
    </resource>
    <resource identifier="ID_QTIExport_Resource_18" type="imsqti_item_xmlv2p1" href="Q18_Multiple_Choice.xml">
      <metadata>
        <lom xmlns="http://ltsc.ieee.org/xsd/LOM">
          <general>
            <title>
              <string>Social inhibition involves the ___ effects of the presence of others on individual behavior whereas social facilitation involves the ___ effects of the presence of others.</string>
            </title>
          </general>
          <educational>
            <description>
              <string>Economic Consequences</string>
            </description>
            <intendedEndUserRole>
              <value>teacher</value>
            </intendedEndUserRole>
            <context />
          </educational>
          <imsqti:qtiMetadata>
            <imsqti:interactionType>choiceInteraction</imsqti:interactionType>
            <imsqti:itemTemplate>false</imsqti:itemTemplate>
            <imsqti:timeDependent>false</imsqti:timeDependent>
            <imsqti:composite>false</imsqti:composite>
            <imsqti:solutionAvailable>true</imsqti:solutionAvailable>
            <imsqti:feedbackType>none</imsqti:feedbackType>
          </imsqti:qtiMetadata>
        </lom>
      </metadata>
      <file href="Q18_Multiple_Choice.xml" />
    </resource>
    <resource identifier="ID_QTIExport_Resource_19" type="imsqti_item_xmlv2p1" href="Q19_Multiple_Choice.xml">
      <metadata>
        <lom xmlns="http://ltsc.ieee.org/xsd/LOM">
          <general>
            <title>
              <string>A group of managers is watching a group of workers on an assembly line. The effect the managers will have on the performance of the workers is known as:</string>
            </title>
          </general>
          <educational>
            <description>
              <string>Economic Consequences</string>
            </description>
            <intendedEndUserRole>
              <value>teacher</value>
            </intendedEndUserRole>
            <context />
          </educational>
          <imsqti:qtiMetadata>
            <imsqti:interactionType>choiceInteraction</imsqti:interactionType>
            <imsqti:itemTemplate>false</imsqti:itemTemplate>
            <imsqti:timeDependent>false</imsqti:timeDependent>
            <imsqti:composite>false</imsqti:composite>
            <imsqti:solutionAvailable>true</imsqti:solutionAvailable>
            <imsqti:feedbackType>none</imsqti:feedbackType>
          </imsqti:qtiMetadata>
        </lom>
      </metadata>
      <file href="Q19_Multiple_Choice.xml" />
    </resource>
    <resource identifier="ID_QTIExport_Resource_20" type="imsqti_item_xmlv2p1" href="Q20_Multiple_Choice.xml">
      <metadata>
        <lom xmlns="http://ltsc.ieee.org/xsd/LOM">
          <general>
            <title>
              <string>When two or more people perform the same task in the presence of one another, the effect on the behavior is known as:</string>
            </title>
          </general>
          <educational>
            <description>
              <string>Economic Consequences</string>
            </description>
            <intendedEndUserRole>
              <value>teacher</value>
            </intendedEndUserRole>
            <context />
          </educational>
          <imsqti:qtiMetadata>
            <imsqti:interactionType>choiceInteraction</imsqti:interactionType>
            <imsqti:itemTemplate>false</imsqti:itemTemplate>
            <imsqti:timeDependent>false</imsqti:timeDependent>
            <imsqti:composite>false</imsqti:composite>
            <imsqti:solutionAvailable>true</imsqti:solutionAvailable>
            <imsqti:feedbackType>none</imsqti:feedbackType>
          </imsqti:qtiMetadata>
        </lom>
      </metadata>
      <file href="Q20_Multiple_Choice.xml" />
    </resource>
    <resource identifier="ID_QTIExport_Resource_21" type="imsqti_item_xmlv2p1" href="Q21_Multiple_Choice.xml">
      <metadata>
        <lom xmlns="http://ltsc.ieee.org/xsd/LOM">
          <general>
            <title>
              <string>Which of the following is NOT associated with social inhibition or facilitation?</string>
            </title>
          </general>
          <educational>
            <description>
              <string>Economic Consequences</string>
            </description>
            <intendedEndUserRole>
              <value>teacher</value>
            </intendedEndUserRole>
            <context />
          </educational>
          <imsqti:qtiMetadata>
            <imsqti:interactionType>choiceInteraction</imsqti:interactionType>
            <imsqti:itemTemplate>false</imsqti:itemTemplate>
            <imsqti:timeDependent>false</imsqti:timeDependent>
            <imsqti:composite>false</imsqti:composite>
            <imsqti:solutionAvailable>true</imsqti:solutionAvailable>
            <imsqti:feedbackType>none</imsqti:feedbackType>
          </imsqti:qtiMetadata>
        </lom>
      </metadata>
      <file href="Q21_Multiple_Choice.xml" />
    </resource>
    <resource identifier="ID_QTIExport_Resource_22" type="imsqti_item_xmlv2p1" href="Q22_Multiple_Choice.xml">
      <metadata>
        <lom xmlns="http://ltsc.ieee.org/xsd/LOM">
          <general>
            <title>
              <string>A clerk is typing and starts to make mistakes when they notice that the person sitting next to them is typing much faster and making fewer mistakes. The clerks increase in mistakes is probably due to:</string>
            </title>
          </general>
          <educational>
            <description>
              <string>Economic Consequences</string>
            </description>
            <intendedEndUserRole>
              <value>teacher</value>
            </intendedEndUserRole>
            <context />
          </educational>
          <imsqti:qtiMetadata>
            <imsqti:interactionType>choiceInteraction</imsqti:interactionType>
            <imsqti:itemTemplate>false</imsqti:itemTemplate>
            <imsqti:timeDependent>false</imsqti:timeDependent>
            <imsqti:composite>false</imsqti:composite>
            <imsqti:solutionAvailable>true</imsqti:solutionAvailable>
            <imsqti:feedbackType>none</imsqti:feedbackType>
          </imsqti:qtiMetadata>
        </lom>
      </metadata>
      <file href="Q22_Multiple_Choice.xml" />
    </resource>
    <resource identifier="ID_QTIExport_Resource_23" type="imsqti_item_xmlv2p1" href="Q23_Multiple_Choice.xml">
      <metadata>
        <lom xmlns="http://ltsc.ieee.org/xsd/LOM">
          <general>
            <title>
              <string>Bill is an excellent typist, Fred is average, and Jose is just learning to type. If an audience started to watch them type, we would expect ____ to do better and ____ to do worse.</string>
            </title>
          </general>
          <educational>
            <description>
              <string>Economic Consequences</string>
            </description>
            <intendedEndUserRole>
              <value>teacher</value>
            </intendedEndUserRole>
            <context />
          </educational>
          <imsqti:qtiMetadata>
            <imsqti:interactionType>choiceInteraction</imsqti:interactionType>
            <imsqti:itemTemplate>false</imsqti:itemTemplate>
            <imsqti:timeDependent>false</imsqti:timeDependent>
            <imsqti:composite>false</imsqti:composite>
            <imsqti:solutionAvailable>true</imsqti:solutionAvailable>
            <imsqti:feedbackType>none</imsqti:feedbackType>
          </imsqti:qtiMetadata>
        </lom>
      </metadata>
      <file href="Q23_Multiple_Choice.xml" />
    </resource>
    <resource identifier="ID_QTIExport_Resource_24" type="imsqti_item_xmlv2p1" href="Q24_Multiple_Choice.xml">
      <metadata>
        <lom xmlns="http://ltsc.ieee.org/xsd/LOM">
          <general>
            <title>
              <string>A member of a small task force has decreased the amount of their individual effort on the group's task. The task force member is exhibiting:</string>
            </title>
          </general>
          <educational>
            <description>
              <string>Economic Consequences</string>
            </description>
            <intendedEndUserRole>
              <value>teacher</value>
            </intendedEndUserRole>
            <context />
          </educational>
          <imsqti:qtiMetadata>
            <imsqti:interactionType>choiceInteraction</imsqti:interactionType>
            <imsqti:itemTemplate>false</imsqti:itemTemplate>
            <imsqti:timeDependent>false</imsqti:timeDependent>
            <imsqti:composite>false</imsqti:composite>
            <imsqti:solutionAvailable>true</imsqti:solutionAvailable>
            <imsqti:feedbackType>none</imsqti:feedbackType>
          </imsqti:qtiMetadata>
        </lom>
      </metadata>
      <file href="Q24_Multiple_Choice.xml" />
    </resource>
    <resource identifier="ID_QTIExport_Resource_25" type="imsqti_item_xmlv2p1" href="Q25_Multiple_Choice.xml">
      <metadata>
        <lom xmlns="http://ltsc.ieee.org/xsd/LOM">
          <general>
            <title>
              <string>Rosa notices that none of the other members of her group are working hard so she decides to lower her effort. Rosa’s behavior supports the _____ theory of social loafing.</string>
            </title>
          </general>
          <educational>
            <description>
              <string>Economic Consequences</string>
            </description>
            <intendedEndUserRole>
              <value>teacher</value>
            </intendedEndUserRole>
            <context />
          </educational>
          <imsqti:qtiMetadata>
            <imsqti:interactionType>choiceInteraction</imsqti:interactionType>
            <imsqti:itemTemplate>false</imsqti:itemTemplate>
            <imsqti:timeDependent>false</imsqti:timeDependent>
            <imsqti:composite>false</imsqti:composite>
            <imsqti:solutionAvailable>true</imsqti:solutionAvailable>
            <imsqti:feedbackType>none</imsqti:feedbackType>
          </imsqti:qtiMetadata>
        </lom>
      </metadata>
      <file href="Q25_Multiple_Choice.xml" />
    </resource>
    <resource identifier="ID_QTIExport_Resource_26" type="imsqti_item_xmlv2p1" href="Q26_Multiple_Choice.xml">
      <metadata>
        <lom xmlns="http://ltsc.ieee.org/xsd/LOM">
          <general>
            <title>
              <string>Imani is working on a group project with three other students. The project is going great so Imani decides to reduce her effort. The theory that best explains Imani’s social loafing is:</string>
            </title>
          </general>
          <educational>
            <description>
              <string>Economic Consequences</string>
            </description>
            <intendedEndUserRole>
              <value>teacher</value>
            </intendedEndUserRole>
            <context />
          </educational>
          <imsqti:qtiMetadata>
            <imsqti:interactionType>choiceInteraction</imsqti:interactionType>
            <imsqti:itemTemplate>false</imsqti:itemTemplate>
            <imsqti:timeDependent>false</imsqti:timeDependent>
            <imsqti:composite>false</imsqti:composite>
            <imsqti:solutionAvailable>true</imsqti:solutionAvailable>
            <imsqti:feedbackType>none</imsqti:feedbackType>
          </imsqti:qtiMetadata>
        </lom>
      </metadata>
      <file href="Q26_Multiple_Choice.xml" />
    </resource>
    <resource identifier="ID_QTIExport_Resource_27" type="imsqti_item_xmlv2p1" href="Q27_Multiple_Choice.xml">
      <metadata>
        <lom xmlns="http://ltsc.ieee.org/xsd/LOM">
          <general>
            <title>
              <string>Which of the following is true about the effect of individual dominance in a group?</string>
            </title>
          </general>
          <educational>
            <description>
              <string>Economic Consequences</string>
            </description>
            <intendedEndUserRole>
              <value>teacher</value>
            </intendedEndUserRole>
            <context />
          </educational>
          <imsqti:qtiMetadata>
            <imsqti:interactionType>choiceInteraction</imsqti:interactionType>
            <imsqti:itemTemplate>false</imsqti:itemTemplate>
            <imsqti:timeDependent>false</imsqti:timeDependent>
            <imsqti:composite>false</imsqti:composite>
            <imsqti:solutionAvailable>true</imsqti:solutionAvailable>
            <imsqti:feedbackType>none</imsqti:feedbackType>
          </imsqti:qtiMetadata>
        </lom>
      </metadata>
      <file href="Q27_Multiple_Choice.xml" />
    </resource>
    <resource identifier="ID_QTIExport_Resource_28" type="imsqti_item_xmlv2p1" href="Q28_Multiple_Choice.xml">
      <metadata>
        <lom xmlns="http://ltsc.ieee.org/xsd/LOM">
          <general>
            <title>
              <string>A situation in which a group becomes so cohesive and like-minded that it makes poor decisions by ignoring information relevant to the decision-making process is:</string>
            </title>
          </general>
          <educational>
            <description>
              <string>Economic Consequences</string>
            </description>
            <intendedEndUserRole>
              <value>teacher</value>
            </intendedEndUserRole>
            <context />
          </educational>
          <imsqti:qtiMetadata>
            <imsqti:interactionType>choiceInteraction</imsqti:interactionType>
            <imsqti:itemTemplate>false</imsqti:itemTemplate>
            <imsqti:timeDependent>false</imsqti:timeDependent>
            <imsqti:composite>false</imsqti:composite>
            <imsqti:solutionAvailable>true</imsqti:solutionAvailable>
            <imsqti:feedbackType>none</imsqti:feedbackType>
          </imsqti:qtiMetadata>
        </lom>
      </metadata>
      <file href="Q28_Multiple_Choice.xml" />
    </resource>
    <resource identifier="ID_QTIExport_Resource_29" type="imsqti_item_xmlv2p1" href="Q29_Multiple_Choice.xml">
      <metadata>
        <lom xmlns="http://ltsc.ieee.org/xsd/LOM">
          <general>
            <title>
              <string>Not having the group leader state their own position in the decision-making process, and having the group leader promote open discussion and encourage group members to speak, are ways to reduce the effects of:</string>
            </title>
          </general>
          <educational>
            <description>
              <string>Economic Consequences</string>
            </description>
            <intendedEndUserRole>
              <value>teacher</value>
            </intendedEndUserRole>
            <context />
          </educational>
          <imsqti:qtiMetadata>
            <imsqti:interactionType>choiceInteraction</imsqti:interactionType>
            <imsqti:itemTemplate>false</imsqti:itemTemplate>
            <imsqti:timeDependent>false</imsqti:timeDependent>
            <imsqti:composite>false</imsqti:composite>
            <imsqti:solutionAvailable>true</imsqti:solutionAvailable>
            <imsqti:feedbackType>none</imsqti:feedbackType>
          </imsqti:qtiMetadata>
        </lom>
      </metadata>
      <file href="Q29_Multiple_Choice.xml" />
    </resource>
    <resource identifier="ID_QTIExport_Resource_30" type="imsqti_item_xmlv2p1" href="Q30_Multiple_Choice.xml">
      <metadata>
        <lom xmlns="http://ltsc.ieee.org/xsd/LOM">
          <general>
            <title>
              <string>When a group becomes too cohesive and insulated from outside help, _____ is likely to occur:</string>
            </title>
          </general>
          <educational>
            <description>
              <string>Economic Consequences</string>
            </description>
            <intendedEndUserRole>
              <value>teacher</value>
            </intendedEndUserRole>
            <context />
          </educational>
          <imsqti:qtiMetadata>
            <imsqti:interactionType>choiceInteraction</imsqti:interactionType>
            <imsqti:itemTemplate>false</imsqti:itemTemplate>
            <imsqti:timeDependent>false</imsqti:timeDependent>
            <imsqti:composite>false</imsqti:composite>
            <imsqti:solutionAvailable>true</imsqti:solutionAvailable>
            <imsqti:feedbackType>none</imsqti:feedbackType>
          </imsqti:qtiMetadata>
        </lom>
      </metadata>
      <file href="Q30_Multiple_Choice.xml" />
    </resource>
    <resource identifier="ID_QTIExport_Resource_31" type="imsqti_item_xmlv2p1" href="Q31_Multiple_Choice.xml">
      <metadata>
        <lom xmlns="http://ltsc.ieee.org/xsd/LOM">
          <general>
            <title>
              <string>Which of the following should a leader NOT do to reduce groupthink?</string>
            </title>
          </general>
          <educational>
            <description>
              <string>Economic Consequences</string>
            </description>
            <intendedEndUserRole>
              <value>teacher</value>
            </intendedEndUserRole>
            <context />
          </educational>
          <imsqti:qtiMetadata>
            <imsqti:interactionType>choiceInteraction</imsqti:interactionType>
            <imsqti:itemTemplate>false</imsqti:itemTemplate>
            <imsqti:timeDependent>false</imsqti:timeDependent>
            <imsqti:composite>false</imsqti:composite>
            <imsqti:solutionAvailable>true</imsqti:solutionAvailable>
            <imsqti:feedbackType>none</imsqti:feedbackType>
          </imsqti:qtiMetadata>
        </lom>
      </metadata>
      <file href="Q31_Multiple_Choice.xml" />
    </resource>
    <resource identifier="ID_QTIExport_Resource_32" type="imsqti_item_xmlv2p1" href="Q32_Multiple_Choice.xml">
      <metadata>
        <lom xmlns="http://ltsc.ieee.org/xsd/LOM">
          <general>
            <title>
              <string>A manager wants to increase the quality of their employee's decisions. The manager should have:</string>
            </title>
          </general>
          <educational>
            <description>
              <string>The Role of Private Insurance</string>
            </description>
            <intendedEndUserRole>
              <value>teacher</value>
            </intendedEndUserRole>
            <context />
          </educational>
          <imsqti:qtiMetadata>
            <imsqti:interactionType>choiceInteraction</imsqti:interactionType>
            <imsqti:itemTemplate>false</imsqti:itemTemplate>
            <imsqti:timeDependent>false</imsqti:timeDependent>
            <imsqti:composite>false</imsqti:composite>
            <imsqti:solutionAvailable>true</imsqti:solutionAvailable>
            <imsqti:feedbackType>none</imsqti:feedbackType>
          </imsqti:qtiMetadata>
        </lom>
      </metadata>
      <file href="Q32_Multiple_Choice.xml" />
    </resource>
    <resource identifier="ID_QTIExport_Resource_33" type="imsqti_item_xmlv2p1" href="Q33_Multiple_Choice.xml">
      <metadata>
        <lom xmlns="http://ltsc.ieee.org/xsd/LOM">
          <general>
            <title>
              <string>Which of the following is true about brainstorming?</string>
            </title>
          </general>
          <educational>
            <description>
              <string>The Future of Medicare</string>
            </description>
            <intendedEndUserRole>
              <value>teacher</value>
            </intendedEndUserRole>
            <context />
          </educational>
          <imsqti:qtiMetadata>
            <imsqti:interactionType>choiceInteraction</imsqti:interactionType>
            <imsqti:itemTemplate>false</imsqti:itemTemplate>
            <imsqti:timeDependent>false</imsqti:timeDependent>
            <imsqti:composite>false</imsqti:composite>
            <imsqti:solutionAvailable>true</imsqti:solutionAvailable>
            <imsqti:feedbackType>none</imsqti:feedbackType>
          </imsqti:qtiMetadata>
        </lom>
      </metadata>
      <file href="Q33_Multiple_Choice.xml" />
    </resource>
    <resource identifier="ID_QTIExport_Resource_34" type="imsqti_item_xmlv2p1" href="Q34_Multiple_Choice.xml">
      <metadata>
        <lom xmlns="http://ltsc.ieee.org/xsd/LOM">
          <general>
            <title>
              <string>Which of the following is NOT a factor that determines whether a collection of employees is a team rather than a "group" or a "committee”?</string>
            </title>
          </general>
          <educational>
            <description>
              <string>Medical Care for the Older Americans</string>
            </description>
            <intendedEndUserRole>
              <value>teacher</value>
            </intendedEndUserRole>
            <context />
          </educational>
          <imsqti:qtiMetadata>
            <imsqti:interactionType>choiceInteraction</imsqti:interactionType>
            <imsqti:itemTemplate>false</imsqti:itemTemplate>
            <imsqti:timeDependent>false</imsqti:timeDependent>
            <imsqti:composite>false</imsqti:composite>
            <imsqti:solutionAvailable>true</imsqti:solutionAvailable>
            <imsqti:feedbackType>none</imsqti:feedbackType>
          </imsqti:qtiMetadata>
        </lom>
      </metadata>
      <file href="Q34_Multiple_Choice.xml" />
    </resource>
    <resource identifier="ID_QTIExport_Resource_35" type="imsqti_item_xmlv2p1" href="Q35_Multiple_Choice.xml">
      <metadata>
        <lom xmlns="http://ltsc.ieee.org/xsd/LOM">
          <general>
            <title>
              <string>Which of the following characteristics suggests that a collection of five employees is a team rather than a "group" or a "committee”?</string>
            </title>
          </general>
          <educational>
            <description>
              <string>Medical Care for the Older Americans</string>
            </description>
            <intendedEndUserRole>
              <value>teacher</value>
            </intendedEndUserRole>
            <context />
          </educational>
          <imsqti:qtiMetadata>
            <imsqti:interactionType>choiceInteraction</imsqti:interactionType>
            <imsqti:itemTemplate>false</imsqti:itemTemplate>
            <imsqti:timeDependent>false</imsqti:timeDependent>
            <imsqti:composite>false</imsqti:composite>
            <imsqti:solutionAvailable>true</imsqti:solutionAvailable>
            <imsqti:feedbackType>none</imsqti:feedbackType>
          </imsqti:qtiMetadata>
        </lom>
      </metadata>
      <file href="Q35_Multiple_Choice.xml" />
    </resource>
    <resource identifier="ID_QTIExport_Resource_36" type="imsqti_item_xmlv2p1" href="Q36_Multiple_Choice.xml">
      <metadata>
        <lom xmlns="http://ltsc.ieee.org/xsd/LOM">
          <general>
            <title>
              <string>______ teams consist of representatives from various departments within an organization.</string>
            </title>
          </general>
          <educational>
            <description>
              <string>Medical Care for the Older Americans</string>
            </description>
            <intendedEndUserRole>
              <value>teacher</value>
            </intendedEndUserRole>
            <context />
          </educational>
          <imsqti:qtiMetadata>
            <imsqti:interactionType>choiceInteraction</imsqti:interactionType>
            <imsqti:itemTemplate>false</imsqti:itemTemplate>
            <imsqti:timeDependent>false</imsqti:timeDependent>
            <imsqti:composite>false</imsqti:composite>
            <imsqti:solutionAvailable>true</imsqti:solutionAvailable>
            <imsqti:feedbackType>none</imsqti:feedbackType>
          </imsqti:qtiMetadata>
        </lom>
      </metadata>
      <file href="Q36_Multiple_Choice.xml" />
    </resource>
    <resource identifier="ID_QTIExport_Resource_37" type="imsqti_item_xmlv2p1" href="Q37_Multiple_Choice.xml">
      <metadata>
        <lom xmlns="http://ltsc.ieee.org/xsd/LOM">
          <general>
            <title>
              <string>During the _____ stage of team development, team members often become frustrated with their roles.</string>
            </title>
          </general>
          <educational>
            <description>
              <string>Explain how teams operate</string>
            </description>
            <intendedEndUserRole>
              <value>teacher</value>
            </intendedEndUserRole>
            <context />
          </educational>
          <imsqti:qtiMetadata>
            <imsqti:interactionType>choiceInteraction</imsqti:interactionType>
            <imsqti:itemTemplate>false</imsqti:itemTemplate>
            <imsqti:timeDependent>false</imsqti:timeDependent>
            <imsqti:composite>false</imsqti:composite>
            <imsqti:solutionAvailable>true</imsqti:solutionAvailable>
            <imsqti:feedbackType>none</imsqti:feedbackType>
          </imsqti:qtiMetadata>
        </lom>
      </metadata>
      <file href="Q37_Multiple_Choice.xml" />
    </resource>
    <resource identifier="ID_QTIExport_Resource_38" type="imsqti_item_xmlv2p1" href="Q38_Multiple_Choice.xml">
      <metadata>
        <lom xmlns="http://ltsc.ieee.org/xsd/LOM">
          <general>
            <title>
              <string>Many teams are formed to solve problems but are not given sufficient authority to conduct their business. This is a problem involving:</string>
            </title>
          </general>
          <educational>
            <description>
              <string>Explain how teams operate</string>
            </description>
            <intendedEndUserRole>
              <value>teacher</value>
            </intendedEndUserRole>
            <context />
          </educational>
          <imsqti:qtiMetadata>
            <imsqti:interactionType>choiceInteraction</imsqti:interactionType>
            <imsqti:itemTemplate>false</imsqti:itemTemplate>
            <imsqti:timeDependent>false</imsqti:timeDependent>
            <imsqti:composite>false</imsqti:composite>
            <imsqti:solutionAvailable>true</imsqti:solutionAvailable>
            <imsqti:feedbackType>none</imsqti:feedbackType>
          </imsqti:qtiMetadata>
        </lom>
      </metadata>
      <file href="Q38_Multiple_Choice.xml" />
    </resource>
    <resource identifier="ID_QTIExport_Resource_39" type="imsqti_item_xmlv2p1" href="Q39_Multiple_Choice.xml">
      <metadata>
        <lom xmlns="http://ltsc.ieee.org/xsd/LOM">
          <general>
            <title>
              <string>Individuals from one part of the organization often rely on individuals from other departments in the company in order to meet common goals. Such conflicts which arise between various groups are probably caused by:</string>
            </title>
          </general>
          <educational>
            <description>
              <string>Identify the causes of conflict</string>
            </description>
            <intendedEndUserRole>
              <value>teacher</value>
            </intendedEndUserRole>
            <context />
          </educational>
          <imsqti:qtiMetadata>
            <imsqti:interactionType>choiceInteraction</imsqti:interactionType>
            <imsqti:itemTemplate>false</imsqti:itemTemplate>
            <imsqti:timeDependent>false</imsqti:timeDependent>
            <imsqti:composite>false</imsqti:composite>
            <imsqti:solutionAvailable>true</imsqti:solutionAvailable>
            <imsqti:feedbackType>none</imsqti:feedbackType>
          </imsqti:qtiMetadata>
        </lom>
      </metadata>
      <file href="Q39_Multiple_Choice.xml" />
    </resource>
    <resource identifier="ID_QTIExport_Resource_40" type="imsqti_item_xmlv2p1" href="Q40_Multiple_Choice.xml">
      <metadata>
        <lom xmlns="http://ltsc.ieee.org/xsd/LOM">
          <general>
            <title>
              <string>Which source of conflict results when geographical boundaries or lines of authority are unclear?</string>
            </title>
          </general>
          <educational>
            <description>
              <string>Identify the causes of conflict</string>
            </description>
            <intendedEndUserRole>
              <value>teacher</value>
            </intendedEndUserRole>
            <context />
          </educational>
          <imsqti:qtiMetadata>
            <imsqti:interactionType>choiceInteraction</imsqti:interactionType>
            <imsqti:itemTemplate>false</imsqti:itemTemplate>
            <imsqti:timeDependent>false</imsqti:timeDependent>
            <imsqti:composite>false</imsqti:composite>
            <imsqti:solutionAvailable>true</imsqti:solutionAvailable>
            <imsqti:feedbackType>none</imsqti:feedbackType>
          </imsqti:qtiMetadata>
        </lom>
      </metadata>
      <file href="Q40_Multiple_Choice.xml" />
    </resource>
    <resource identifier="ID_QTIExport_Resource_41" type="imsqti_item_xmlv2p1" href="Q41_Multiple_Choice.xml">
      <metadata>
        <lom xmlns="http://ltsc.ieee.org/xsd/LOM">
          <general>
            <title>
              <string>The barriers to interpersonal communication that can cause conflict are:</string>
            </title>
          </general>
          <educational>
            <description>
              <string>Identify the causes of conflict</string>
            </description>
            <intendedEndUserRole>
              <value>teacher</value>
            </intendedEndUserRole>
            <context />
          </educational>
          <imsqti:qtiMetadata>
            <imsqti:interactionType>choiceInteraction</imsqti:interactionType>
            <imsqti:itemTemplate>false</imsqti:itemTemplate>
            <imsqti:timeDependent>false</imsqti:timeDependent>
            <imsqti:composite>false</imsqti:composite>
            <imsqti:solutionAvailable>true</imsqti:solutionAvailable>
            <imsqti:feedbackType>none</imsqti:feedbackType>
          </imsqti:qtiMetadata>
        </lom>
      </metadata>
      <file href="Q41_Multiple_Choice.xml" />
    </resource>
    <resource identifier="ID_QTIExport_Resource_42" type="imsqti_item_xmlv2p1" href="Q42_Multiple_Choice.xml">
      <metadata>
        <lom xmlns="http://ltsc.ieee.org/xsd/LOM">
          <general>
            <title>
              <string>Your text lists several sources of conflict. Which one is NOT listed as a source of conflict?</string>
            </title>
          </general>
          <educational>
            <description>
              <string>Identify the causes of conflict</string>
            </description>
            <intendedEndUserRole>
              <value>teacher</value>
            </intendedEndUserRole>
            <context />
          </educational>
          <imsqti:qtiMetadata>
            <imsqti:interactionType>choiceInteraction</imsqti:interactionType>
            <imsqti:itemTemplate>false</imsqti:itemTemplate>
            <imsqti:timeDependent>false</imsqti:timeDependent>
            <imsqti:composite>false</imsqti:composite>
            <imsqti:solutionAvailable>true</imsqti:solutionAvailable>
            <imsqti:feedbackType>none</imsqti:feedbackType>
          </imsqti:qtiMetadata>
        </lom>
      </metadata>
      <file href="Q42_Multiple_Choice.xml" />
    </resource>
    <resource identifier="ID_QTIExport_Resource_43" type="imsqti_item_xmlv2p1" href="Q43_Multiple_Choice.xml">
      <metadata>
        <lom xmlns="http://ltsc.ieee.org/xsd/LOM">
          <general>
            <title>
              <string>A difficult worker obsessed with completing a task quickly is classified as a _____, whereas one who dominates conversations and does not listen to others' ideas is a _____.</string>
            </title>
          </general>
          <educational>
            <description>
              <string>Identify the causes of conflict</string>
            </description>
            <intendedEndUserRole>
              <value>teacher</value>
            </intendedEndUserRole>
            <context />
          </educational>
          <imsqti:qtiMetadata>
            <imsqti:interactionType>choiceInteraction</imsqti:interactionType>
            <imsqti:itemTemplate>false</imsqti:itemTemplate>
            <imsqti:timeDependent>false</imsqti:timeDependent>
            <imsqti:composite>false</imsqti:composite>
            <imsqti:solutionAvailable>true</imsqti:solutionAvailable>
            <imsqti:feedbackType>none</imsqti:feedbackType>
          </imsqti:qtiMetadata>
        </lom>
      </metadata>
      <file href="Q43_Multiple_Choice.xml" />
    </resource>
    <resource identifier="ID_QTIExport_Resource_44" type="imsqti_item_xmlv2p1" href="Q44_Multiple_Choice.xml">
      <metadata>
        <lom xmlns="http://ltsc.ieee.org/xsd/LOM">
          <general>
            <title>
              <string>Some people have a high need for attention. The _____ yells a lot for attention and the _____ gets attention by poking fun at others.</string>
            </title>
          </general>
          <educational>
            <description>
              <string>Identify the causes of conflict</string>
            </description>
            <intendedEndUserRole>
              <value>teacher</value>
            </intendedEndUserRole>
            <context />
          </educational>
          <imsqti:qtiMetadata>
            <imsqti:interactionType>choiceInteraction</imsqti:interactionType>
            <imsqti:itemTemplate>false</imsqti:itemTemplate>
            <imsqti:timeDependent>false</imsqti:timeDependent>
            <imsqti:composite>false</imsqti:composite>
            <imsqti:solutionAvailable>true</imsqti:solutionAvailable>
            <imsqti:feedbackType>none</imsqti:feedbackType>
          </imsqti:qtiMetadata>
        </lom>
      </metadata>
      <file href="Q44_Multiple_Choice.xml" />
    </resource>
    <resource identifier="ID_QTIExport_Resource_45" type="imsqti_item_xmlv2p1" href="Q45_Multiple_Choice.xml">
      <metadata>
        <lom xmlns="http://ltsc.ieee.org/xsd/LOM">
          <general>
            <title>
              <string>A person who ignores conflict and hopes it will go away is using a(n) _______ style.</string>
            </title>
          </general>
          <educational>
            <description>
              <string>Identify the causes of conflict</string>
            </description>
            <intendedEndUserRole>
              <value>teacher</value>
            </intendedEndUserRole>
            <context />
          </educational>
          <imsqti:qtiMetadata>
            <imsqti:interactionType>choiceInteraction</imsqti:interactionType>
            <imsqti:itemTemplate>false</imsqti:itemTemplate>
            <imsqti:timeDependent>false</imsqti:timeDependent>
            <imsqti:composite>false</imsqti:composite>
            <imsqti:solutionAvailable>true</imsqti:solutionAvailable>
            <imsqti:feedbackType>none</imsqti:feedbackType>
          </imsqti:qtiMetadata>
        </lom>
      </metadata>
      <file href="Q45_Multiple_Choice.xml" />
    </resource>
    <resource identifier="ID_QTIExport_Resource_46" type="imsqti_item_xmlv2p1" href="Q46_Multiple_Choice.xml">
      <metadata>
        <lom xmlns="http://ltsc.ieee.org/xsd/LOM">
          <general>
            <title>
              <string>A person who manages conflict by ignoring it is using a(n) _____ style whereas someone who always gives in to others and risks hurting themself uses a(n) ____ style for handling conflict.</string>
            </title>
          </general>
          <educational>
            <description>
              <string>Identify the causes of conflict</string>
            </description>
            <intendedEndUserRole>
              <value>teacher</value>
            </intendedEndUserRole>
            <context />
          </educational>
          <imsqti:qtiMetadata>
            <imsqti:interactionType>choiceInteraction</imsqti:interactionType>
            <imsqti:itemTemplate>false</imsqti:itemTemplate>
            <imsqti:timeDependent>false</imsqti:timeDependent>
            <imsqti:composite>false</imsqti:composite>
            <imsqti:solutionAvailable>true</imsqti:solutionAvailable>
            <imsqti:feedbackType>none</imsqti:feedbackType>
          </imsqti:qtiMetadata>
        </lom>
      </metadata>
      <file href="Q46_Multiple_Choice.xml" />
    </resource>
    <resource identifier="ID_QTIExport_Resource_47" type="imsqti_item_xmlv2p1" href="Q47_Multiple_Choice.xml">
      <metadata>
        <lom xmlns="http://ltsc.ieee.org/xsd/LOM">
          <general>
            <title>
              <string>People who use a(n) _______ conflict managing style handle conflict in a win-lose manner and do what it takes to win with no regard for other people.</string>
            </title>
          </general>
          <educational>
            <description>
              <string>Identify the causes of conflict</string>
            </description>
            <intendedEndUserRole>
              <value>teacher</value>
            </intendedEndUserRole>
            <context />
          </educational>
          <imsqti:qtiMetadata>
            <imsqti:interactionType>choiceInteraction</imsqti:interactionType>
            <imsqti:itemTemplate>false</imsqti:itemTemplate>
            <imsqti:timeDependent>false</imsqti:timeDependent>
            <imsqti:composite>false</imsqti:composite>
            <imsqti:solutionAvailable>true</imsqti:solutionAvailable>
            <imsqti:feedbackType>none</imsqti:feedbackType>
          </imsqti:qtiMetadata>
        </lom>
      </metadata>
      <file href="Q47_Multiple_Choice.xml" />
    </resource>
    <resource identifier="ID_QTIExport_Resource_48" type="imsqti_item_xmlv2p1" href="Q48_Multiple_Choice.xml">
      <metadata>
        <lom xmlns="http://ltsc.ieee.org/xsd/LOM">
          <general>
            <title>
              <string>A _____ conflict style handles conflict in a win-lose fashion whereas a _____ style adopts give and take tactics.</string>
            </title>
          </general>
          <educational>
            <description>
              <string>Identify the causes of conflict</string>
            </description>
            <intendedEndUserRole>
              <value>teacher</value>
            </intendedEndUserRole>
            <context />
          </educational>
          <imsqti:qtiMetadata>
            <imsqti:interactionType>choiceInteraction</imsqti:interactionType>
            <imsqti:itemTemplate>false</imsqti:itemTemplate>
            <imsqti:timeDependent>false</imsqti:timeDependent>
            <imsqti:composite>false</imsqti:composite>
            <imsqti:solutionAvailable>true</imsqti:solutionAvailable>
            <imsqti:feedbackType>none</imsqti:feedbackType>
          </imsqti:qtiMetadata>
        </lom>
      </metadata>
      <file href="Q48_Multiple_Choice.xml" />
    </resource>
    <resource identifier="ID_QTIExport_Resource_49" type="imsqti_item_xmlv2p1" href="Q49_Multiple_Choice.xml">
      <metadata>
        <lom xmlns="http://ltsc.ieee.org/xsd/LOM">
          <general>
            <title>
              <string>Although it can take a lot of time and effort, the best style for handling conflict is:</string>
            </title>
          </general>
          <educational>
            <description>
              <string>Identify the causes of conflict</string>
            </description>
            <intendedEndUserRole>
              <value>teacher</value>
            </intendedEndUserRole>
            <context />
          </educational>
          <imsqti:qtiMetadata>
            <imsqti:interactionType>choiceInteraction</imsqti:interactionType>
            <imsqti:itemTemplate>false</imsqti:itemTemplate>
            <imsqti:timeDependent>false</imsqti:timeDependent>
            <imsqti:composite>false</imsqti:composite>
            <imsqti:solutionAvailable>true</imsqti:solutionAvailable>
            <imsqti:feedbackType>none</imsqti:feedbackType>
          </imsqti:qtiMetadata>
        </lom>
      </metadata>
      <file href="Q49_Multiple_Choice.xml" />
    </resource>
    <resource identifier="ID_QTIExport_Resource_50" type="imsqti_item_xmlv2p1" href="Q50_Multiple_Choice.xml">
      <metadata>
        <lom xmlns="http://ltsc.ieee.org/xsd/LOM">
          <general>
            <title>
              <string>In negotiation, a BATNA will affect a person’s:</string>
            </title>
          </general>
          <educational>
            <description>
              <string>Reduce conflict</string>
            </description>
            <intendedEndUserRole>
              <value>teacher</value>
            </intendedEndUserRole>
            <context />
          </educational>
          <imsqti:qtiMetadata>
            <imsqti:interactionType>choiceInteraction</imsqti:interactionType>
            <imsqti:itemTemplate>false</imsqti:itemTemplate>
            <imsqti:timeDependent>false</imsqti:timeDependent>
            <imsqti:composite>false</imsqti:composite>
            <imsqti:solutionAvailable>true</imsqti:solutionAvailable>
            <imsqti:feedbackType>none</imsqti:feedbackType>
          </imsqti:qtiMetadata>
        </lom>
      </metadata>
      <file href="Q50_Multiple_Choice.xml" />
    </resource>
    <resource identifier="ID_QTIExport_Resource_51" type="imsqti_item_xmlv2p1" href="Q51_Multiple_Choice.xml">
      <metadata>
        <lom xmlns="http://ltsc.ieee.org/xsd/LOM">
          <general>
            <title>
              <string>A conflict resolution strategy that involves a neutral third party who helps both sides reach a mutually agreeable solution is known as:</string>
            </title>
          </general>
          <educational>
            <description>
              <string>Reduce conflict</string>
            </description>
            <intendedEndUserRole>
              <value>teacher</value>
            </intendedEndUserRole>
            <context />
          </educational>
          <imsqti:qtiMetadata>
            <imsqti:interactionType>choiceInteraction</imsqti:interactionType>
            <imsqti:itemTemplate>false</imsqti:itemTemplate>
            <imsqti:timeDependent>false</imsqti:timeDependent>
            <imsqti:composite>false</imsqti:composite>
            <imsqti:solutionAvailable>true</imsqti:solutionAvailable>
            <imsqti:feedbackType>none</imsqti:feedbackType>
          </imsqti:qtiMetadata>
        </lom>
      </metadata>
      <file href="Q51_Multiple_Choice.xml" />
    </resource>
    <resource identifier="ID_QTIExport_Resource_52" type="imsqti_item_xmlv2p1" href="Q52_Multiple_Choice.xml">
      <metadata>
        <lom xmlns="http://ltsc.ieee.org/xsd/LOM">
          <general>
            <title>
              <string>A conflict resolution strategy in which a neutral third party listens to all parties involved in a conflict and then makes a decision is called:</string>
            </title>
          </general>
          <educational>
            <description>
              <string>Reduce conflict</string>
            </description>
            <intendedEndUserRole>
              <value>teacher</value>
            </intendedEndUserRole>
            <context />
          </educational>
          <imsqti:qtiMetadata>
            <imsqti:interactionType>choiceInteraction</imsqti:interactionType>
            <imsqti:itemTemplate>false</imsqti:itemTemplate>
            <imsqti:timeDependent>false</imsqti:timeDependent>
            <imsqti:composite>false</imsqti:composite>
            <imsqti:solutionAvailable>true</imsqti:solutionAvailable>
            <imsqti:feedbackType>none</imsqti:feedbackType>
          </imsqti:qtiMetadata>
        </lom>
      </metadata>
      <file href="Q52_Multiple_Choice.xml" />
    </resource>
    <resource identifier="ID_QTIExport_Resource_53" type="imsqti_item_xmlv2p1" href="Q53_Objective_Short_Answer.xml">
      <metadata>
        <lom xmlns="http://ltsc.ieee.org/xsd/LOM">
          <general>
            <title>
              <string>What are the four factors that define a group?</string>
            </title>
          </general>
          <educational>
            <description>
              <string>Medical Care for the Older Americans</string>
            </description>
            <intendedEndUserRole>
              <value>teacher</value>
            </intendedEndUserRole>
            <context />
          </educational>
          <imsqti:qtiMetadata>
            <imsqti:interactionType>extendedTextInteraction</imsqti:interactionType>
            <imsqti:itemTemplate>false</imsqti:itemTemplate>
            <imsqti:timeDependent>false</imsqti:timeDependent>
            <imsqti:composite>false</imsqti:composite>
            <imsqti:solutionAvailable>true</imsqti:solutionAvailable>
            <imsqti:feedbackType>none</imsqti:feedbackType>
          </imsqti:qtiMetadata>
        </lom>
      </metadata>
      <file href="Q53_Objective_Short_Answer.xml" />
    </resource>
    <resource identifier="ID_QTIExport_Resource_54" type="imsqti_item_xmlv2p1" href="Q54_Objective_Short_Answer.xml">
      <metadata>
        <lom xmlns="http://ltsc.ieee.org/xsd/LOM">
          <general>
            <title>
              <string>What factors affect group performance?</string>
            </title>
          </general>
          <educational>
            <description>
              <string>Economic Consequences</string>
            </description>
            <intendedEndUserRole>
              <value>teacher</value>
            </intendedEndUserRole>
            <context />
          </educational>
          <imsqti:qtiMetadata>
            <imsqti:interactionType>extendedTextInteraction</imsqti:interactionType>
            <imsqti:itemTemplate>false</imsqti:itemTemplate>
            <imsqti:timeDependent>false</imsqti:timeDependent>
            <imsqti:composite>false</imsqti:composite>
            <imsqti:solutionAvailable>true</imsqti:solutionAvailable>
            <imsqti:feedbackType>none</imsqti:feedbackType>
          </imsqti:qtiMetadata>
        </lom>
      </metadata>
      <file href="Q54_Objective_Short_Answer.xml" />
    </resource>
    <resource identifier="ID_QTIExport_Resource_55" type="imsqti_item_xmlv2p1" href="Q55_Objective_Short_Answer.xml">
      <metadata>
        <lom xmlns="http://ltsc.ieee.org/xsd/LOM">
          <general>
            <title>
              <string>What factors affect group cohesiveness?</string>
            </title>
          </general>
          <educational>
            <description>
              <string>Economic Consequences</string>
            </description>
            <intendedEndUserRole>
              <value>teacher</value>
            </intendedEndUserRole>
            <context />
          </educational>
          <imsqti:qtiMetadata>
            <imsqti:interactionType>extendedTextInteraction</imsqti:interactionType>
            <imsqti:itemTemplate>false</imsqti:itemTemplate>
            <imsqti:timeDependent>false</imsqti:timeDependent>
            <imsqti:composite>false</imsqti:composite>
            <imsqti:solutionAvailable>true</imsqti:solutionAvailable>
            <imsqti:feedbackType>none</imsqti:feedbackType>
          </imsqti:qtiMetadata>
        </lom>
      </metadata>
      <file href="Q55_Objective_Short_Answer.xml" />
    </resource>
    <resource identifier="ID_QTIExport_Resource_56" type="imsqti_item_xmlv2p1" href="Q56_Objective_Short_Answer.xml">
      <metadata>
        <lom xmlns="http://ltsc.ieee.org/xsd/LOM">
          <general>
            <title>
              <string>What are the four stages in team development?</string>
            </title>
          </general>
          <educational>
            <description>
              <string>Explain how teams operate</string>
            </description>
            <intendedEndUserRole>
              <value>teacher</value>
            </intendedEndUserRole>
            <context />
          </educational>
          <imsqti:qtiMetadata>
            <imsqti:interactionType>extendedTextInteraction</imsqti:interactionType>
            <imsqti:itemTemplate>false</imsqti:itemTemplate>
            <imsqti:timeDependent>false</imsqti:timeDependent>
            <imsqti:composite>false</imsqti:composite>
            <imsqti:solutionAvailable>true</imsqti:solutionAvailable>
            <imsqti:feedbackType>none</imsqti:feedbackType>
          </imsqti:qtiMetadata>
        </lom>
      </metadata>
      <file href="Q56_Objective_Short_Answer.xml" />
    </resource>
    <resource identifier="ID_QTIExport_Resource_57" type="imsqti_item_xmlv2p1" href="Q57_Objective_Short_Answer.xml">
      <metadata>
        <lom xmlns="http://ltsc.ieee.org/xsd/LOM">
          <general>
            <title>
              <string>What are the major reasons for conflict?</string>
            </title>
          </general>
          <educational>
            <description>
              <string>Identify the causes of conflict</string>
            </description>
            <intendedEndUserRole>
              <value>teacher</value>
            </intendedEndUserRole>
            <context />
          </educational>
          <imsqti:qtiMetadata>
            <imsqti:interactionType>extendedTextInteraction</imsqti:interactionType>
            <imsqti:itemTemplate>false</imsqti:itemTemplate>
            <imsqti:timeDependent>false</imsqti:timeDependent>
            <imsqti:composite>false</imsqti:composite>
            <imsqti:solutionAvailable>true</imsqti:solutionAvailable>
            <imsqti:feedbackType>none</imsqti:feedbackType>
          </imsqti:qtiMetadata>
        </lom>
      </metadata>
      <file href="Q57_Objective_Short_Answer.xml" />
    </resource>
    <resource identifier="ID_QTIExport_Resource_58" type="imsqti_item_xmlv2p1" href="Q58_Objective_Short_Answer.xml">
      <metadata>
        <lom xmlns="http://ltsc.ieee.org/xsd/LOM">
          <general>
            <title>
              <string>What are the common reactions to conflict?</string>
            </title>
          </general>
          <educational>
            <description>
              <string>Reduce conflict</string>
            </description>
            <intendedEndUserRole>
              <value>teacher</value>
            </intendedEndUserRole>
            <context />
          </educational>
          <imsqti:qtiMetadata>
            <imsqti:interactionType>extendedTextInteraction</imsqti:interactionType>
            <imsqti:itemTemplate>false</imsqti:itemTemplate>
            <imsqti:timeDependent>false</imsqti:timeDependent>
            <imsqti:composite>false</imsqti:composite>
            <imsqti:solutionAvailable>true</imsqti:solutionAvailable>
            <imsqti:feedbackType>none</imsqti:feedbackType>
          </imsqti:qtiMetadata>
        </lom>
      </metadata>
      <file href="Q58_Objective_Short_Answer.xml" />
    </resource>
  </resources>
</manifest>