﻿<?xml version="1.0" encoding="UTF-8"?>
<assessmentItem xmlns:xsi="http://www.w3.org/2001/XMLSchema-instance" xmlns="http://www.imsglobal.org/xsd/imsqti_v2p1" xsi:schemaLocation="http://www.imsglobal.org/xsd/imsqti_v2p1 http://www.imsglobal.org/xsd/qti/qtiv2p1/imsqti_v2p1p2.xsd" identifier="test-item10" title="In Yellowstone National Park, a small group of employees runs a fast-food operation that is physically removed from all of the larger lodges in town. These employees comment that they feel separated from the company's other operations; however, each summer" adaptive="false" timeDependent="false">
  <responseDeclaration identifier="RESPONSE" cardinality="single" baseType="identifier">
    <correctResponse>
      <value>C2</value>
    </correctResponse>
  </responseDeclaration>
  <outcomeDeclaration identifier="SCORE" cardinality="single" baseType="integer" />
  <itemBody>
    <choiceInteraction responseIdentifier="RESPONSE" shuffle="true" maxChoices="1">
      <prompt>
        <span>
          <span>In Yellowstone National Park, a small group of employees runs a fast-food operation that is physically removed from all of the larger lodges in town. These employees comment that they feel separated from the company's other operations; however, each summer this group tends to be a tight-knit group. This exemplifies:</span>
        </span>
      </prompt>
      <simpleChoice identifier="C0">
        <span>
          <span>group homogeneity</span>
        </span>
      </simpleChoice>
      <simpleChoice identifier="C1">
        <span>
          <span>stability of group membership</span>
        </span>
      </simpleChoice>
      <simpleChoice identifier="C2">
        <span>
          <span>group isolation</span>
        </span>
      </simpleChoice>
      <simpleChoice identifier="C3">
        <span>
          <span>outside group pressure</span>
        </span>
      </simpleChoice>
    </choiceInteraction>
  </itemBody>
  <responseProcessing>
    <responseCondition>
      <responseIf>
        <match>
          <variable identifier="RESPONSE" />
          <correct identifier="RESPONSE" />
        </match>
        <setOutcomeValue identifier="SCORE">
          <baseValue baseType="integer">1</baseValue>
        </setOutcomeValue>
      </responseIf>
      <responseElse>
        <setOutcomeValue identifier="SCORE">
          <baseValue baseType="integer">0</baseValue>
        </setOutcomeValue>
      </responseElse>
    </responseCondition>
  </responseProcessing>
</assessmentItem>