﻿<?xml version="1.0" encoding="UTF-8"?>
<assessmentItem xmlns:xsi="http://www.w3.org/2001/XMLSchema-instance" xmlns="http://www.imsglobal.org/xsd/imsqti_v2p1" xsi:schemaLocation="http://www.imsglobal.org/xsd/imsqti_v2p1 http://www.imsglobal.org/xsd/qti/qtiv2p1/imsqti_v2p1p2.xsd" identifier="test-item16" title="A group member who coordinates the group's activities and finds new information is ____ oriented whereas one who's main role is encouraging and supporting others is ____ oriented." adaptive="false" timeDependent="false">
  <responseDeclaration identifier="RESPONSE" cardinality="single" baseType="identifier">
    <correctResponse>
      <value>C1</value>
    </correctResponse>
  </responseDeclaration>
  <outcomeDeclaration identifier="SCORE" cardinality="single" baseType="integer" />
  <itemBody>
    <choiceInteraction responseIdentifier="RESPONSE" shuffle="true" maxChoices="1">
      <prompt>
        <span class="p">
          <span>A group member who coordinates the group's activities and finds new information is ____</span>
        </span>
        <p class="p">
          <span>oriented whereas one who's main role is encouraging and supporting others is ____ oriented.</span>
        </p>
      </prompt>
      <simpleChoice identifier="C0">
        <span>
          <span>social / task</span>
        </span>
      </simpleChoice>
      <simpleChoice identifier="C1">
        <span>
          <span>task / social</span>
        </span>
      </simpleChoice>
      <simpleChoice identifier="C2">
        <span>
          <span>individual / maintenance</span>
        </span>
      </simpleChoice>
      <simpleChoice identifier="C3">
        <span>
          <span>individual / task</span>
        </span>
      </simpleChoice>
    </choiceInteraction>
  </itemBody>
  <responseProcessing>
    <responseCondition>
      <responseIf>
        <match>
          <variable identifier="RESPONSE" />
          <correct identifier="RESPONSE" />
        </match>
        <setOutcomeValue identifier="SCORE">
          <baseValue baseType="integer">1</baseValue>
        </setOutcomeValue>
      </responseIf>
      <responseElse>
        <setOutcomeValue identifier="SCORE">
          <baseValue baseType="integer">0</baseValue>
        </setOutcomeValue>
      </responseElse>
    </responseCondition>
  </responseProcessing>
</assessmentItem>