﻿<?xml version="1.0" encoding="UTF-8"?>
<assessmentItem xmlns:xsi="http://www.w3.org/2001/XMLSchema-instance" xmlns="http://www.imsglobal.org/xsd/imsqti_v2p1" xsi:schemaLocation="http://www.imsglobal.org/xsd/imsqti_v2p1 http://www.imsglobal.org/xsd/qti/qtiv2p1/imsqti_v2p1p2.xsd" identifier="test-item22" title="A clerk is typing and starts to make mistakes when they notice that the person sitting next to them is typing much faster and making fewer mistakes. The clerks increase in mistakes is probably due to:" adaptive="false" timeDependent="false">
  <responseDeclaration identifier="RESPONSE" cardinality="single" baseType="identifier">
    <correctResponse>
      <value>C0</value>
    </correctResponse>
  </responseDeclaration>
  <outcomeDeclaration identifier="SCORE" cardinality="single" baseType="integer" />
  <itemBody>
    <choiceInteraction responseIdentifier="RESPONSE" shuffle="true" maxChoices="1">
      <prompt>
        <span>
          <span>A clerk is typing and starts to make mistakes when they notice that the person sitting next to them is typing much faster and making fewer mistakes. The clerks increase in mistakes is probably due to:</span>
        </span>
      </prompt>
      <simpleChoice identifier="C0">
        <span>
          <span>Comparison</span>
        </span>
      </simpleChoice>
      <simpleChoice identifier="C1">
        <span>
          <span>evaluation apprehension</span>
        </span>
      </simpleChoice>
      <simpleChoice identifier="C2">
        <span>
          <span>mere presence</span>
        </span>
      </simpleChoice>
      <simpleChoice identifier="C3">
        <span>
          <span>social facilitation</span>
        </span>
      </simpleChoice>
    </choiceInteraction>
  </itemBody>
  <responseProcessing>
    <responseCondition>
      <responseIf>
        <match>
          <variable identifier="RESPONSE" />
          <correct identifier="RESPONSE" />
        </match>
        <setOutcomeValue identifier="SCORE">
          <baseValue baseType="integer">1</baseValue>
        </setOutcomeValue>
      </responseIf>
      <responseElse>
        <setOutcomeValue identifier="SCORE">
          <baseValue baseType="integer">0</baseValue>
        </setOutcomeValue>
      </responseElse>
    </responseCondition>
  </responseProcessing>
</assessmentItem>