﻿<?xml version="1.0" encoding="UTF-8"?>
<assessmentItem xmlns:xsi="http://www.w3.org/2001/XMLSchema-instance" xmlns="http://www.imsglobal.org/xsd/imsqti_v2p1" xsi:schemaLocation="http://www.imsglobal.org/xsd/imsqti_v2p1 http://www.imsglobal.org/xsd/qti/qtiv2p1/imsqti_v2p1p2.xsd" identifier="test-item3" title="Employees on the 7th floor go to lunch together and employees on the 2nd floor play together in a city basketball league. These examples demonstrate the importance of ____ in forming groups." adaptive="false" timeDependent="false">
  <responseDeclaration identifier="RESPONSE" cardinality="single" baseType="identifier">
    <correctResponse>
      <value>C1</value>
    </correctResponse>
  </responseDeclaration>
  <outcomeDeclaration identifier="SCORE" cardinality="single" baseType="integer" />
  <itemBody>
    <choiceInteraction responseIdentifier="RESPONSE" shuffle="true" maxChoices="1">
      <prompt>
        <span>
          <span>Employees on the 7</span>
          <sup>
            <span>th</span>
          </sup>
          <span>floor go to lunch together and employees on the 2</span>
          <sup>
            <span>nd</span>
          </sup>
          <span>floor play together in a city basketball league. These examples demonstrate the importance of ____ in forming groups.</span>
        </span>
      </prompt>
      <simpleChoice identifier="C0">
        <span>
          <span>emotional support</span>
        </span>
      </simpleChoice>
      <simpleChoice identifier="C1">
        <span>
          <span>physical proximity</span>
        </span>
      </simpleChoice>
      <simpleChoice identifier="C2">
        <span>
          <span>common interests</span>
        </span>
      </simpleChoice>
      <simpleChoice identifier="C3">
        <span>
          <span>assignment</span>
        </span>
      </simpleChoice>
    </choiceInteraction>
  </itemBody>
  <responseProcessing>
    <responseCondition>
      <responseIf>
        <match>
          <variable identifier="RESPONSE" />
          <correct identifier="RESPONSE" />
        </match>
        <setOutcomeValue identifier="SCORE">
          <baseValue baseType="integer">1</baseValue>
        </setOutcomeValue>
      </responseIf>
      <responseElse>
        <setOutcomeValue identifier="SCORE">
          <baseValue baseType="integer">0</baseValue>
        </setOutcomeValue>
      </responseElse>
    </responseCondition>
  </responseProcessing>
</assessmentItem>