﻿<?xml version="1.0" encoding="UTF-8"?>
<assessmentItem xmlns:xsi="http://www.w3.org/2001/XMLSchema-instance" xmlns="http://www.imsglobal.org/xsd/imsqti_v2p1" xsi:schemaLocation="http://www.imsglobal.org/xsd/imsqti_v2p1 http://www.imsglobal.org/xsd/qti/qtiv2p1/imsqti_v2p1p2.xsd" identifier="test-item46" title="A person who manages conflict by ignoring it is using a(n) _____ style whereas someone who always gives in to others and risks hurting themself uses a(n) ____ style for handling conflict." adaptive="false" timeDependent="false">
  <responseDeclaration identifier="RESPONSE" cardinality="single" baseType="identifier">
    <correctResponse>
      <value>C2</value>
    </correctResponse>
  </responseDeclaration>
  <outcomeDeclaration identifier="SCORE" cardinality="single" baseType="integer" />
  <itemBody>
    <choiceInteraction responseIdentifier="RESPONSE" shuffle="true" maxChoices="1">
      <prompt>
        <span>
          <span>A person who manages conflict by ignoring it is using a(n) _____ style whereas someone who always gives in to others and risks hurting themself uses a(n) ____ style for handling conflict.</span>
        </span>
      </prompt>
      <simpleChoice identifier="C0">
        <span>
          <span>accommodating / avoiding</span>
        </span>
      </simpleChoice>
      <simpleChoice identifier="C1">
        <span>
          <span>avoiding / collaborative</span>
        </span>
      </simpleChoice>
      <simpleChoice identifier="C2">
        <span>
          <span>avoiding / accommodating</span>
        </span>
      </simpleChoice>
      <simpleChoice identifier="C3">
        <span>
          <span>avoiding / compromising</span>
        </span>
      </simpleChoice>
    </choiceInteraction>
  </itemBody>
  <responseProcessing>
    <responseCondition>
      <responseIf>
        <match>
          <variable identifier="RESPONSE" />
          <correct identifier="RESPONSE" />
        </match>
        <setOutcomeValue identifier="SCORE">
          <baseValue baseType="integer">1</baseValue>
        </setOutcomeValue>
      </responseIf>
      <responseElse>
        <setOutcomeValue identifier="SCORE">
          <baseValue baseType="integer">0</baseValue>
        </setOutcomeValue>
      </responseElse>
    </responseCondition>
  </responseProcessing>
</assessmentItem>