﻿<?xml version="1.0" encoding="UTF-8"?>
<assessmentItem xmlns:xsi="http://www.w3.org/2001/XMLSchema-instance" xmlns="http://www.imsglobal.org/xsd/imsqti_v2p1" xsi:schemaLocation="http://www.imsglobal.org/xsd/imsqti_v2p1 http://www.imsglobal.org/xsd/qti/qtiv2p1/imsqti_v2p1p2.xsd" identifier="test-item9" title="The East Barbarians softball team in the Great White North Softball League has continually improved its record over the nine years it has been in the league. Most recently, the East Barbarians, with the same team members as in the previous eight years, won" adaptive="false" timeDependent="false">
  <responseDeclaration identifier="RESPONSE" cardinality="single" baseType="identifier">
    <correctResponse>
      <value>C1</value>
    </correctResponse>
  </responseDeclaration>
  <outcomeDeclaration identifier="SCORE" cardinality="single" baseType="integer" />
  <itemBody>
    <choiceInteraction responseIdentifier="RESPONSE" shuffle="true" maxChoices="1">
      <prompt>
        <span>
          <span>The East Barbarians softball team in the Great White North Softball League has continually improved its record over the nine years it has been in the league. Most recently, the East Barbarians, with the same team members as in the previous eight years, won the league championship for the first time. In this scenario, winning the championship probably BEST exemplifies the effects of:</span>
        </span>
      </prompt>
      <simpleChoice identifier="C0">
        <span>
          <span>the group's homogeneity</span>
        </span>
      </simpleChoice>
      <simpleChoice identifier="C1">
        <span>
          <span>the stability of group membership</span>
        </span>
      </simpleChoice>
      <simpleChoice identifier="C2">
        <span>
          <span>group status</span>
        </span>
      </simpleChoice>
      <simpleChoice identifier="C3">
        <span>
          <span>group communication structure</span>
        </span>
      </simpleChoice>
    </choiceInteraction>
  </itemBody>
  <responseProcessing>
    <responseCondition>
      <responseIf>
        <match>
          <variable identifier="RESPONSE" />
          <correct identifier="RESPONSE" />
        </match>
        <setOutcomeValue identifier="SCORE">
          <baseValue baseType="integer">1</baseValue>
        </setOutcomeValue>
      </responseIf>
      <responseElse>
        <setOutcomeValue identifier="SCORE">
          <baseValue baseType="integer">0</baseValue>
        </setOutcomeValue>
      </responseElse>
    </responseCondition>
  </responseProcessing>
</assessmentItem>