﻿<?xml version="1.0" encoding="UTF-8"?>
<assessmentItem xmlns:xsi="http://www.w3.org/2001/XMLSchema-instance" xmlns="http://www.imsglobal.org/xsd/imsqti_v2p1" xsi:schemaLocation="http://www.imsglobal.org/xsd/imsqti_v2p1 http://www.imsglobal.org/xsd/qti/qtiv2p1/imsqti_v2p1p2.xsd" identifier="test-item16" title="For two days prior to &amp;quot;opening,&amp;quot; employees in a food and beverage department actually take orders, prepare food, serve meals, and compute check totals for other employees posing as tourists. These exercises allow the staff members to work in an e" adaptive="false" timeDependent="false">
  <responseDeclaration identifier="RESPONSE" cardinality="single" baseType="identifier">
    <correctResponse>
      <value>C1</value>
    </correctResponse>
  </responseDeclaration>
  <outcomeDeclaration identifier="SCORE" cardinality="single" baseType="integer" />
  <itemBody>
    <choiceInteraction responseIdentifier="RESPONSE" shuffle="true" maxChoices="1">
      <prompt>
        <span>
          <span>For two days prior to "opening," employees in a food and beverage department actually take orders, prepare food, serve meals, and compute check totals for other employees posing as tourists. These exercises allow the staff members to work in an environment that closely resembles the actual work environment. These exercises are referred to as:</span>
        </span>
      </prompt>
      <simpleChoice identifier="C0">
        <span>
          <span>apprentice training</span>
        </span>
      </simpleChoice>
      <simpleChoice identifier="C1">
        <span>
          <span>simulations</span>
        </span>
      </simpleChoice>
      <simpleChoice identifier="C2">
        <span>
          <span>behavior modeling</span>
        </span>
      </simpleChoice>
      <simpleChoice identifier="C3">
        <span>
          <span>role playing</span>
        </span>
      </simpleChoice>
    </choiceInteraction>
  </itemBody>
  <responseProcessing>
    <responseCondition>
      <responseIf>
        <match>
          <variable identifier="RESPONSE" />
          <correct identifier="RESPONSE" />
        </match>
        <setOutcomeValue identifier="SCORE">
          <baseValue baseType="integer">1</baseValue>
        </setOutcomeValue>
      </responseIf>
      <responseElse>
        <setOutcomeValue identifier="SCORE">
          <baseValue baseType="integer">0</baseValue>
        </setOutcomeValue>
      </responseElse>
    </responseCondition>
  </responseProcessing>
</assessmentItem>