﻿<?xml version="1.0" encoding="UTF-8"?>
<assessmentItem xmlns:xsi="http://www.w3.org/2001/XMLSchema-instance" xmlns="http://www.imsglobal.org/xsd/imsqti_v2p1" xsi:schemaLocation="http://www.imsglobal.org/xsd/imsqti_v2p1 http://www.imsglobal.org/xsd/qti/qtiv2p1/imsqti_v2p1p2.xsd" identifier="test-item34" title="Though coaching has many strong points as a training method, it is not without its problems. Which of the following is a problem associated with using coaching as a training method?" adaptive="false" timeDependent="false">
  <responseDeclaration identifier="RESPONSE" cardinality="single" baseType="identifier">
    <correctResponse>
      <value>C1</value>
    </correctResponse>
  </responseDeclaration>
  <outcomeDeclaration identifier="SCORE" cardinality="single" baseType="integer" />
  <itemBody>
    <choiceInteraction responseIdentifier="RESPONSE" shuffle="true" maxChoices="1">
      <prompt>
        <span>
          <span>Though coaching has many strong points as a training method, it is not without its problems. Which of the following is a problem associated with using coaching as a training method?</span>
        </span>
      </prompt>
      <simpleChoice identifier="C0">
        <span>
          <span>Coaching increases the expert's productivity</span>
        </span>
      </simpleChoice>
      <simpleChoice identifier="C1">
        <span>
          <span>Good workers are not always good trainers</span>
        </span>
      </simpleChoice>
      <simpleChoice identifier="C2">
        <span>
          <span>Using employees to coach other employees is illegal</span>
        </span>
      </simpleChoice>
      <simpleChoice identifier="C3">
        <span>
          <span>Coaching often results in increased overtime</span>
        </span>
      </simpleChoice>
    </choiceInteraction>
  </itemBody>
  <responseProcessing>
    <responseCondition>
      <responseIf>
        <match>
          <variable identifier="RESPONSE" />
          <correct identifier="RESPONSE" />
        </match>
        <setOutcomeValue identifier="SCORE">
          <baseValue baseType="integer">1</baseValue>
        </setOutcomeValue>
      </responseIf>
      <responseElse>
        <setOutcomeValue identifier="SCORE">
          <baseValue baseType="integer">0</baseValue>
        </setOutcomeValue>
      </responseElse>
    </responseCondition>
  </responseProcessing>
</assessmentItem>