﻿<?xml version="1.0" encoding="UTF-8"?>
<assessmentItem xmlns:xsi="http://www.w3.org/2001/XMLSchema-instance" xmlns="http://www.imsglobal.org/xsd/imsqti_v2p1" xsi:schemaLocation="http://www.imsglobal.org/xsd/imsqti_v2p1 http://www.imsglobal.org/xsd/qti/qtiv2p1/imsqti_v2p1p2.xsd" identifier="test-item42" title="An organization requires its managers to &amp;quot;get away&amp;quot; for a few days and participate in a training program designed to increase their effectiveness as managers. Following the training program, managers often feel the training program was worthwhile" adaptive="false" timeDependent="false">
  <responseDeclaration identifier="RESPONSE" cardinality="single" baseType="identifier">
    <correctResponse>
      <value>C0</value>
    </correctResponse>
  </responseDeclaration>
  <outcomeDeclaration identifier="SCORE" cardinality="single" baseType="integer" />
  <itemBody>
    <choiceInteraction responseIdentifier="RESPONSE" shuffle="true" maxChoices="1">
      <prompt>
        <span class="p">
          <span>An organization requires its managers to "get away" for a few days and participate in a training program designed to increase their effectiveness as managers. Following the training program, managers often feel the training program was worthwhile; however, it is not uncommon for these managers to return to their operations and perform their old habits while ignoring the recently presented principles. This scenario is related to the issue of:</span>
        </span>
      </prompt>
      <simpleChoice identifier="C0">
        <span>
          <span>transfer of training</span>
        </span>
      </simpleChoice>
      <simpleChoice identifier="C1">
        <span>
          <span>massed practice</span>
        </span>
      </simpleChoice>
      <simpleChoice identifier="C2">
        <span>
          <span>distributed practice</span>
        </span>
      </simpleChoice>
      <simpleChoice identifier="C3">
        <span>
          <span>feedback</span>
        </span>
      </simpleChoice>
    </choiceInteraction>
  </itemBody>
  <responseProcessing>
    <responseCondition>
      <responseIf>
        <match>
          <variable identifier="RESPONSE" />
          <correct identifier="RESPONSE" />
        </match>
        <setOutcomeValue identifier="SCORE">
          <baseValue baseType="integer">1</baseValue>
        </setOutcomeValue>
      </responseIf>
      <responseElse>
        <setOutcomeValue identifier="SCORE">
          <baseValue baseType="integer">0</baseValue>
        </setOutcomeValue>
      </responseElse>
    </responseCondition>
  </responseProcessing>
</assessmentItem>