﻿<?xml version="1.0" encoding="UTF-8"?>
<assessmentItem xmlns:xsi="http://www.w3.org/2001/XMLSchema-instance" xmlns="http://www.imsglobal.org/xsd/imsqti_v2p1" xsi:schemaLocation="http://www.imsglobal.org/xsd/imsqti_v2p1 http://www.imsglobal.org/xsd/qti/qtiv2p1/imsqti_v2p1p2.xsd" identifier="test-item57" title="What are the five criteria used to evaluate training success?" adaptive="false" timeDependent="false">
  <responseDeclaration identifier="RESPONSE" cardinality="single" baseType="string" />
  <outcomeDeclaration identifier="SCORE" cardinality="single" baseType="integer" />
  <itemBody>
    <extendedTextInteraction responseIdentifier="RESPONSE" expectedLength="100">
      <prompt>
        <span>
          <span>What are the five criteria used to evaluate training success?</span>
        </span>
      </prompt>
    </extendedTextInteraction>
  </itemBody>
  <responseProcessing>
    <responseCondition>
      <responseIf>
        <or>
          <stringMatch caseSensitive="false">
            <variable identifier="RESPONSE" />
            <baseValue baseType="string">content validityemployee reactionsemployee learningapplication of trainingbottom-line measures</baseValue>
          </stringMatch>
        </or>
        <setOutcomeValue identifier="SCORE">
          <baseValue baseType="integer">1</baseValue>
        </setOutcomeValue>
      </responseIf>
      <responseElse>
        <setOutcomeValue identifier="SCORE">
          <baseValue baseType="integer">0</baseValue>
        </setOutcomeValue>
      </responseElse>
    </responseCondition>
  </responseProcessing>
</assessmentItem>