﻿<?xml version="1.0" encoding="UTF-8"?>
<assessmentItem xmlns:xsi="http://www.w3.org/2001/XMLSchema-instance" xmlns="http://www.imsglobal.org/xsd/imsqti_v2p1" xsi:schemaLocation="http://www.imsglobal.org/xsd/imsqti_v2p1 http://www.imsglobal.org/xsd/qti/qtiv2p1/imsqti_v2p1p2.xsd" identifier="test-item14" title="Raul's desk is located in a cubicle next to 30 other cubicles. Raul's company uses a ______ to design its office." adaptive="false" timeDependent="false">
  <responseDeclaration identifier="RESPONSE" cardinality="single" baseType="identifier">
    <correctResponse>
      <value>C1</value>
    </correctResponse>
  </responseDeclaration>
  <outcomeDeclaration identifier="SCORE" cardinality="single" baseType="integer" />
  <itemBody>
    <choiceInteraction responseIdentifier="RESPONSE" shuffle="true" maxChoices="1">
      <prompt>
        <span>
          <span>Raul's desk is located in a cubicle next to 30 other cubicles. Raul's company uses a ______ to design its office.</span>
        </span>
      </prompt>
      <simpleChoice identifier="C0">
        <span>
          <span>freestanding plan</span>
        </span>
      </simpleChoice>
      <simpleChoice identifier="C1">
        <span>
          <span>uniform plan</span>
        </span>
      </simpleChoice>
      <simpleChoice identifier="C2">
        <span>
          <span>free-form work station plan</span>
        </span>
      </simpleChoice>
      <simpleChoice identifier="C3">
        <span>
          <span>portable office approach</span>
        </span>
      </simpleChoice>
    </choiceInteraction>
  </itemBody>
  <responseProcessing>
    <responseCondition>
      <responseIf>
        <match>
          <variable identifier="RESPONSE" />
          <correct identifier="RESPONSE" />
        </match>
        <setOutcomeValue identifier="SCORE">
          <baseValue baseType="integer">1</baseValue>
        </setOutcomeValue>
      </responseIf>
      <responseElse>
        <setOutcomeValue identifier="SCORE">
          <baseValue baseType="integer">0</baseValue>
        </setOutcomeValue>
      </responseElse>
    </responseCondition>
  </responseProcessing>
</assessmentItem>