﻿<?xml version="1.0" encoding="UTF-8"?>
<assessmentItem xmlns:xsi="http://www.w3.org/2001/XMLSchema-instance" xmlns="http://www.imsglobal.org/xsd/imsqti_v2p1" xsi:schemaLocation="http://www.imsglobal.org/xsd/imsqti_v2p1 http://www.imsglobal.org/xsd/qti/qtiv2p1/imsqti_v2p1p2.xsd" identifier="test-item17" title="One of the concessionaires in Yellowstone National Park offers its employees a financial incentive for recommending applicants who are subsequently hired and remain on the job for a specific period of time. This BEST exemplifies:" adaptive="false" timeDependent="false">
  <responseDeclaration identifier="RESPONSE" cardinality="single" baseType="identifier">
    <correctResponse>
      <value>C2</value>
    </correctResponse>
  </responseDeclaration>
  <outcomeDeclaration identifier="SCORE" cardinality="single" baseType="integer" />
  <itemBody>
    <choiceInteraction responseIdentifier="RESPONSE" shuffle="true" maxChoices="1">
      <prompt>
        <span>
          <span>One of the concessionaires in Yellowstone National Park offers its employees a financial incentive for recommending applicants who are subsequently hired and remain on the job for a specific period of time. This BEST exemplifies:</span>
        </span>
      </prompt>
      <simpleChoice identifier="C0">
        <span>
          <span>internal recruitment</span>
        </span>
      </simpleChoice>
      <simpleChoice identifier="C1">
        <span>
          <span>external recruitment</span>
        </span>
      </simpleChoice>
      <simpleChoice identifier="C2">
        <span>
          <span>an employee referral program</span>
        </span>
      </simpleChoice>
      <simpleChoice identifier="C3">
        <span>
          <span>a situation-wanted recruitment approach</span>
        </span>
      </simpleChoice>
    </choiceInteraction>
  </itemBody>
  <responseProcessing>
    <responseCondition>
      <responseIf>
        <match>
          <variable identifier="RESPONSE" />
          <correct identifier="RESPONSE" />
        </match>
        <setOutcomeValue identifier="SCORE">
          <baseValue baseType="integer">1</baseValue>
        </setOutcomeValue>
      </responseIf>
      <responseElse>
        <setOutcomeValue identifier="SCORE">
          <baseValue baseType="integer">0</baseValue>
        </setOutcomeValue>
      </responseElse>
    </responseCondition>
  </responseProcessing>
</assessmentItem>