﻿<?xml version="1.0" encoding="UTF-8"?>
<assessmentItem xmlns:xsi="http://www.w3.org/2001/XMLSchema-instance" xmlns="http://www.imsglobal.org/xsd/imsqti_v2p1" xsi:schemaLocation="http://www.imsglobal.org/xsd/imsqti_v2p1 http://www.imsglobal.org/xsd/qti/qtiv2p1/imsqti_v2p1p2.xsd" identifier="test-item18" title="Bastion Manufacturing plans to start a formal employee referral program in which employees referring an applicant will get an incentive. According to research, which of the following incentives would result in the most employee referrals?" adaptive="false" timeDependent="false">
  <responseDeclaration identifier="RESPONSE" cardinality="single" baseType="identifier">
    <correctResponse>
      <value>C3</value>
    </correctResponse>
  </responseDeclaration>
  <outcomeDeclaration identifier="SCORE" cardinality="single" baseType="integer" />
  <itemBody>
    <choiceInteraction responseIdentifier="RESPONSE" shuffle="true" maxChoices="1">
      <prompt>
        <span>
          <span>Bastion Manufacturing plans to start a formal employee referral program in which employees referring an applicant will get an incentive. According to research, which of the following incentives would result in the most employee referrals?</span>
        </span>
      </prompt>
      <simpleChoice identifier="C0">
        <span>
          <span>A $250 savings bond</span>
        </span>
      </simpleChoice>
      <simpleChoice identifier="C1">
        <span>
          <span>$1,000 in cash</span>
        </span>
      </simpleChoice>
      <simpleChoice identifier="C2">
        <span>
          <span>A two-day vacation</span>
        </span>
      </simpleChoice>
      <simpleChoice identifier="C3">
        <span>
          <span>None of these; the size of incentive doesn't matter</span>
        </span>
      </simpleChoice>
    </choiceInteraction>
  </itemBody>
  <responseProcessing>
    <responseCondition>
      <responseIf>
        <match>
          <variable identifier="RESPONSE" />
          <correct identifier="RESPONSE" />
        </match>
        <setOutcomeValue identifier="SCORE">
          <baseValue baseType="integer">1</baseValue>
        </setOutcomeValue>
      </responseIf>
      <responseElse>
        <setOutcomeValue identifier="SCORE">
          <baseValue baseType="integer">0</baseValue>
        </setOutcomeValue>
      </responseElse>
    </responseCondition>
  </responseProcessing>
</assessmentItem>