﻿<?xml version="1.0" encoding="UTF-8"?>
<assessmentItem xmlns:xsi="http://www.w3.org/2001/XMLSchema-instance" xmlns="http://www.imsglobal.org/xsd/imsqti_v2p1" xsi:schemaLocation="http://www.imsglobal.org/xsd/imsqti_v2p1 http://www.imsglobal.org/xsd/qti/qtiv2p1/imsqti_v2p1p2.xsd" identifier="test-item37" title="A good example of a _______ interview question is &amp;quot;Your r&amp;#233;sum&amp;#233; says that you worked for the AMFAM Club, what is that?&amp;quot;" adaptive="false" timeDependent="false">
  <responseDeclaration identifier="RESPONSE" cardinality="single" baseType="identifier">
    <correctResponse>
      <value>C3</value>
    </correctResponse>
  </responseDeclaration>
  <outcomeDeclaration identifier="SCORE" cardinality="single" baseType="integer" />
  <itemBody>
    <choiceInteraction responseIdentifier="RESPONSE" shuffle="true" maxChoices="1">
      <prompt>
        <span>
          <span>A good example of a _______ interview question is "Your résumé says that you worked for the AMFAM Club, what is that?"</span>
        </span>
      </prompt>
      <simpleChoice identifier="C0">
        <span>
          <span>skill level determining</span>
        </span>
      </simpleChoice>
      <simpleChoice identifier="C1">
        <span>
          <span>past focused</span>
        </span>
      </simpleChoice>
      <simpleChoice identifier="C2">
        <span>
          <span>future focused</span>
        </span>
      </simpleChoice>
      <simpleChoice identifier="C3">
        <span>
          <span>clarifying</span>
        </span>
      </simpleChoice>
    </choiceInteraction>
  </itemBody>
  <responseProcessing>
    <responseCondition>
      <responseIf>
        <match>
          <variable identifier="RESPONSE" />
          <correct identifier="RESPONSE" />
        </match>
        <setOutcomeValue identifier="SCORE">
          <baseValue baseType="integer">1</baseValue>
        </setOutcomeValue>
      </responseIf>
      <responseElse>
        <setOutcomeValue identifier="SCORE">
          <baseValue baseType="integer">0</baseValue>
        </setOutcomeValue>
      </responseElse>
    </responseCondition>
  </responseProcessing>
</assessmentItem>