﻿<?xml version="1.0" encoding="UTF-8"?>
<assessmentItem xmlns:xsi="http://www.w3.org/2001/XMLSchema-instance" xmlns="http://www.imsglobal.org/xsd/imsqti_v2p1" xsi:schemaLocation="http://www.imsglobal.org/xsd/imsqti_v2p1 http://www.imsglobal.org/xsd/qti/qtiv2p1/imsqti_v2p1p2.xsd" identifier="test-item52" title="What are the common Internet-based recruiting methods?" adaptive="false" timeDependent="false">
  <responseDeclaration identifier="RESPONSE" cardinality="single" baseType="string" />
  <itemBody>
    <extendedTextInteraction responseIdentifier="RESPONSE" expectedLength="1000">
      <prompt>
        <span>
          <span>What are the common Internet-based recruiting methods?</span>
        </span>
      </prompt>
    </extendedTextInteraction>
  </itemBody>
</assessmentItem>