﻿<?xml version="1.0" encoding="UTF-8"?>
<assessmentItem xmlns:xsi="http://www.w3.org/2001/XMLSchema-instance" xmlns="http://www.imsglobal.org/xsd/imsqti_v2p1" xsi:schemaLocation="http://www.imsglobal.org/xsd/imsqti_v2p1 http://www.imsglobal.org/xsd/qti/qtiv2p1/imsqti_v2p1p2.xsd" identifier="test-item56" title="What are the three characteristics of effective r&amp;#233;sum&amp;#233;s?" adaptive="false" timeDependent="false">
  <responseDeclaration identifier="RESPONSE" cardinality="single" baseType="string" />
  <itemBody>
    <extendedTextInteraction responseIdentifier="RESPONSE" expectedLength="1000">
      <prompt>
        <span>
          <span>What are the three characteristics of effective résumés?</span>
        </span>
      </prompt>
    </extendedTextInteraction>
  </itemBody>
</assessmentItem>